Name,"Modified Time","Change Time","Access Time","Created Time",Size,"Flags(Dir)","Flags(Meta)",Known,Location,"MD5 Hash","SHA-256 Hash","MIME Type",Extension
"org.openoffice.FirstStartWizard.dat","0000-00-00 00:00:00","0000-00-00 00:00:00","0000-00-00 00:00:00","0000-00-00 00:00:00",0,Unallocated,,unknown,"/img_jo-2009-11-16.E01/vol_vol2/Documents and Settings/Administrator/Application Data/OpenOffice.org/3/user/registry/cache/org.openoffice.FirstStartWizard.dat",,,application/octet-stream,dat
29,"0000-00-00 00:00:00","0000-00-00 00:00:00","0000-00-00 00:00:00","0000-00-00 00:00:00",0,Unallocated,,unknown,"/img_jo-2009-11-16.E01/vol_vol2/Documents and Settings/Administrator/Application Data/Sun/Java/Deployment/cache/6.0/29",,,application/octet-stream,
sp1033.MST,"0000-00-00 00:00:00","0000-00-00 00:00:00","0000-00-00 00:00:00","0000-00-00 00:00:00",0,Unallocated,,unknown,"/img_jo-2009-11-16.E01/vol_vol2/Documents and Settings/Administrator/Application Data/Sun/Java/jre1.6.0_17/sp1033.MST",,,application/octet-stream,mst
sp1033.MST,"2009-11-10 03:28:09 EET","2009-11-10 03:31:49 EET","2009-11-10 03:28:46 EET","2009-11-10 03:28:02 EET",5199360,Unallocated,Allocated,unknown,"/img_jo-2009-11-16.E01/vol_vol2/Documents and Settings/Administrator/Application Data/Sun/Java/jre1.6.0_17/sp1033.MST",,,"application/x-ms-installer",mst
"administrator@www.microsoft[1].txt","0000-00-00 00:00:00","0000-00-00 00:00:00","0000-00-00 00:00:00","0000-00-00 00:00:00",0,Unallocated,,unknown,"/img_jo-2009-11-16.E01/vol_vol2/Documents and Settings/Administrator/Cookies/administrator@www.microsoft[1].txt",,,application/octet-stream,txt
"administrator@www.msn[2].txt","0000-00-00 00:00:00","0000-00-00 00:00:00","0000-00-00 00:00:00","0000-00-00 00:00:00",0,Unallocated,,unknown,"/img_jo-2009-11-16.E01/vol_vol2/Documents and Settings/Administrator/Cookies/administrator@www.msn[2].txt",,,application/octet-stream,txt
"Windows Media.url","0000-00-00 00:00:00","0000-00-00 00:00:00","0000-00-00 00:00:00","0000-00-00 00:00:00",0,Unallocated,,unknown,"/img_jo-2009-11-16.E01/vol_vol2/Documents and Settings/Administrator/Favorites/Links/Windows Media.url",,,application/octet-stream,url
"{45D3DB4F-CD92-11DE-9E6B-000BDB6358A6}.dat","0000-00-00 00:00:00","0000-00-00 00:00:00","0000-00-00 00:00:00","0000-00-00 00:00:00",0,Unallocated,,unknown,"/img_jo-2009-11-16.E01/vol_vol2/Documents and Settings/Administrator/Local Settings/Application Data/Microsoft/Internet Explorer/Recovery/Active/{45D3DB4F-CD92-11DE-9E6B-000BDB6358A6}.dat",,,application/octet-stream,dat
WMSDKNS.XML.bak,"0000-00-00 00:00:00","0000-00-00 00:00:00","0000-00-00 00:00:00","0000-00-00 00:00:00",0,Unallocated,,unknown,"/img_jo-2009-11-16.E01/vol_vol2/Documents and Settings/Administrator/Local Settings/Application Data/Microsoft/Windows Media/9.0/WMSDKNS.XML.bak",,,application/octet-stream,bak
license_zh.htm,"0000-00-00 00:00:00","0000-00-00 00:00:00","0000-00-00 00:00:00","0000-00-00 00:00:00",0,Unallocated,,unknown,"/img_jo-2009-11-16.E01/vol_vol2/Documents and Settings/Administrator/Local Settings/Temp/AVGDownloadManager/packages/65/license_zh.htm",,,application/octet-stream,htm
box_top_red.gif,"0000-00-00 00:00:00","0000-00-00 00:00:00","0000-00-00 00:00:00","0000-00-00 00:00:00",0,Unallocated,,unknown,"/img_jo-2009-11-16.E01/vol_vol2/Documents and Settings/Administrator/Local Settings/Temp/AVGDownloadManager/packages/65/box_top_red.gif",,,application/octet-stream,gif
8,"0000-00-00 00:00:00","0000-00-00 00:00:00","0000-00-00 00:00:00","0000-00-00 00:00:00",0,Unallocated,,unknown,"/img_jo-2009-11-16.E01/vol_vol2/Documents and Settings/Administrator/Local Settings/Temp/AVGDownloadManager/packages/8",,,application/octet-stream,
"avgdm90_pro_0700_027.pack","0000-00-00 00:00:00","0000-00-00 00:00:00","0000-00-00 00:00:00","0000-00-00 00:00:00",0,Unallocated,,unknown,"/img_jo-2009-11-16.E01/vol_vol2/Documents and Settings/Administrator/Local Settings/Temp/AVGDownloadManager/packages/avgdm90_pro_0700_027.pack",,,application/octet-stream,pack
~DF28B6.tmp,"0000-00-00 00:00:00","0000-00-00 00:00:00","0000-00-00 00:00:00","0000-00-00 00:00:00",0,Unallocated,,unknown,"/img_jo-2009-11-16.E01/vol_vol2/Documents and Settings/Administrator/Local Settings/Temp/~DF28B6.tmp",,,application/octet-stream,tmp
~DF28DA.tmp,"0000-00-00 00:00:00","0000-00-00 00:00:00","0000-00-00 00:00:00","0000-00-00 00:00:00",0,Unallocated,,unknown,"/img_jo-2009-11-16.E01/vol_vol2/Documents and Settings/Administrator/Local Settings/Temp/~DF28DA.tmp",,,application/octet-stream,tmp
~DF2ED9.tmp,"0000-00-00 00:00:00","0000-00-00 00:00:00","0000-00-00 00:00:00","0000-00-00 00:00:00",0,Unallocated,,unknown,"/img_jo-2009-11-16.E01/vol_vol2/Documents and Settings/Administrator/Local Settings/Temp/~DF2ED9.tmp",,,application/octet-stream,tmp
~DF312E.tmp,"0000-00-00 00:00:00","0000-00-00 00:00:00","0000-00-00 00:00:00","0000-00-00 00:00:00",0,Unallocated,,unknown,"/img_jo-2009-11-16.E01/vol_vol2/Documents and Settings/Administrator/Local Settings/Temp/~DF312E.tmp",,,application/octet-stream,tmp
~DF3487.tmp,"0000-00-00 00:00:00","0000-00-00 00:00:00","0000-00-00 00:00:00","0000-00-00 00:00:00",0,Unallocated,,unknown,"/img_jo-2009-11-16.E01/vol_vol2/Documents and Settings/Administrator/Local Settings/Temp/~DF3487.tmp",,,application/octet-stream,tmp
~DF349A.tmp,"0000-00-00 00:00:00","0000-00-00 00:00:00","0000-00-00 00:00:00","0000-00-00 00:00:00",0,Unallocated,,unknown,"/img_jo-2009-11-16.E01/vol_vol2/Documents and Settings/Administrator/Local Settings/Temp/~DF349A.tmp",,,application/octet-stream,tmp
~DF34F5.tmp,"0000-00-00 00:00:00","0000-00-00 00:00:00","0000-00-00 00:00:00","0000-00-00 00:00:00",0,Unallocated,,unknown,"/img_jo-2009-11-16.E01/vol_vol2/Documents and Settings/Administrator/Local Settings/Temp/~DF34F5.tmp",,,application/octet-stream,tmp
~DF4A76.tmp,"0000-00-00 00:00:00","0000-00-00 00:00:00","0000-00-00 00:00:00","0000-00-00 00:00:00",0,Unallocated,,unknown,"/img_jo-2009-11-16.E01/vol_vol2/Documents and Settings/Administrator/Local Settings/Temp/~DF4A76.tmp",,,application/octet-stream,tmp
~DF4BD2.tmp,"0000-00-00 00:00:00","0000-00-00 00:00:00","0000-00-00 00:00:00","0000-00-00 00:00:00",0,Unallocated,,unknown,"/img_jo-2009-11-16.E01/vol_vol2/Documents and Settings/Administrator/Local Settings/Temp/~DF4BD2.tmp",,,application/octet-stream,tmp
~DFC892.tmp,"0000-00-00 00:00:00","0000-00-00 00:00:00","0000-00-00 00:00:00","0000-00-00 00:00:00",0,Unallocated,,unknown,"/img_jo-2009-11-16.E01/vol_vol2/Documents and Settings/Administrator/Local Settings/Temp/~DFC892.tmp",,,application/octet-stream,tmp
~DFD76D.tmp,"0000-00-00 00:00:00","0000-00-00 00:00:00","0000-00-00 00:00:00","0000-00-00 00:00:00",0,Unallocated,,unknown,"/img_jo-2009-11-16.E01/vol_vol2/Documents and Settings/Administrator/Local Settings/Temp/~DFD76D.tmp",,,application/octet-stream,tmp
~DFDABA.tmp,"0000-00-00 00:00:00","0000-00-00 00:00:00","0000-00-00 00:00:00","0000-00-00 00:00:00",0,Unallocated,,unknown,"/img_jo-2009-11-16.E01/vol_vol2/Documents and Settings/Administrator/Local Settings/Temp/~DFDABA.tmp",,,application/octet-stream,tmp
~DFD76D.tmp,"0000-00-00 00:00:00","0000-00-00 00:00:00","0000-00-00 00:00:00","0000-00-00 00:00:00",0,Unallocated,,unknown,"/img_jo-2009-11-16.E01/vol_vol2/Documents and Settings/Administrator/Local Settings/Temp/~DFD76D.tmp",,,application/octet-stream,tmp
secondary[1].gif,"0000-00-00 00:00:00","0000-00-00 00:00:00","0000-00-00 00:00:00","0000-00-00 00:00:00",0,Unallocated,,unknown,"/img_jo-2009-11-16.E01/vol_vol2/Documents and Settings/Administrator/Local Settings/Temporary Internet Files/Content.IE5/7F4YU7SD/secondary[1].gif",,,application/octet-stream,gif
content[1].js,"0000-00-00 00:00:00","0000-00-00 00:00:00","0000-00-00 00:00:00","0000-00-00 00:00:00",0,Unallocated,,unknown,"/img_jo-2009-11-16.E01/vol_vol2/Documents and Settings/Administrator/Local Settings/Temporary Internet Files/Content.IE5/7F4YU7SD/content[1].js",,,application/octet-stream,js
au_button_middle[1].gif,"0000-00-00 00:00:00","0000-00-00 00:00:00","0000-00-00 00:00:00","0000-00-00 00:00:00",0,Unallocated,,unknown,"/img_jo-2009-11-16.E01/vol_vol2/Documents and Settings/Administrator/Local Settings/Temporary Internet Files/Content.IE5/EGJBGFJG/au_button_middle[1].gif",,,application/octet-stream,gif
au_button_right[1].gif,"0000-00-00 00:00:00","0000-00-00 00:00:00","0000-00-00 00:00:00","0000-00-00 00:00:00",0,Unallocated,,unknown,"/img_jo-2009-11-16.E01/vol_vol2/Documents and Settings/Administrator/Local Settings/Temporary Internet Files/Content.IE5/EGJBGFJG/au_button_right[1].gif",,,application/octet-stream,gif
banner-bg[1].jpg,"0000-00-00 00:00:00","0000-00-00 00:00:00","0000-00-00 00:00:00","0000-00-00 00:00:00",0,Unallocated,,unknown,"/img_jo-2009-11-16.E01/vol_vol2/Documents and Settings/Administrator/Local Settings/Temporary Internet Files/Content.IE5/EGJBGFJG/banner-bg[1].jpg",,,application/octet-stream,jpg
tgar[2].js,"0000-00-00 00:00:00","0000-00-00 00:00:00","0000-00-00 00:00:00","0000-00-00 00:00:00",0,Unallocated,,unknown,"/img_jo-2009-11-16.E01/vol_vol2/Documents and Settings/Administrator/Local Settings/Temporary Internet Files/Content.IE5/EGJBGFJG/tgar[2].js",,,application/octet-stream,js
toc[1].css,"0000-00-00 00:00:00","0000-00-00 00:00:00","0000-00-00 00:00:00","0000-00-00 00:00:00",0,Unallocated,,unknown,"/img_jo-2009-11-16.E01/vol_vol2/Documents and Settings/Administrator/Local Settings/Temporary Internet Files/Content.IE5/EGJBGFJG/toc[1].css",,,application/octet-stream,css
au_bg_rightmiddle[1].gif,"0000-00-00 00:00:00","0000-00-00 00:00:00","0000-00-00 00:00:00","0000-00-00 00:00:00",0,Unallocated,,unknown,"/img_jo-2009-11-16.E01/vol_vol2/Documents and Settings/Administrator/Local Settings/Temporary Internet Files/Content.IE5/EGJBGFJG/au_bg_rightmiddle[1].gif",,,application/octet-stream,gif
arrow[1].gif,"0000-00-00 00:00:00","0000-00-00 00:00:00","0000-00-00 00:00:00","0000-00-00 00:00:00",0,Unallocated,,unknown,"/img_jo-2009-11-16.E01/vol_vol2/Documents and Settings/Administrator/Local Settings/Temporary Internet Files/Content.IE5/N2GK2TA1/arrow[1].gif",,,application/octet-stream,gif
au_bg_leftbottom[1].gif,"0000-00-00 00:00:00","0000-00-00 00:00:00","0000-00-00 00:00:00","0000-00-00 00:00:00",0,Unallocated,,unknown,"/img_jo-2009-11-16.E01/vol_vol2/Documents and Settings/Administrator/Local Settings/Temporary Internet Files/Content.IE5/N2GK2TA1/au_bg_leftbottom[1].gif",,,application/octet-stream,gif
au_bg_rightmiddle[1].gif,"0000-00-00 00:00:00","0000-00-00 00:00:00","0000-00-00 00:00:00","0000-00-00 00:00:00",0,Unallocated,,unknown,"/img_jo-2009-11-16.E01/vol_vol2/Documents and Settings/Administrator/Local Settings/Temporary Internet Files/Content.IE5/N2GK2TA1/au_bg_rightmiddle[1].gif",,,application/octet-stream,gif
au_shieldred[1].gif,"0000-00-00 00:00:00","0000-00-00 00:00:00","0000-00-00 00:00:00","0000-00-00 00:00:00",0,Unallocated,,unknown,"/img_jo-2009-11-16.E01/vol_vol2/Documents and Settings/Administrator/Local Settings/Temporary Internet Files/Content.IE5/N2GK2TA1/au_shieldred[1].gif",,,application/octet-stream,gif
blank[1].aspx,"2009-11-10 02:44:58 EET","2009-11-10 02:44:58 EET","2009-11-10 02:44:58 EET","2009-11-10 02:44:58 EET",50,Unallocated,Allocated,unknown,"/img_jo-2009-11-16.E01/vol_vol2/Documents and Settings/Administrator/Local Settings/Temporary Internet Files/Content.IE5/N2GK2TA1/blank[1].aspx",,,"application/xhtml+xml",aspx
"news_bg_bottommiddle[1].gif","0000-00-00 00:00:00","0000-00-00 00:00:00","0000-00-00 00:00:00","0000-00-00 00:00:00",0,Unallocated,,unknown,"/img_jo-2009-11-16.E01/vol_vol2/Documents and Settings/Administrator/Local Settings/Temporary Internet Files/Content.IE5/N2GK2TA1/news_bg_bottommiddle[1].gif",,,application/octet-stream,gif
"news_bg_rightbottom[1].gif","0000-00-00 00:00:00","0000-00-00 00:00:00","0000-00-00 00:00:00","0000-00-00 00:00:00",0,Unallocated,,unknown,"/img_jo-2009-11-16.E01/vol_vol2/Documents and Settings/Administrator/Local Settings/Temporary Internet Files/Content.IE5/N2GK2TA1/news_bg_rightbottom[1].gif",,,application/octet-stream,gif
news_info[1].gif,"0000-00-00 00:00:00","0000-00-00 00:00:00","0000-00-00 00:00:00","0000-00-00 00:00:00",0,Unallocated,,unknown,"/img_jo-2009-11-16.E01/vol_vol2/Documents and Settings/Administrator/Local Settings/Temporary Internet Files/Content.IE5/N2GK2TA1/news_info[1].gif",,,application/octet-stream,gif
"hdr_expressresults_left[1].jpg","0000-00-00 00:00:00","0000-00-00 00:00:00","0000-00-00 00:00:00","0000-00-00 00:00:00",0,Unallocated,,unknown,"/img_jo-2009-11-16.E01/vol_vol2/Documents and Settings/Administrator/Local Settings/Temporary Internet Files/Content.IE5/N2GK2TA1/hdr_expressresults_left[1].jpg",,,application/octet-stream,jpg
hdr_welcome[1].jpg,"0000-00-00 00:00:00","0000-00-00 00:00:00","0000-00-00 00:00:00","0000-00-00 00:00:00",0,Unallocated,,unknown,"/img_jo-2009-11-16.E01/vol_vol2/Documents and Settings/Administrator/Local Settings/Temporary Internet Files/Content.IE5/N2GK2TA1/hdr_welcome[1].jpg",,,application/octet-stream,jpg
ig_WebGrid[2].js,"0000-00-00 00:00:00","0000-00-00 00:00:00","0000-00-00 00:00:00","0000-00-00 00:00:00",0,Unallocated,,unknown,"/img_jo-2009-11-16.E01/vol_vol2/Documents and Settings/Administrator/Local Settings/Temporary Internet Files/Content.IE5/N2GK2TA1/ig_WebGrid[2].js",,,application/octet-stream,js
oo[1].gif,"0000-00-00 00:00:00","0000-00-00 00:00:00","0000-00-00 00:00:00","0000-00-00 00:00:00",0,Unallocated,,unknown,"/img_jo-2009-11-16.E01/vol_vol2/Documents and Settings/Administrator/Local Settings/Temporary Internet Files/Content.IE5/YX6N8K1L/oo[1].gif",,,application/octet-stream,gif
bg_img_line[1].gif,"0000-00-00 00:00:00","0000-00-00 00:00:00","0000-00-00 00:00:00","0000-00-00 00:00:00",0,Unallocated,,unknown,"/img_jo-2009-11-16.E01/vol_vol2/Documents and Settings/Administrator/Local Settings/Temporary Internet Files/Content.IE5/YX6N8K1L/bg_img_line[1].gif",,,application/octet-stream,gif
"TMP4352$.TMP","0000-00-00 00:00:00","0000-00-00 00:00:00","0000-00-00 00:00:00","0000-00-00 00:00:00",0,Unallocated,,unknown,"/img_jo-2009-11-16.E01/vol_vol2/Documents and Settings/Administrator/My Documents/TMP4352$.TMP",,,application/octet-stream,tmp
sc2.bin.temp,"0000-00-00 00:00:00","0000-00-00 00:00:00","0000-00-00 00:00:00","0000-00-00 00:00:00",0,Unallocated,,unknown,"/img_jo-2009-11-16.E01/vol_vol2/Documents and Settings/All Users/Application Data/avg9/Antispam/sc2.bin.temp",,,application/octet-stream,temp
sc2.bin.temp.bak,"0000-00-00 00:00:00","0000-00-00 00:00:00","0000-00-00 00:00:00","0000-00-00 00:00:00",0,Unallocated,,unknown,"/img_jo-2009-11-16.E01/vol_vol2/Documents and Settings/All Users/Application Data/avg9/Antispam/sc2.bin.temp.bak",,,application/octet-stream,bak
"sc17.bin.incr.2009.11.16.00.01.02.lkr1","0000-00-00 00:00:00","0000-00-00 00:00:00","0000-00-00 00:00:00","0000-00-00 00:00:00",0,Unallocated,,unknown,"/img_jo-2009-11-16.E01/vol_vol2/Documents and Settings/All Users/Application Data/avg9/Antispam/sc17.bin.incr.2009.11.16.00.01.02.lkr1",,,application/octet-stream,lkr1
"sc17.bin.incr.2009.11.16.07.01.01","0000-00-00 00:00:00","0000-00-00 00:00:00","0000-00-00 00:00:00","0000-00-00 00:00:00",0,Unallocated,,unknown,"/img_jo-2009-11-16.E01/vol_vol2/Documents and Settings/All Users/Application Data/avg9/Antispam/sc17.bin.incr.2009.11.16.07.01.01",,,application/octet-stream,01
"sc17.bin.incr.2009.11.16.08.01.01a00680","2009-11-16 19:19:05 EET","2009-11-16 19:19:05 EET","2009-11-17 02:19:03 EET","2009-11-16 19:19:05 EET",112,Unallocated,Allocated,unknown,"/img_jo-2009-11-16.E01/vol_vol2/Documents and Settings/All Users/Application Data/avg9/Antispam/sc17.bin.incr.2009.11.16.08.01.01a00680",,,application/octet-stream,01a00680
"sc17.bin.incr.2009.11.16.13.00.59.lkr1","0000-00-00 00:00:00","0000-00-00 00:00:00","0000-00-00 00:00:00","0000-00-00 00:00:00",0,Unallocated,,unknown,"/img_jo-2009-11-16.E01/vol_vol2/Documents and Settings/All Users/Application Data/avg9/Antispam/sc17.bin.incr.2009.11.16.13.00.59.lkr1",,,application/octet-stream,lkr1
"sc17.bin.incr.2009.11.05.12.01.01.lkr1","0000-00-00 00:00:00","0000-00-00 00:00:00","0000-00-00 00:00:00","0000-00-00 00:00:00",0,Unallocated,,unknown,"/img_jo-2009-11-16.E01/vol_vol2/Documents and Settings/All Users/Application Data/avg9/Antispam/sc17.bin.incr.2009.11.05.12.01.01.lkr1",,,application/octet-stream,lkr1
"sc17.bin.incr.2009.11.05.20.00.58","0000-00-00 00:00:00","0000-00-00 00:00:00","0000-00-00 00:00:00","0000-00-00 00:00:00",0,Unallocated,,unknown,"/img_jo-2009-11-16.E01/vol_vol2/Documents and Settings/All Users/Application Data/avg9/Antispam/sc17.bin.incr.2009.11.05.20.00.58",,,application/octet-stream,58
"sc17.bin.incr.2009.11.06.02.01.00.lkr1","0000-00-00 00:00:00","0000-00-00 00:00:00","0000-00-00 00:00:00","0000-00-00 00:00:00",0,Unallocated,,unknown,"/img_jo-2009-11-16.E01/vol_vol2/Documents and Settings/All Users/Application Data/avg9/Antispam/sc17.bin.incr.2009.11.06.02.01.00.lkr1",,,application/octet-stream,lkr1
"sc17.bin.incr.2009.11.06.10.01.00","0000-00-00 00:00:00","0000-00-00 00:00:00","0000-00-00 00:00:00","0000-00-00 00:00:00",0,Unallocated,,unknown,"/img_jo-2009-11-16.E01/vol_vol2/Documents and Settings/All Users/Application Data/avg9/Antispam/sc17.bin.incr.2009.11.06.10.01.00",,,application/octet-stream,00
"sc17.bin.incr.2009.11.07.04.01.01","0000-00-00 00:00:00","0000-00-00 00:00:00","0000-00-00 00:00:00","0000-00-00 00:00:00",0,Unallocated,,unknown,"/img_jo-2009-11-16.E01/vol_vol2/Documents and Settings/All Users/Application Data/avg9/Antispam/sc17.bin.incr.2009.11.07.04.01.01",,,application/octet-stream,01
scdns.bin,"0000-00-00 00:00:00","0000-00-00 00:00:00","0000-00-00 00:00:00","0000-00-00 00:00:00",0,Unallocated,,unknown,"/img_jo-2009-11-16.E01/vol_vol2/Documents and Settings/All Users/Application Data/avg9/Antispam/scdns.bin",,,application/octet-stream,bin
"sc17.bin.full.2009.11.15.12.22.20","0000-00-00 00:00:00","0000-00-00 00:00:00","0000-00-00 00:00:00","0000-00-00 00:00:00",0,Unallocated,,unknown,"/img_jo-2009-11-16.E01/vol_vol2/Documents and Settings/All Users/Application Data/avg9/Antispam/sc17.bin.full.2009.11.15.12.22.20",,,application/octet-stream,20
"sc17.bin.incr.2009.11.09.23.01.01.lkr1","0000-00-00 00:00:00","0000-00-00 00:00:00","0000-00-00 00:00:00","0000-00-00 00:00:00",0,Unallocated,,unknown,"/img_jo-2009-11-16.E01/vol_vol2/Documents and Settings/All Users/Application Data/avg9/Antispam/sc17.bin.incr.2009.11.09.23.01.01.lkr1",,,application/octet-stream,lkr1
"sc17.bin.incr.2009.11.10.00.00.59.lkr1","0000-00-00 00:00:00","0000-00-00 00:00:00","0000-00-00 00:00:00","0000-00-00 00:00:00",0,Unallocated,,unknown,"/img_jo-2009-11-16.E01/vol_vol2/Documents and Settings/All Users/Application Data/avg9/Antispam/sc17.bin.incr.2009.11.10.00.00.59.lkr1",,,application/octet-stream,lkr1
"sc17.bin.incr.2009.11.10.01.01.01","0000-00-00 00:00:00","0000-00-00 00:00:00","0000-00-00 00:00:00","0000-00-00 00:00:00",0,Unallocated,,unknown,"/img_jo-2009-11-16.E01/vol_vol2/Documents and Settings/All Users/Application Data/avg9/Antispam/sc17.bin.incr.2009.11.10.01.01.01",,,application/octet-stream,01
"sc17.bin.incr.2009.11.10.01.01.01.lkr1","0000-00-00 00:00:00","0000-00-00 00:00:00","0000-00-00 00:00:00","0000-00-00 00:00:00",0,Unallocated,,unknown,"/img_jo-2009-11-16.E01/vol_vol2/Documents and Settings/All Users/Application Data/avg9/Antispam/sc17.bin.incr.2009.11.10.01.01.01.lkr1",,,application/octet-stream,lkr1
"sc17.bin.incr.2009.11.10.02.00.59","0000-00-00 00:00:00","0000-00-00 00:00:00","0000-00-00 00:00:00","0000-00-00 00:00:00",0,Unallocated,,unknown,"/img_jo-2009-11-16.E01/vol_vol2/Documents and Settings/All Users/Application Data/avg9/Antispam/sc17.bin.incr.2009.11.10.02.00.59",,,application/octet-stream,59
"sc17.bin.incr.2009.11.10.02.00.59.lkr1","0000-00-00 00:00:00","0000-00-00 00:00:00","0000-00-00 00:00:00","0000-00-00 00:00:00",0,Unallocated,,unknown,"/img_jo-2009-11-16.E01/vol_vol2/Documents and Settings/All Users/Application Data/avg9/Antispam/sc17.bin.incr.2009.11.10.02.00.59.lkr1",,,application/octet-stream,lkr1
"sc17.bin.incr.2009.11.10.04.00.59","0000-00-00 00:00:00","0000-00-00 00:00:00","0000-00-00 00:00:00","0000-00-00 00:00:00",0,Unallocated,,unknown,"/img_jo-2009-11-16.E01/vol_vol2/Documents and Settings/All Users/Application Data/avg9/Antispam/sc17.bin.incr.2009.11.10.04.00.59",,,application/octet-stream,59
"sc17.bin.incr.2009.11.10.04.00.59.lkr1","0000-00-00 00:00:00","0000-00-00 00:00:00","0000-00-00 00:00:00","0000-00-00 00:00:00",0,Unallocated,,unknown,"/img_jo-2009-11-16.E01/vol_vol2/Documents and Settings/All Users/Application Data/avg9/Antispam/sc17.bin.incr.2009.11.10.04.00.59.lkr1",,,application/octet-stream,lkr1
"sc17.bin.incr.2009.11.10.05.01.01","0000-00-00 00:00:00","0000-00-00 00:00:00","0000-00-00 00:00:00","0000-00-00 00:00:00",0,Unallocated,,unknown,"/img_jo-2009-11-16.E01/vol_vol2/Documents and Settings/All Users/Application Data/avg9/Antispam/sc17.bin.incr.2009.11.10.05.01.01",,,application/octet-stream,01
"sc17.bin.incr.2009.11.10.05.01.01.lkr1","0000-00-00 00:00:00","0000-00-00 00:00:00","0000-00-00 00:00:00","0000-00-00 00:00:00",0,Unallocated,,unknown,"/img_jo-2009-11-16.E01/vol_vol2/Documents and Settings/All Users/Application Data/avg9/Antispam/sc17.bin.incr.2009.11.10.05.01.01.lkr1",,,application/octet-stream,lkr1
"sc17.bin.incr.2009.11.10.06.01.01","0000-00-00 00:00:00","0000-00-00 00:00:00","0000-00-00 00:00:00","0000-00-00 00:00:00",0,Unallocated,,unknown,"/img_jo-2009-11-16.E01/vol_vol2/Documents and Settings/All Users/Application Data/avg9/Antispam/sc17.bin.incr.2009.11.10.06.01.01",,,application/octet-stream,01
"sc17.bin.incr.2009.11.10.07.01.00a03968","0000-00-00 00:00:00","0000-00-00 00:00:00","0000-00-00 00:00:00","0000-00-00 00:00:00",0,Unallocated,,unknown,"/img_jo-2009-11-16.E01/vol_vol2/Documents and Settings/All Users/Application Data/avg9/Antispam/sc17.bin.incr.2009.11.10.07.01.00a03968",,,application/octet-stream,00a03968
"sc6.bin.full.2009.11.05.22.36.04","0000-00-00 00:00:00","0000-00-00 00:00:00","0000-00-00 00:00:00","0000-00-00 00:00:00",0,Unallocated,,unknown,"/img_jo-2009-11-16.E01/vol_vol2/Documents and Settings/All Users/Application Data/avg9/Antispam/sc6.bin.full.2009.11.05.22.36.04",,,application/octet-stream,04
"sc17.bin.incr.2009.11.10.07.01.00","0000-00-00 00:00:00","0000-00-00 00:00:00","0000-00-00 00:00:00","0000-00-00 00:00:00",0,Unallocated,,unknown,"/img_jo-2009-11-16.E01/vol_vol2/Documents and Settings/All Users/Application Data/avg9/Antispam/sc17.bin.incr.2009.11.10.07.01.00",,,application/octet-stream,00
"sc17.bin.incr.2009.11.10.08.01.01.lkr1","0000-00-00 00:00:00","0000-00-00 00:00:00","0000-00-00 00:00:00","0000-00-00 00:00:00",0,Unallocated,,unknown,"/img_jo-2009-11-16.E01/vol_vol2/Documents and Settings/All Users/Application Data/avg9/Antispam/sc17.bin.incr.2009.11.10.08.01.01.lkr1",,,application/octet-stream,lkr1
"sc17.bin.incr.2009.11.10.09.01.00","0000-00-00 00:00:00","0000-00-00 00:00:00","0000-00-00 00:00:00","0000-00-00 00:00:00",0,Unallocated,,unknown,"/img_jo-2009-11-16.E01/vol_vol2/Documents and Settings/All Users/Application Data/avg9/Antispam/sc17.bin.incr.2009.11.10.09.01.00",,,application/octet-stream,00
"sc17.bin.incr.2009.11.10.09.01.00.lkr1","0000-00-00 00:00:00","0000-00-00 00:00:00","0000-00-00 00:00:00","0000-00-00 00:00:00",0,Unallocated,,unknown,"/img_jo-2009-11-16.E01/vol_vol2/Documents and Settings/All Users/Application Data/avg9/Antispam/sc17.bin.incr.2009.11.10.09.01.00.lkr1",,,application/octet-stream,lkr1
"sc17.bin.incr.2009.11.10.10.00.59","0000-00-00 00:00:00","0000-00-00 00:00:00","0000-00-00 00:00:00","0000-00-00 00:00:00",0,Unallocated,,unknown,"/img_jo-2009-11-16.E01/vol_vol2/Documents and Settings/All Users/Application Data/avg9/Antispam/sc17.bin.incr.2009.11.10.10.00.59",,,application/octet-stream,59
"sc17.bin.incr.2009.11.10.10.00.59.lkr1","0000-00-00 00:00:00","0000-00-00 00:00:00","0000-00-00 00:00:00","0000-00-00 00:00:00",0,Unallocated,,unknown,"/img_jo-2009-11-16.E01/vol_vol2/Documents and Settings/All Users/Application Data/avg9/Antispam/sc17.bin.incr.2009.11.10.10.00.59.lkr1",,,application/octet-stream,lkr1
"sc17.bin.incr.2009.11.10.11.01.00","0000-00-00 00:00:00","0000-00-00 00:00:00","0000-00-00 00:00:00","0000-00-00 00:00:00",0,Unallocated,,unknown,"/img_jo-2009-11-16.E01/vol_vol2/Documents and Settings/All Users/Application Data/avg9/Antispam/sc17.bin.incr.2009.11.10.11.01.00",,,application/octet-stream,00
"sc17.bin.incr.2009.11.10.11.01.00.lkr1","0000-00-00 00:00:00","0000-00-00 00:00:00","0000-00-00 00:00:00","0000-00-00 00:00:00",0,Unallocated,,unknown,"/img_jo-2009-11-16.E01/vol_vol2/Documents and Settings/All Users/Application Data/avg9/Antispam/sc17.bin.incr.2009.11.10.11.01.00.lkr1",,,application/octet-stream,lkr1
"sc17.bin.incr.2009.11.10.12.01.01","0000-00-00 00:00:00","0000-00-00 00:00:00","0000-00-00 00:00:00","0000-00-00 00:00:00",0,Unallocated,,unknown,"/img_jo-2009-11-16.E01/vol_vol2/Documents and Settings/All Users/Application Data/avg9/Antispam/sc17.bin.incr.2009.11.10.12.01.01",,,application/octet-stream,01
"sc17.bin.incr.2009.11.10.13.01.01a01448","0000-00-00 00:00:00","0000-00-00 00:00:00","0000-00-00 00:00:00","0000-00-00 00:00:00",0,Unallocated,,unknown,"/img_jo-2009-11-16.E01/vol_vol2/Documents and Settings/All Users/Application Data/avg9/Antispam/sc17.bin.incr.2009.11.10.13.01.01a01448",,,application/octet-stream,01a01448
"sc17.bin.incr.2009.11.10.13.01.01.lkr1","0000-00-00 00:00:00","0000-00-00 00:00:00","0000-00-00 00:00:00","0000-00-00 00:00:00",0,Unallocated,,unknown,"/img_jo-2009-11-16.E01/vol_vol2/Documents and Settings/All Users/Application Data/avg9/Antispam/sc17.bin.incr.2009.11.10.13.01.01.lkr1",,,application/octet-stream,lkr1
"sc17.bin.incr.2009.11.10.14.01.00.lkr1","0000-00-00 00:00:00","0000-00-00 00:00:00","0000-00-00 00:00:00","0000-00-00 00:00:00",0,Unallocated,,unknown,"/img_jo-2009-11-16.E01/vol_vol2/Documents and Settings/All Users/Application Data/avg9/Antispam/sc17.bin.incr.2009.11.10.14.01.00.lkr1",,,application/octet-stream,lkr1
"sc17.bin.incr.2009.11.10.15.01.01","0000-00-00 00:00:00","0000-00-00 00:00:00","0000-00-00 00:00:00","0000-00-00 00:00:00",0,Unallocated,,unknown,"/img_jo-2009-11-16.E01/vol_vol2/Documents and Settings/All Users/Application Data/avg9/Antispam/sc17.bin.incr.2009.11.10.15.01.01",,,application/octet-stream,01
"sc17.bin.incr.2009.11.10.15.01.01.lkr1","0000-00-00 00:00:00","0000-00-00 00:00:00","0000-00-00 00:00:00","0000-00-00 00:00:00",0,Unallocated,,unknown,"/img_jo-2009-11-16.E01/vol_vol2/Documents and Settings/All Users/Application Data/avg9/Antispam/sc17.bin.incr.2009.11.10.15.01.01.lkr1",,,application/octet-stream,lkr1
"sc17.bin.incr.2009.11.10.16.01.00","0000-00-00 00:00:00","0000-00-00 00:00:00","0000-00-00 00:00:00","0000-00-00 00:00:00",0,Unallocated,,unknown,"/img_jo-2009-11-16.E01/vol_vol2/Documents and Settings/All Users/Application Data/avg9/Antispam/sc17.bin.incr.2009.11.10.16.01.00",,,application/octet-stream,00
"sc17.bin.incr.2009.11.10.16.01.00.lkr1","0000-00-00 00:00:00","0000-00-00 00:00:00","0000-00-00 00:00:00","0000-00-00 00:00:00",0,Unallocated,,unknown,"/img_jo-2009-11-16.E01/vol_vol2/Documents and Settings/All Users/Application Data/avg9/Antispam/sc17.bin.incr.2009.11.10.16.01.00.lkr1",,,application/octet-stream,lkr1
"sc17.bin.incr.2009.11.10.17.01.01","0000-00-00 00:00:00","0000-00-00 00:00:00","0000-00-00 00:00:00","0000-00-00 00:00:00",0,Unallocated,,unknown,"/img_jo-2009-11-16.E01/vol_vol2/Documents and Settings/All Users/Application Data/avg9/Antispam/sc17.bin.incr.2009.11.10.17.01.01",,,application/octet-stream,01
"sc17.bin.incr.2009.11.10.17.01.01.lkr1","0000-00-00 00:00:00","0000-00-00 00:00:00","0000-00-00 00:00:00","0000-00-00 00:00:00",0,Unallocated,,unknown,"/img_jo-2009-11-16.E01/vol_vol2/Documents and Settings/All Users/Application Data/avg9/Antispam/sc17.bin.incr.2009.11.10.17.01.01.lkr1",,,application/octet-stream,lkr1
"sc17.bin.incr.2009.11.10.20.00.59","0000-00-00 00:00:00","0000-00-00 00:00:00","0000-00-00 00:00:00","0000-00-00 00:00:00",0,Unallocated,,unknown,"/img_jo-2009-11-16.E01/vol_vol2/Documents and Settings/All Users/Application Data/avg9/Antispam/sc17.bin.incr.2009.11.10.20.00.59",,,application/octet-stream,59
"sc17.bin.incr.2009.11.10.20.00.59.lkr1","0000-00-00 00:00:00","0000-00-00 00:00:00","0000-00-00 00:00:00","0000-00-00 00:00:00",0,Unallocated,,unknown,"/img_jo-2009-11-16.E01/vol_vol2/Documents and Settings/All Users/Application Data/avg9/Antispam/sc17.bin.incr.2009.11.10.20.00.59.lkr1",,,application/octet-stream,lkr1
"sc17.bin.incr.2009.11.10.21.01.00","0000-00-00 00:00:00","0000-00-00 00:00:00","0000-00-00 00:00:00","0000-00-00 00:00:00",0,Unallocated,,unknown,"/img_jo-2009-11-16.E01/vol_vol2/Documents and Settings/All Users/Application Data/avg9/Antispam/sc17.bin.incr.2009.11.10.21.01.00",,,application/octet-stream,00
"sc17.bin.incr.2009.11.10.22.01.01","0000-00-00 00:00:00","0000-00-00 00:00:00","0000-00-00 00:00:00","0000-00-00 00:00:00",0,Unallocated,,unknown,"/img_jo-2009-11-16.E01/vol_vol2/Documents and Settings/All Users/Application Data/avg9/Antispam/sc17.bin.incr.2009.11.10.22.01.01",,,application/octet-stream,01
"sc17.bin.incr.2009.11.10.23.01.02.lkr1","0000-00-00 00:00:00","0000-00-00 00:00:00","0000-00-00 00:00:00","0000-00-00 00:00:00",0,Unallocated,,unknown,"/img_jo-2009-11-16.E01/vol_vol2/Documents and Settings/All Users/Application Data/avg9/Antispam/sc17.bin.incr.2009.11.10.23.01.02.lkr1",,,application/octet-stream,lkr1
"sc17.bin.incr.2009.11.11.00.01.01","0000-00-00 00:00:00","0000-00-00 00:00:00","0000-00-00 00:00:00","0000-00-00 00:00:00",0,Unallocated,,unknown,"/img_jo-2009-11-16.E01/vol_vol2/Documents and Settings/All Users/Application Data/avg9/Antispam/sc17.bin.incr.2009.11.11.00.01.01",,,application/octet-stream,01
"sc17.bin.incr.2009.11.11.00.01.01.lkr1","0000-00-00 00:00:00","0000-00-00 00:00:00","0000-00-00 00:00:00","0000-00-00 00:00:00",0,Unallocated,,unknown,"/img_jo-2009-11-16.E01/vol_vol2/Documents and Settings/All Users/Application Data/avg9/Antispam/sc17.bin.incr.2009.11.11.00.01.01.lkr1",,,application/octet-stream,lkr1
"sc17.bin.incr.2009.11.11.01.01.01","0000-00-00 00:00:00","0000-00-00 00:00:00","0000-00-00 00:00:00","0000-00-00 00:00:00",0,Unallocated,,unknown,"/img_jo-2009-11-16.E01/vol_vol2/Documents and Settings/All Users/Application Data/avg9/Antispam/sc17.bin.incr.2009.11.11.01.01.01",,,application/octet-stream,01
"sc17.bin.incr.2009.11.11.01.01.01.lkr1","0000-00-00 00:00:00","0000-00-00 00:00:00","0000-00-00 00:00:00","0000-00-00 00:00:00",0,Unallocated,,unknown,"/img_jo-2009-11-16.E01/vol_vol2/Documents and Settings/All Users/Application Data/avg9/Antispam/sc17.bin.incr.2009.11.11.01.01.01.lkr1",,,application/octet-stream,lkr1
"sc17.bin.incr.2009.11.11.02.00.59","0000-00-00 00:00:00","0000-00-00 00:00:00","0000-00-00 00:00:00","0000-00-00 00:00:00",0,Unallocated,,unknown,"/img_jo-2009-11-16.E01/vol_vol2/Documents and Settings/All Users/Application Data/avg9/Antispam/sc17.bin.incr.2009.11.11.02.00.59",,,application/octet-stream,59
"sc17.bin.incr.2009.11.11.02.00.59.lkr1","0000-00-00 00:00:00","0000-00-00 00:00:00","0000-00-00 00:00:00","0000-00-00 00:00:00",0,Unallocated,,unknown,"/img_jo-2009-11-16.E01/vol_vol2/Documents and Settings/All Users/Application Data/avg9/Antispam/sc17.bin.incr.2009.11.11.02.00.59.lkr1",,,application/octet-stream,lkr1
"sc17.bin.incr.2009.11.11.03.01.02","0000-00-00 00:00:00","0000-00-00 00:00:00","0000-00-00 00:00:00","0000-00-00 00:00:00",0,Unallocated,,unknown,"/img_jo-2009-11-16.E01/vol_vol2/Documents and Settings/All Users/Application Data/avg9/Antispam/sc17.bin.incr.2009.11.11.03.01.02",,,application/octet-stream,02
"sc17.bin.incr.2009.11.11.03.01.02.lkr1","0000-00-00 00:00:00","0000-00-00 00:00:00","0000-00-00 00:00:00","0000-00-00 00:00:00",0,Unallocated,,unknown,"/img_jo-2009-11-16.E01/vol_vol2/Documents and Settings/All Users/Application Data/avg9/Antispam/sc17.bin.incr.2009.11.11.03.01.02.lkr1",,,application/octet-stream,lkr1
"sc17.bin.incr.2009.11.08.13.00.59.lkr1","0000-00-00 00:00:00","0000-00-00 00:00:00","0000-00-00 00:00:00","0000-00-00 00:00:00",0,Unallocated,,unknown,"/img_jo-2009-11-16.E01/vol_vol2/Documents and Settings/All Users/Application Data/avg9/Antispam/sc17.bin.incr.2009.11.08.13.00.59.lkr1",,,application/octet-stream,lkr1
"sc17.bin.incr.2009.11.08.13.00.59","0000-00-00 00:00:00","0000-00-00 00:00:00","0000-00-00 00:00:00","0000-00-00 00:00:00",0,Unallocated,,unknown,"/img_jo-2009-11-16.E01/vol_vol2/Documents and Settings/All Users/Application Data/avg9/Antispam/sc17.bin.incr.2009.11.08.13.00.59",,,application/octet-stream,59
"sc17.bin.incr.2009.11.08.15.01.01","0000-00-00 00:00:00","0000-00-00 00:00:00","0000-00-00 00:00:00","0000-00-00 00:00:00",0,Unallocated,,unknown,"/img_jo-2009-11-16.E01/vol_vol2/Documents and Settings/All Users/Application Data/avg9/Antispam/sc17.bin.incr.2009.11.08.15.01.01",,,application/octet-stream,01
"sc17.bin.incr.2009.11.08.16.00.59","0000-00-00 00:00:00","0000-00-00 00:00:00","0000-00-00 00:00:00","0000-00-00 00:00:00",0,Unallocated,,unknown,"/img_jo-2009-11-16.E01/vol_vol2/Documents and Settings/All Users/Application Data/avg9/Antispam/sc17.bin.incr.2009.11.08.16.00.59",,,application/octet-stream,59
"sc17.bin.incr.2009.11.08.17.01.01","0000-00-00 00:00:00","0000-00-00 00:00:00","0000-00-00 00:00:00","0000-00-00 00:00:00",0,Unallocated,,unknown,"/img_jo-2009-11-16.E01/vol_vol2/Documents and Settings/All Users/Application Data/avg9/Antispam/sc17.bin.incr.2009.11.08.17.01.01",,,application/octet-stream,01
"sc17.bin.incr.2009.11.08.18.01.00","0000-00-00 00:00:00","0000-00-00 00:00:00","0000-00-00 00:00:00","0000-00-00 00:00:00",0,Unallocated,,unknown,"/img_jo-2009-11-16.E01/vol_vol2/Documents and Settings/All Users/Application Data/avg9/Antispam/sc17.bin.incr.2009.11.08.18.01.00",,,application/octet-stream,00
"sc17.bin.incr.2009.11.08.19.01.01","0000-00-00 00:00:00","0000-00-00 00:00:00","0000-00-00 00:00:00","0000-00-00 00:00:00",0,Unallocated,,unknown,"/img_jo-2009-11-16.E01/vol_vol2/Documents and Settings/All Users/Application Data/avg9/Antispam/sc17.bin.incr.2009.11.08.19.01.01",,,application/octet-stream,01
"sc17.bin.incr.2009.11.08.20.01.01","0000-00-00 00:00:00","0000-00-00 00:00:00","0000-00-00 00:00:00","0000-00-00 00:00:00",0,Unallocated,,unknown,"/img_jo-2009-11-16.E01/vol_vol2/Documents and Settings/All Users/Application Data/avg9/Antispam/sc17.bin.incr.2009.11.08.20.01.01",,,application/octet-stream,01
"sc17.bin.incr.2009.11.08.21.01.00","0000-00-00 00:00:00","0000-00-00 00:00:00","0000-00-00 00:00:00","0000-00-00 00:00:00",0,Unallocated,,unknown,"/img_jo-2009-11-16.E01/vol_vol2/Documents and Settings/All Users/Application Data/avg9/Antispam/sc17.bin.incr.2009.11.08.21.01.00",,,application/octet-stream,00
"sc17.bin.incr.2009.11.08.22.01.01","0000-00-00 00:00:00","0000-00-00 00:00:00","0000-00-00 00:00:00","0000-00-00 00:00:00",0,Unallocated,,unknown,"/img_jo-2009-11-16.E01/vol_vol2/Documents and Settings/All Users/Application Data/avg9/Antispam/sc17.bin.incr.2009.11.08.22.01.01",,,application/octet-stream,01
"sc17.bin.incr.2009.11.11.04.01.00.lkr1","0000-00-00 00:00:00","0000-00-00 00:00:00","0000-00-00 00:00:00","0000-00-00 00:00:00",0,Unallocated,,unknown,"/img_jo-2009-11-16.E01/vol_vol2/Documents and Settings/All Users/Application Data/avg9/Antispam/sc17.bin.incr.2009.11.11.04.01.00.lkr1",,,application/octet-stream,lkr1
"sc17.bin.incr.2009.11.11.05.01.00.lkr1","0000-00-00 00:00:00","0000-00-00 00:00:00","0000-00-00 00:00:00","0000-00-00 00:00:00",0,Unallocated,,unknown,"/img_jo-2009-11-16.E01/vol_vol2/Documents and Settings/All Users/Application Data/avg9/Antispam/sc17.bin.incr.2009.11.11.05.01.00.lkr1",,,application/octet-stream,lkr1
"sc17.bin.incr.2009.11.11.06.01.00","0000-00-00 00:00:00","0000-00-00 00:00:00","0000-00-00 00:00:00","0000-00-00 00:00:00",0,Unallocated,,unknown,"/img_jo-2009-11-16.E01/vol_vol2/Documents and Settings/All Users/Application Data/avg9/Antispam/sc17.bin.incr.2009.11.11.06.01.00",,,application/octet-stream,00
"sc17.bin.incr.2009.11.11.06.01.00.lkr1","0000-00-00 00:00:00","0000-00-00 00:00:00","0000-00-00 00:00:00","0000-00-00 00:00:00",0,Unallocated,,unknown,"/img_jo-2009-11-16.E01/vol_vol2/Documents and Settings/All Users/Application Data/avg9/Antispam/sc17.bin.incr.2009.11.11.06.01.00.lkr1",,,application/octet-stream,lkr1
"sc17.bin.incr.2009.11.11.07.01.00","0000-00-00 00:00:00","0000-00-00 00:00:00","0000-00-00 00:00:00","0000-00-00 00:00:00",0,Unallocated,,unknown,"/img_jo-2009-11-16.E01/vol_vol2/Documents and Settings/All Users/Application Data/avg9/Antispam/sc17.bin.incr.2009.11.11.07.01.00",,,application/octet-stream,00
"sc17.bin.incr.2009.11.11.07.01.00.lkr1","0000-00-00 00:00:00","0000-00-00 00:00:00","0000-00-00 00:00:00","0000-00-00 00:00:00",0,Unallocated,,unknown,"/img_jo-2009-11-16.E01/vol_vol2/Documents and Settings/All Users/Application Data/avg9/Antispam/sc17.bin.incr.2009.11.11.07.01.00.lkr1",,,application/octet-stream,lkr1
"sc17.bin.incr.2009.11.11.08.01.01","0000-00-00 00:00:00","0000-00-00 00:00:00","0000-00-00 00:00:00","0000-00-00 00:00:00",0,Unallocated,,unknown,"/img_jo-2009-11-16.E01/vol_vol2/Documents and Settings/All Users/Application Data/avg9/Antispam/sc17.bin.incr.2009.11.11.08.01.01",,,application/octet-stream,01
"sc17.bin.incr.2009.11.11.08.01.01.lkr1","0000-00-00 00:00:00","0000-00-00 00:00:00","0000-00-00 00:00:00","0000-00-00 00:00:00",0,Unallocated,,unknown,"/img_jo-2009-11-16.E01/vol_vol2/Documents and Settings/All Users/Application Data/avg9/Antispam/sc17.bin.incr.2009.11.11.08.01.01.lkr1",,,application/octet-stream,lkr1
"sc17.bin.incr.2009.11.11.09.01.01","0000-00-00 00:00:00","0000-00-00 00:00:00","0000-00-00 00:00:00","0000-00-00 00:00:00",0,Unallocated,,unknown,"/img_jo-2009-11-16.E01/vol_vol2/Documents and Settings/All Users/Application Data/avg9/Antispam/sc17.bin.incr.2009.11.11.09.01.01",,,application/octet-stream,01
"sc17.bin.incr.2009.11.11.09.01.01.lkr1","0000-00-00 00:00:00","0000-00-00 00:00:00","0000-00-00 00:00:00","0000-00-00 00:00:00",0,Unallocated,,unknown,"/img_jo-2009-11-16.E01/vol_vol2/Documents and Settings/All Users/Application Data/avg9/Antispam/sc17.bin.incr.2009.11.11.09.01.01.lkr1",,,application/octet-stream,lkr1
"sc17.bin.incr.2009.11.11.10.01.00a03748","0000-00-00 00:00:00","0000-00-00 00:00:00","0000-00-00 00:00:00","0000-00-00 00:00:00",0,Unallocated,,unknown,"/img_jo-2009-11-16.E01/vol_vol2/Documents and Settings/All Users/Application Data/avg9/Antispam/sc17.bin.incr.2009.11.11.10.01.00a03748",,,application/octet-stream,00a03748
"sc17.bin.incr.2009.11.11.11.01.00","0000-00-00 00:00:00","0000-00-00 00:00:00","0000-00-00 00:00:00","0000-00-00 00:00:00",0,Unallocated,,unknown,"/img_jo-2009-11-16.E01/vol_vol2/Documents and Settings/All Users/Application Data/avg9/Antispam/sc17.bin.incr.2009.11.11.11.01.00",,,application/octet-stream,00
"sc17.bin.incr.2009.11.11.12.01.00.lkr1","0000-00-00 00:00:00","0000-00-00 00:00:00","0000-00-00 00:00:00","0000-00-00 00:00:00",0,Unallocated,,unknown,"/img_jo-2009-11-16.E01/vol_vol2/Documents and Settings/All Users/Application Data/avg9/Antispam/sc17.bin.incr.2009.11.11.12.01.00.lkr1",,,application/octet-stream,lkr1
"sc17.bin.incr.2009.11.11.13.00.59","0000-00-00 00:00:00","0000-00-00 00:00:00","0000-00-00 00:00:00","0000-00-00 00:00:00",0,Unallocated,,unknown,"/img_jo-2009-11-16.E01/vol_vol2/Documents and Settings/All Users/Application Data/avg9/Antispam/sc17.bin.incr.2009.11.11.13.00.59",,,application/octet-stream,59
"sc17.bin.incr.2009.11.11.13.00.59.lkr1","0000-00-00 00:00:00","0000-00-00 00:00:00","0000-00-00 00:00:00","0000-00-00 00:00:00",0,Unallocated,,unknown,"/img_jo-2009-11-16.E01/vol_vol2/Documents and Settings/All Users/Application Data/avg9/Antispam/sc17.bin.incr.2009.11.11.13.00.59.lkr1",,,application/octet-stream,lkr1
"sc17.bin.incr.2009.11.11.14.01.01","0000-00-00 00:00:00","0000-00-00 00:00:00","0000-00-00 00:00:00","0000-00-00 00:00:00",0,Unallocated,,unknown,"/img_jo-2009-11-16.E01/vol_vol2/Documents and Settings/All Users/Application Data/avg9/Antispam/sc17.bin.incr.2009.11.11.14.01.01",,,application/octet-stream,01
"sc17.bin.incr.2009.11.11.14.01.01.lkr1","0000-00-00 00:00:00","0000-00-00 00:00:00","0000-00-00 00:00:00","0000-00-00 00:00:00",0,Unallocated,,unknown,"/img_jo-2009-11-16.E01/vol_vol2/Documents and Settings/All Users/Application Data/avg9/Antispam/sc17.bin.incr.2009.11.11.14.01.01.lkr1",,,application/octet-stream,lkr1
"sc17.bin.incr.2009.11.11.15.01.02","0000-00-00 00:00:00","0000-00-00 00:00:00","0000-00-00 00:00:00","0000-00-00 00:00:00",0,Unallocated,,unknown,"/img_jo-2009-11-16.E01/vol_vol2/Documents and Settings/All Users/Application Data/avg9/Antispam/sc17.bin.incr.2009.11.11.15.01.02",,,application/octet-stream,02
"sc17.bin.incr.2009.11.11.15.01.02.lkr1","0000-00-00 00:00:00","0000-00-00 00:00:00","0000-00-00 00:00:00","0000-00-00 00:00:00",0,Unallocated,,unknown,"/img_jo-2009-11-16.E01/vol_vol2/Documents and Settings/All Users/Application Data/avg9/Antispam/sc17.bin.incr.2009.11.11.15.01.02.lkr1",,,application/octet-stream,lkr1
"sc17.bin.incr.2009.11.11.16.01.01","0000-00-00 00:00:00","0000-00-00 00:00:00","0000-00-00 00:00:00","0000-00-00 00:00:00",0,Unallocated,,unknown,"/img_jo-2009-11-16.E01/vol_vol2/Documents and Settings/All Users/Application Data/avg9/Antispam/sc17.bin.incr.2009.11.11.16.01.01",,,application/octet-stream,01
"sc17.bin.incr.2009.11.11.17.01.00a00460","0000-00-00 00:00:00","0000-00-00 00:00:00","0000-00-00 00:00:00","0000-00-00 00:00:00",0,Unallocated,,unknown,"/img_jo-2009-11-16.E01/vol_vol2/Documents and Settings/All Users/Application Data/avg9/Antispam/sc17.bin.incr.2009.11.11.17.01.00a00460",,,application/octet-stream,00a00460
"sc17.bin.incr.2009.11.11.17.01.00.lkr1","0000-00-00 00:00:00","0000-00-00 00:00:00","0000-00-00 00:00:00","0000-00-00 00:00:00",0,Unallocated,,unknown,"/img_jo-2009-11-16.E01/vol_vol2/Documents and Settings/All Users/Application Data/avg9/Antispam/sc17.bin.incr.2009.11.11.17.01.00.lkr1",,,application/octet-stream,lkr1
"sc17.bin.incr.2009.11.11.18.01.01.lkr1","0000-00-00 00:00:00","0000-00-00 00:00:00","0000-00-00 00:00:00","0000-00-00 00:00:00",0,Unallocated,,unknown,"/img_jo-2009-11-16.E01/vol_vol2/Documents and Settings/All Users/Application Data/avg9/Antispam/sc17.bin.incr.2009.11.11.18.01.01.lkr1",,,application/octet-stream,lkr1
"sc17.bin.incr.2009.11.11.19.01.01","0000-00-00 00:00:00","0000-00-00 00:00:00","0000-00-00 00:00:00","0000-00-00 00:00:00",0,Unallocated,,unknown,"/img_jo-2009-11-16.E01/vol_vol2/Documents and Settings/All Users/Application Data/avg9/Antispam/sc17.bin.incr.2009.11.11.19.01.01",,,application/octet-stream,01
"sc17.bin.incr.2009.11.11.19.01.01.lkr1","0000-00-00 00:00:00","0000-00-00 00:00:00","0000-00-00 00:00:00","0000-00-00 00:00:00",0,Unallocated,,unknown,"/img_jo-2009-11-16.E01/vol_vol2/Documents and Settings/All Users/Application Data/avg9/Antispam/sc17.bin.incr.2009.11.11.19.01.01.lkr1",,,application/octet-stream,lkr1
"sc17.bin.incr.2009.11.11.20.00.59","0000-00-00 00:00:00","0000-00-00 00:00:00","0000-00-00 00:00:00","0000-00-00 00:00:00",0,Unallocated,,unknown,"/img_jo-2009-11-16.E01/vol_vol2/Documents and Settings/All Users/Application Data/avg9/Antispam/sc17.bin.incr.2009.11.11.20.00.59",,,application/octet-stream,59
"sc17.bin.incr.2009.11.11.20.00.59.lkr1","0000-00-00 00:00:00","0000-00-00 00:00:00","0000-00-00 00:00:00","0000-00-00 00:00:00",0,Unallocated,,unknown,"/img_jo-2009-11-16.E01/vol_vol2/Documents and Settings/All Users/Application Data/avg9/Antispam/sc17.bin.incr.2009.11.11.20.00.59.lkr1",,,application/octet-stream,lkr1
"sc17.bin.incr.2009.11.11.21.01.01","0000-00-00 00:00:00","0000-00-00 00:00:00","0000-00-00 00:00:00","0000-00-00 00:00:00",0,Unallocated,,unknown,"/img_jo-2009-11-16.E01/vol_vol2/Documents and Settings/All Users/Application Data/avg9/Antispam/sc17.bin.incr.2009.11.11.21.01.01",,,application/octet-stream,01
"sc17.bin.incr.2009.11.11.21.01.01.lkr1","0000-00-00 00:00:00","0000-00-00 00:00:00","0000-00-00 00:00:00","0000-00-00 00:00:00",0,Unallocated,,unknown,"/img_jo-2009-11-16.E01/vol_vol2/Documents and Settings/All Users/Application Data/avg9/Antispam/sc17.bin.incr.2009.11.11.21.01.01.lkr1",,,application/octet-stream,lkr1
"sc17.bin.incr.2009.11.11.22.01.00","0000-00-00 00:00:00","0000-00-00 00:00:00","0000-00-00 00:00:00","0000-00-00 00:00:00",0,Unallocated,,unknown,"/img_jo-2009-11-16.E01/vol_vol2/Documents and Settings/All Users/Application Data/avg9/Antispam/sc17.bin.incr.2009.11.11.22.01.00",,,application/octet-stream,00
"sc17.bin.incr.2009.11.11.23.00.59","0000-00-00 00:00:00","0000-00-00 00:00:00","0000-00-00 00:00:00","0000-00-00 00:00:00",0,Unallocated,,unknown,"/img_jo-2009-11-16.E01/vol_vol2/Documents and Settings/All Users/Application Data/avg9/Antispam/sc17.bin.incr.2009.11.11.23.00.59",,,application/octet-stream,59
"sc17.bin.incr.2009.11.12.00.01.00","0000-00-00 00:00:00","0000-00-00 00:00:00","0000-00-00 00:00:00","0000-00-00 00:00:00",0,Unallocated,,unknown,"/img_jo-2009-11-16.E01/vol_vol2/Documents and Settings/All Users/Application Data/avg9/Antispam/sc17.bin.incr.2009.11.12.00.01.00",,,application/octet-stream,00
"sc17.bin.incr.2009.11.12.01.01.01.lkr1","0000-00-00 00:00:00","0000-00-00 00:00:00","0000-00-00 00:00:00","0000-00-00 00:00:00",0,Unallocated,,unknown,"/img_jo-2009-11-16.E01/vol_vol2/Documents and Settings/All Users/Application Data/avg9/Antispam/sc17.bin.incr.2009.11.12.01.01.01.lkr1",,,application/octet-stream,lkr1
"sc17.bin.incr.2009.11.12.02.01.01","0000-00-00 00:00:00","0000-00-00 00:00:00","0000-00-00 00:00:00","0000-00-00 00:00:00",0,Unallocated,,unknown,"/img_jo-2009-11-16.E01/vol_vol2/Documents and Settings/All Users/Application Data/avg9/Antispam/sc17.bin.incr.2009.11.12.02.01.01",,,application/octet-stream,01
"sc17.bin.incr.2009.11.12.02.01.01.lkr1","0000-00-00 00:00:00","0000-00-00 00:00:00","0000-00-00 00:00:00","0000-00-00 00:00:00",0,Unallocated,,unknown,"/img_jo-2009-11-16.E01/vol_vol2/Documents and Settings/All Users/Application Data/avg9/Antispam/sc17.bin.incr.2009.11.12.02.01.01.lkr1",,,application/octet-stream,lkr1
"sc17.bin.incr.2009.11.12.03.01.00","0000-00-00 00:00:00","0000-00-00 00:00:00","0000-00-00 00:00:00","0000-00-00 00:00:00",0,Unallocated,,unknown,"/img_jo-2009-11-16.E01/vol_vol2/Documents and Settings/All Users/Application Data/avg9/Antispam/sc17.bin.incr.2009.11.12.03.01.00",,,application/octet-stream,00
"sc17.bin.incr.2009.11.12.03.01.00.lkr1","0000-00-00 00:00:00","0000-00-00 00:00:00","0000-00-00 00:00:00","0000-00-00 00:00:00",0,Unallocated,,unknown,"/img_jo-2009-11-16.E01/vol_vol2/Documents and Settings/All Users/Application Data/avg9/Antispam/sc17.bin.incr.2009.11.12.03.01.00.lkr1",,,application/octet-stream,lkr1
"sc17.bin.incr.2009.11.12.04.01.01","0000-00-00 00:00:00","0000-00-00 00:00:00","0000-00-00 00:00:00","0000-00-00 00:00:00",0,Unallocated,,unknown,"/img_jo-2009-11-16.E01/vol_vol2/Documents and Settings/All Users/Application Data/avg9/Antispam/sc17.bin.incr.2009.11.12.04.01.01",,,application/octet-stream,01
"sc17.bin.incr.2009.11.12.04.01.01.lkr1","0000-00-00 00:00:00","0000-00-00 00:00:00","0000-00-00 00:00:00","0000-00-00 00:00:00",0,Unallocated,,unknown,"/img_jo-2009-11-16.E01/vol_vol2/Documents and Settings/All Users/Application Data/avg9/Antispam/sc17.bin.incr.2009.11.12.04.01.01.lkr1",,,application/octet-stream,lkr1
"sc17.bin.incr.2009.11.12.05.01.00","0000-00-00 00:00:00","0000-00-00 00:00:00","0000-00-00 00:00:00","0000-00-00 00:00:00",0,Unallocated,,unknown,"/img_jo-2009-11-16.E01/vol_vol2/Documents and Settings/All Users/Application Data/avg9/Antispam/sc17.bin.incr.2009.11.12.05.01.00",,,application/octet-stream,00
"sc17.bin.incr.2009.11.12.06.00.59.lkr1","0000-00-00 00:00:00","0000-00-00 00:00:00","0000-00-00 00:00:00","0000-00-00 00:00:00",0,Unallocated,,unknown,"/img_jo-2009-11-16.E01/vol_vol2/Documents and Settings/All Users/Application Data/avg9/Antispam/sc17.bin.incr.2009.11.12.06.00.59.lkr1",,,application/octet-stream,lkr1
"sc17.bin.incr.2009.11.12.07.01.01.lkr1","0000-00-00 00:00:00","0000-00-00 00:00:00","0000-00-00 00:00:00","0000-00-00 00:00:00",0,Unallocated,,unknown,"/img_jo-2009-11-16.E01/vol_vol2/Documents and Settings/All Users/Application Data/avg9/Antispam/sc17.bin.incr.2009.11.12.07.01.01.lkr1",,,application/octet-stream,lkr1
"sc17.bin.incr.2009.11.12.08.01.00","0000-00-00 00:00:00","0000-00-00 00:00:00","0000-00-00 00:00:00","0000-00-00 00:00:00",0,Unallocated,,unknown,"/img_jo-2009-11-16.E01/vol_vol2/Documents and Settings/All Users/Application Data/avg9/Antispam/sc17.bin.incr.2009.11.12.08.01.00",,,application/octet-stream,00
"sc17.bin.incr.2009.11.12.08.01.00.lkr1","0000-00-00 00:00:00","0000-00-00 00:00:00","0000-00-00 00:00:00","0000-00-00 00:00:00",0,Unallocated,,unknown,"/img_jo-2009-11-16.E01/vol_vol2/Documents and Settings/All Users/Application Data/avg9/Antispam/sc17.bin.incr.2009.11.12.08.01.00.lkr1",,,application/octet-stream,lkr1
"sc17.bin.incr.2009.11.12.09.00.59","0000-00-00 00:00:00","0000-00-00 00:00:00","0000-00-00 00:00:00","0000-00-00 00:00:00",0,Unallocated,,unknown,"/img_jo-2009-11-16.E01/vol_vol2/Documents and Settings/All Users/Application Data/avg9/Antispam/sc17.bin.incr.2009.11.12.09.00.59",,,application/octet-stream,59
"sc17.bin.incr.2009.11.12.09.00.59.lkr1","0000-00-00 00:00:00","0000-00-00 00:00:00","0000-00-00 00:00:00","0000-00-00 00:00:00",0,Unallocated,,unknown,"/img_jo-2009-11-16.E01/vol_vol2/Documents and Settings/All Users/Application Data/avg9/Antispam/sc17.bin.incr.2009.11.12.09.00.59.lkr1",,,application/octet-stream,lkr1
"sc17.bin.incr.2009.11.12.10.01.00","0000-00-00 00:00:00","0000-00-00 00:00:00","0000-00-00 00:00:00","0000-00-00 00:00:00",0,Unallocated,,unknown,"/img_jo-2009-11-16.E01/vol_vol2/Documents and Settings/All Users/Application Data/avg9/Antispam/sc17.bin.incr.2009.11.12.10.01.00",,,application/octet-stream,00
"sc17.bin.incr.2009.11.12.11.01.01","0000-00-00 00:00:00","0000-00-00 00:00:00","0000-00-00 00:00:00","0000-00-00 00:00:00",0,Unallocated,,unknown,"/img_jo-2009-11-16.E01/vol_vol2/Documents and Settings/All Users/Application Data/avg9/Antispam/sc17.bin.incr.2009.11.12.11.01.01",,,application/octet-stream,01
"sc17.bin.incr.2009.11.12.12.01.01","0000-00-00 00:00:00","0000-00-00 00:00:00","0000-00-00 00:00:00","0000-00-00 00:00:00",0,Unallocated,,unknown,"/img_jo-2009-11-16.E01/vol_vol2/Documents and Settings/All Users/Application Data/avg9/Antispam/sc17.bin.incr.2009.11.12.12.01.01",,,application/octet-stream,01
"sc17.bin.incr.2009.11.12.13.01.00a01864","0000-00-00 00:00:00","0000-00-00 00:00:00","0000-00-00 00:00:00","0000-00-00 00:00:00",0,Unallocated,,unknown,"/img_jo-2009-11-16.E01/vol_vol2/Documents and Settings/All Users/Application Data/avg9/Antispam/sc17.bin.incr.2009.11.12.13.01.00a01864",,,application/octet-stream,00a01864
"sc17.bin.incr.2009.11.12.13.01.00","0000-00-00 00:00:00","0000-00-00 00:00:00","0000-00-00 00:00:00","0000-00-00 00:00:00",0,Unallocated,,unknown,"/img_jo-2009-11-16.E01/vol_vol2/Documents and Settings/All Users/Application Data/avg9/Antispam/sc17.bin.incr.2009.11.12.13.01.00",,,application/octet-stream,00
"sc17.bin.incr.2009.11.12.14.01.01.lkr1","0000-00-00 00:00:00","0000-00-00 00:00:00","0000-00-00 00:00:00","0000-00-00 00:00:00",0,Unallocated,,unknown,"/img_jo-2009-11-16.E01/vol_vol2/Documents and Settings/All Users/Application Data/avg9/Antispam/sc17.bin.incr.2009.11.12.14.01.01.lkr1",,,application/octet-stream,lkr1
"sc17.bin.incr.2009.11.12.15.01.00","0000-00-00 00:00:00","0000-00-00 00:00:00","0000-00-00 00:00:00","0000-00-00 00:00:00",0,Unallocated,,unknown,"/img_jo-2009-11-16.E01/vol_vol2/Documents and Settings/All Users/Application Data/avg9/Antispam/sc17.bin.incr.2009.11.12.15.01.00",,,application/octet-stream,00
"sc17.bin.incr.2009.11.12.15.01.00.lkr1","0000-00-00 00:00:00","0000-00-00 00:00:00","0000-00-00 00:00:00","0000-00-00 00:00:00",0,Unallocated,,unknown,"/img_jo-2009-11-16.E01/vol_vol2/Documents and Settings/All Users/Application Data/avg9/Antispam/sc17.bin.incr.2009.11.12.15.01.00.lkr1",,,application/octet-stream,lkr1
"sc17.bin.incr.2009.11.12.16.01.00","0000-00-00 00:00:00","0000-00-00 00:00:00","0000-00-00 00:00:00","0000-00-00 00:00:00",0,Unallocated,,unknown,"/img_jo-2009-11-16.E01/vol_vol2/Documents and Settings/All Users/Application Data/avg9/Antispam/sc17.bin.incr.2009.11.12.16.01.00",,,application/octet-stream,00
"sc17.bin.incr.2009.11.12.16.01.00.lkr1","0000-00-00 00:00:00","0000-00-00 00:00:00","0000-00-00 00:00:00","0000-00-00 00:00:00",0,Unallocated,,unknown,"/img_jo-2009-11-16.E01/vol_vol2/Documents and Settings/All Users/Application Data/avg9/Antispam/sc17.bin.incr.2009.11.12.16.01.00.lkr1",,,application/octet-stream,lkr1
"sc17.bin.incr.2009.11.12.17.01.00","0000-00-00 00:00:00","0000-00-00 00:00:00","0000-00-00 00:00:00","0000-00-00 00:00:00",0,Unallocated,,unknown,"/img_jo-2009-11-16.E01/vol_vol2/Documents and Settings/All Users/Application Data/avg9/Antispam/sc17.bin.incr.2009.11.12.17.01.00",,,application/octet-stream,00
"sc17.bin.incr.2009.11.12.17.01.00.lkr1","0000-00-00 00:00:00","0000-00-00 00:00:00","0000-00-00 00:00:00","0000-00-00 00:00:00",0,Unallocated,,unknown,"/img_jo-2009-11-16.E01/vol_vol2/Documents and Settings/All Users/Application Data/avg9/Antispam/sc17.bin.incr.2009.11.12.17.01.00.lkr1",,,application/octet-stream,lkr1
scdns.bin,"0000-00-00 00:00:00","0000-00-00 00:00:00","0000-00-00 00:00:00","0000-00-00 00:00:00",0,Unallocated,,unknown,"/img_jo-2009-11-16.E01/vol_vol2/Documents and Settings/All Users/Application Data/avg9/Antispam/scdns.bin",,,application/octet-stream,bin
scdns.bin,"0000-00-00 00:00:00","0000-00-00 00:00:00","0000-00-00 00:00:00","0000-00-00 00:00:00",0,Unallocated,,unknown,"/img_jo-2009-11-16.E01/vol_vol2/Documents and Settings/All Users/Application Data/avg9/Antispam/scdns.bin",,,application/octet-stream,bin
"sc17.bin.incr.2009.11.12.19.01.01.lkr1","0000-00-00 00:00:00","0000-00-00 00:00:00","0000-00-00 00:00:00","0000-00-00 00:00:00",0,Unallocated,,unknown,"/img_jo-2009-11-16.E01/vol_vol2/Documents and Settings/All Users/Application Data/avg9/Antispam/sc17.bin.incr.2009.11.12.19.01.01.lkr1",,,application/octet-stream,lkr1
"sc17.bin.incr.2009.11.12.20.01.01.lkr1","0000-00-00 00:00:00","0000-00-00 00:00:00","0000-00-00 00:00:00","0000-00-00 00:00:00",0,Unallocated,,unknown,"/img_jo-2009-11-16.E01/vol_vol2/Documents and Settings/All Users/Application Data/avg9/Antispam/sc17.bin.incr.2009.11.12.20.01.01.lkr1",,,application/octet-stream,lkr1
"sc17.bin.incr.2009.11.12.21.01.01","0000-00-00 00:00:00","0000-00-00 00:00:00","0000-00-00 00:00:00","0000-00-00 00:00:00",0,Unallocated,,unknown,"/img_jo-2009-11-16.E01/vol_vol2/Documents and Settings/All Users/Application Data/avg9/Antispam/sc17.bin.incr.2009.11.12.21.01.01",,,application/octet-stream,01
"sc17.bin.incr.2009.11.12.21.01.01.lkr1","0000-00-00 00:00:00","0000-00-00 00:00:00","0000-00-00 00:00:00","0000-00-00 00:00:00",0,Unallocated,,unknown,"/img_jo-2009-11-16.E01/vol_vol2/Documents and Settings/All Users/Application Data/avg9/Antispam/sc17.bin.incr.2009.11.12.21.01.01.lkr1",,,application/octet-stream,lkr1
"sc17.bin.incr.2009.11.12.22.01.00","0000-00-00 00:00:00","0000-00-00 00:00:00","0000-00-00 00:00:00","0000-00-00 00:00:00",0,Unallocated,,unknown,"/img_jo-2009-11-16.E01/vol_vol2/Documents and Settings/All Users/Application Data/avg9/Antispam/sc17.bin.incr.2009.11.12.22.01.00",,,application/octet-stream,00
"sc17.bin.incr.2009.11.12.22.01.00.lkr1","0000-00-00 00:00:00","0000-00-00 00:00:00","0000-00-00 00:00:00","0000-00-00 00:00:00",0,Unallocated,,unknown,"/img_jo-2009-11-16.E01/vol_vol2/Documents and Settings/All Users/Application Data/avg9/Antispam/sc17.bin.incr.2009.11.12.22.01.00.lkr1",,,application/octet-stream,lkr1
"sc17.bin.incr.2009.11.12.23.01.01","0000-00-00 00:00:00","0000-00-00 00:00:00","0000-00-00 00:00:00","0000-00-00 00:00:00",0,Unallocated,,unknown,"/img_jo-2009-11-16.E01/vol_vol2/Documents and Settings/All Users/Application Data/avg9/Antispam/sc17.bin.incr.2009.11.12.23.01.01",,,application/octet-stream,01
"sc17.bin.incr.2009.11.12.23.01.01.lkr1","0000-00-00 00:00:00","0000-00-00 00:00:00","0000-00-00 00:00:00","0000-00-00 00:00:00",0,Unallocated,,unknown,"/img_jo-2009-11-16.E01/vol_vol2/Documents and Settings/All Users/Application Data/avg9/Antispam/sc17.bin.incr.2009.11.12.23.01.01.lkr1",,,application/octet-stream,lkr1
"sc17.bin.incr.2009.11.13.00.01.02a00848","0000-00-00 00:00:00","0000-00-00 00:00:00","0000-00-00 00:00:00","0000-00-00 00:00:00",0,Unallocated,,unknown,"/img_jo-2009-11-16.E01/vol_vol2/Documents and Settings/All Users/Application Data/avg9/Antispam/sc17.bin.incr.2009.11.13.00.01.02a00848",,,application/octet-stream,02a00848
"sc17.bin.incr.2009.11.12.07.01.01","0000-00-00 00:00:00","0000-00-00 00:00:00","0000-00-00 00:00:00","0000-00-00 00:00:00",0,Unallocated,,unknown,"/img_jo-2009-11-16.E01/vol_vol2/Documents and Settings/All Users/Application Data/avg9/Antispam/sc17.bin.incr.2009.11.12.07.01.01",,,application/octet-stream,01
"sc17.bin.incr.2009.11.13.02.01.00","0000-00-00 00:00:00","0000-00-00 00:00:00","0000-00-00 00:00:00","0000-00-00 00:00:00",0,Unallocated,,unknown,"/img_jo-2009-11-16.E01/vol_vol2/Documents and Settings/All Users/Application Data/avg9/Antispam/sc17.bin.incr.2009.11.13.02.01.00",,,application/octet-stream,00
"sc17.bin.incr.2009.11.13.03.01.00.lkr1","0000-00-00 00:00:00","0000-00-00 00:00:00","0000-00-00 00:00:00","0000-00-00 00:00:00",0,Unallocated,,unknown,"/img_jo-2009-11-16.E01/vol_vol2/Documents and Settings/All Users/Application Data/avg9/Antispam/sc17.bin.incr.2009.11.13.03.01.00.lkr1",,,application/octet-stream,lkr1
"sc17.bin.incr.2009.11.13.04.01.00","0000-00-00 00:00:00","0000-00-00 00:00:00","0000-00-00 00:00:00","0000-00-00 00:00:00",0,Unallocated,,unknown,"/img_jo-2009-11-16.E01/vol_vol2/Documents and Settings/All Users/Application Data/avg9/Antispam/sc17.bin.incr.2009.11.13.04.01.00",,,application/octet-stream,00
"sc17.bin.incr.2009.11.13.04.01.00.lkr1","0000-00-00 00:00:00","0000-00-00 00:00:00","0000-00-00 00:00:00","0000-00-00 00:00:00",0,Unallocated,,unknown,"/img_jo-2009-11-16.E01/vol_vol2/Documents and Settings/All Users/Application Data/avg9/Antispam/sc17.bin.incr.2009.11.13.04.01.00.lkr1",,,application/octet-stream,lkr1
"sc17.bin.incr.2009.11.13.05.01.01","0000-00-00 00:00:00","0000-00-00 00:00:00","0000-00-00 00:00:00","0000-00-00 00:00:00",0,Unallocated,,unknown,"/img_jo-2009-11-16.E01/vol_vol2/Documents and Settings/All Users/Application Data/avg9/Antispam/sc17.bin.incr.2009.11.13.05.01.01",,,application/octet-stream,01
"sc17.bin.incr.2009.11.13.05.01.01.lkr1","0000-00-00 00:00:00","0000-00-00 00:00:00","0000-00-00 00:00:00","0000-00-00 00:00:00",0,Unallocated,,unknown,"/img_jo-2009-11-16.E01/vol_vol2/Documents and Settings/All Users/Application Data/avg9/Antispam/sc17.bin.incr.2009.11.13.05.01.01.lkr1",,,application/octet-stream,lkr1
"sc17.bin.incr.2009.11.13.06.01.01","0000-00-00 00:00:00","0000-00-00 00:00:00","0000-00-00 00:00:00","0000-00-00 00:00:00",0,Unallocated,,unknown,"/img_jo-2009-11-16.E01/vol_vol2/Documents and Settings/All Users/Application Data/avg9/Antispam/sc17.bin.incr.2009.11.13.06.01.01",,,application/octet-stream,01
"sc17.bin.incr.2009.11.13.07.01.01a03156","0000-00-00 00:00:00","0000-00-00 00:00:00","0000-00-00 00:00:00","0000-00-00 00:00:00",0,Unallocated,,unknown,"/img_jo-2009-11-16.E01/vol_vol2/Documents and Settings/All Users/Application Data/avg9/Antispam/sc17.bin.incr.2009.11.13.07.01.01a03156",,,application/octet-stream,01a03156
"sc17.bin.incr.2009.11.08.20.01.01.lkr1","0000-00-00 00:00:00","0000-00-00 00:00:00","0000-00-00 00:00:00","0000-00-00 00:00:00",0,Unallocated,,unknown,"/img_jo-2009-11-16.E01/vol_vol2/Documents and Settings/All Users/Application Data/avg9/Antispam/sc17.bin.incr.2009.11.08.20.01.01.lkr1",,,application/octet-stream,lkr1
"sc17.bin.incr.2009.11.09.01.01.01","0000-00-00 00:00:00","0000-00-00 00:00:00","0000-00-00 00:00:00","0000-00-00 00:00:00",0,Unallocated,,unknown,"/img_jo-2009-11-16.E01/vol_vol2/Documents and Settings/All Users/Application Data/avg9/Antispam/sc17.bin.incr.2009.11.09.01.01.01",,,application/octet-stream,01
"sc17.bin.incr.2009.11.09.02.01.01","0000-00-00 00:00:00","0000-00-00 00:00:00","0000-00-00 00:00:00","0000-00-00 00:00:00",0,Unallocated,,unknown,"/img_jo-2009-11-16.E01/vol_vol2/Documents and Settings/All Users/Application Data/avg9/Antispam/sc17.bin.incr.2009.11.09.02.01.01",,,application/octet-stream,01
"sc17.bin.incr.2009.11.09.03.01.02","0000-00-00 00:00:00","0000-00-00 00:00:00","0000-00-00 00:00:00","0000-00-00 00:00:00",0,Unallocated,,unknown,"/img_jo-2009-11-16.E01/vol_vol2/Documents and Settings/All Users/Application Data/avg9/Antispam/sc17.bin.incr.2009.11.09.03.01.02",,,application/octet-stream,02
"sc17.bin.incr.2009.11.09.04.01.01","0000-00-00 00:00:00","0000-00-00 00:00:00","0000-00-00 00:00:00","0000-00-00 00:00:00",0,Unallocated,,unknown,"/img_jo-2009-11-16.E01/vol_vol2/Documents and Settings/All Users/Application Data/avg9/Antispam/sc17.bin.incr.2009.11.09.04.01.01",,,application/octet-stream,01
"sc17.bin.incr.2009.11.09.05.01.01","0000-00-00 00:00:00","0000-00-00 00:00:00","0000-00-00 00:00:00","0000-00-00 00:00:00",0,Unallocated,,unknown,"/img_jo-2009-11-16.E01/vol_vol2/Documents and Settings/All Users/Application Data/avg9/Antispam/sc17.bin.incr.2009.11.09.05.01.01",,,application/octet-stream,01
"sc17.bin.incr.2009.11.09.06.01.00","0000-00-00 00:00:00","0000-00-00 00:00:00","0000-00-00 00:00:00","0000-00-00 00:00:00",0,Unallocated,,unknown,"/img_jo-2009-11-16.E01/vol_vol2/Documents and Settings/All Users/Application Data/avg9/Antispam/sc17.bin.incr.2009.11.09.06.01.00",,,application/octet-stream,00
"sc17.bin.incr.2009.11.09.07.01.00","0000-00-00 00:00:00","0000-00-00 00:00:00","0000-00-00 00:00:00","0000-00-00 00:00:00",0,Unallocated,,unknown,"/img_jo-2009-11-16.E01/vol_vol2/Documents and Settings/All Users/Application Data/avg9/Antispam/sc17.bin.incr.2009.11.09.07.01.00",,,application/octet-stream,00
"sc17.bin.incr.2009.11.09.08.01.01","0000-00-00 00:00:00","0000-00-00 00:00:00","0000-00-00 00:00:00","0000-00-00 00:00:00",0,Unallocated,,unknown,"/img_jo-2009-11-16.E01/vol_vol2/Documents and Settings/All Users/Application Data/avg9/Antispam/sc17.bin.incr.2009.11.09.08.01.01",,,application/octet-stream,01
"sc17.bin.incr.2009.11.09.09.01.01","0000-00-00 00:00:00","0000-00-00 00:00:00","0000-00-00 00:00:00","0000-00-00 00:00:00",0,Unallocated,,unknown,"/img_jo-2009-11-16.E01/vol_vol2/Documents and Settings/All Users/Application Data/avg9/Antispam/sc17.bin.incr.2009.11.09.09.01.01",,,application/octet-stream,01
"sc17.bin.incr.2009.11.09.10.00.59","0000-00-00 00:00:00","0000-00-00 00:00:00","0000-00-00 00:00:00","0000-00-00 00:00:00",0,Unallocated,,unknown,"/img_jo-2009-11-16.E01/vol_vol2/Documents and Settings/All Users/Application Data/avg9/Antispam/sc17.bin.incr.2009.11.09.10.00.59",,,application/octet-stream,59
"sc17.bin.incr.2009.11.09.11.01.00","0000-00-00 00:00:00","0000-00-00 00:00:00","0000-00-00 00:00:00","0000-00-00 00:00:00",0,Unallocated,,unknown,"/img_jo-2009-11-16.E01/vol_vol2/Documents and Settings/All Users/Application Data/avg9/Antispam/sc17.bin.incr.2009.11.09.11.01.00",,,application/octet-stream,00
"sc17.bin.incr.2009.11.13.08.01.01.lkr1","0000-00-00 00:00:00","0000-00-00 00:00:00","0000-00-00 00:00:00","0000-00-00 00:00:00",0,Unallocated,,unknown,"/img_jo-2009-11-16.E01/vol_vol2/Documents and Settings/All Users/Application Data/avg9/Antispam/sc17.bin.incr.2009.11.13.08.01.01.lkr1",,,application/octet-stream,lkr1
"sc17.bin.incr.2009.11.13.09.01.01.lkr1","0000-00-00 00:00:00","0000-00-00 00:00:00","0000-00-00 00:00:00","0000-00-00 00:00:00",0,Unallocated,,unknown,"/img_jo-2009-11-16.E01/vol_vol2/Documents and Settings/All Users/Application Data/avg9/Antispam/sc17.bin.incr.2009.11.13.09.01.01.lkr1",,,application/octet-stream,lkr1
"sc17.bin.incr.2009.11.13.10.01.01","0000-00-00 00:00:00","0000-00-00 00:00:00","0000-00-00 00:00:00","0000-00-00 00:00:00",0,Unallocated,,unknown,"/img_jo-2009-11-16.E01/vol_vol2/Documents and Settings/All Users/Application Data/avg9/Antispam/sc17.bin.incr.2009.11.13.10.01.01",,,application/octet-stream,01
"sc17.bin.incr.2009.11.13.10.01.01.lkr1","0000-00-00 00:00:00","0000-00-00 00:00:00","0000-00-00 00:00:00","0000-00-00 00:00:00",0,Unallocated,,unknown,"/img_jo-2009-11-16.E01/vol_vol2/Documents and Settings/All Users/Application Data/avg9/Antispam/sc17.bin.incr.2009.11.13.10.01.01.lkr1",,,application/octet-stream,lkr1
"sc17.bin.incr.2009.11.13.11.01.00","0000-00-00 00:00:00","0000-00-00 00:00:00","0000-00-00 00:00:00","0000-00-00 00:00:00",0,Unallocated,,unknown,"/img_jo-2009-11-16.E01/vol_vol2/Documents and Settings/All Users/Application Data/avg9/Antispam/sc17.bin.incr.2009.11.13.11.01.00",,,application/octet-stream,00
"sc17.bin.incr.2009.11.13.11.01.00.lkr1","0000-00-00 00:00:00","0000-00-00 00:00:00","0000-00-00 00:00:00","0000-00-00 00:00:00",0,Unallocated,,unknown,"/img_jo-2009-11-16.E01/vol_vol2/Documents and Settings/All Users/Application Data/avg9/Antispam/sc17.bin.incr.2009.11.13.11.01.00.lkr1",,,application/octet-stream,lkr1
"sc17.bin.incr.2009.11.13.12.01.00","0000-00-00 00:00:00","0000-00-00 00:00:00","0000-00-00 00:00:00","0000-00-00 00:00:00",0,Unallocated,,unknown,"/img_jo-2009-11-16.E01/vol_vol2/Documents and Settings/All Users/Application Data/avg9/Antispam/sc17.bin.incr.2009.11.13.12.01.00",,,application/octet-stream,00
"sc17.bin.incr.2009.11.13.12.01.00.lkr1","0000-00-00 00:00:00","0000-00-00 00:00:00","0000-00-00 00:00:00","0000-00-00 00:00:00",0,Unallocated,,unknown,"/img_jo-2009-11-16.E01/vol_vol2/Documents and Settings/All Users/Application Data/avg9/Antispam/sc17.bin.incr.2009.11.13.12.01.00.lkr1",,,application/octet-stream,lkr1
"sc17.bin.incr.2009.11.13.13.01.00a04024","0000-00-00 00:00:00","0000-00-00 00:00:00","0000-00-00 00:00:00","0000-00-00 00:00:00",0,Unallocated,,unknown,"/img_jo-2009-11-16.E01/vol_vol2/Documents and Settings/All Users/Application Data/avg9/Antispam/sc17.bin.incr.2009.11.13.13.01.00a04024",,,application/octet-stream,00a04024
"sc17.bin.incr.2009.11.13.15.01.00","0000-00-00 00:00:00","0000-00-00 00:00:00","0000-00-00 00:00:00","0000-00-00 00:00:00",0,Unallocated,,unknown,"/img_jo-2009-11-16.E01/vol_vol2/Documents and Settings/All Users/Application Data/avg9/Antispam/sc17.bin.incr.2009.11.13.15.01.00",,,application/octet-stream,00
"sc17.bin.incr.2009.11.13.16.00.59.lkr1","0000-00-00 00:00:00","0000-00-00 00:00:00","0000-00-00 00:00:00","0000-00-00 00:00:00",0,Unallocated,,unknown,"/img_jo-2009-11-16.E01/vol_vol2/Documents and Settings/All Users/Application Data/avg9/Antispam/sc17.bin.incr.2009.11.13.16.00.59.lkr1",,,application/octet-stream,lkr1
"sc17.bin.incr.2009.11.13.17.01.00","0000-00-00 00:00:00","0000-00-00 00:00:00","0000-00-00 00:00:00","0000-00-00 00:00:00",0,Unallocated,,unknown,"/img_jo-2009-11-16.E01/vol_vol2/Documents and Settings/All Users/Application Data/avg9/Antispam/sc17.bin.incr.2009.11.13.17.01.00",,,application/octet-stream,00
"sc17.bin.incr.2009.11.13.17.01.00.lkr1","0000-00-00 00:00:00","0000-00-00 00:00:00","0000-00-00 00:00:00","0000-00-00 00:00:00",0,Unallocated,,unknown,"/img_jo-2009-11-16.E01/vol_vol2/Documents and Settings/All Users/Application Data/avg9/Antispam/sc17.bin.incr.2009.11.13.17.01.00.lkr1",,,application/octet-stream,lkr1
"sc17.bin.incr.2009.11.13.18.01.00","0000-00-00 00:00:00","0000-00-00 00:00:00","0000-00-00 00:00:00","0000-00-00 00:00:00",0,Unallocated,,unknown,"/img_jo-2009-11-16.E01/vol_vol2/Documents and Settings/All Users/Application Data/avg9/Antispam/sc17.bin.incr.2009.11.13.18.01.00",,,application/octet-stream,00
"sc17.bin.incr.2009.11.13.18.01.00.lkr1","0000-00-00 00:00:00","0000-00-00 00:00:00","0000-00-00 00:00:00","0000-00-00 00:00:00",0,Unallocated,,unknown,"/img_jo-2009-11-16.E01/vol_vol2/Documents and Settings/All Users/Application Data/avg9/Antispam/sc17.bin.incr.2009.11.13.18.01.00.lkr1",,,application/octet-stream,lkr1
"sc17.bin.incr.2009.11.13.19.01.00","0000-00-00 00:00:00","0000-00-00 00:00:00","0000-00-00 00:00:00","0000-00-00 00:00:00",0,Unallocated,,unknown,"/img_jo-2009-11-16.E01/vol_vol2/Documents and Settings/All Users/Application Data/avg9/Antispam/sc17.bin.incr.2009.11.13.19.01.00",,,application/octet-stream,00
"sc17.bin.incr.2009.11.13.21.01.00.lkr1","0000-00-00 00:00:00","0000-00-00 00:00:00","0000-00-00 00:00:00","0000-00-00 00:00:00",0,Unallocated,,unknown,"/img_jo-2009-11-16.E01/vol_vol2/Documents and Settings/All Users/Application Data/avg9/Antispam/sc17.bin.incr.2009.11.13.21.01.00.lkr1",,,application/octet-stream,lkr1
"sc17.bin.incr.2009.11.13.22.01.01.lkr1","0000-00-00 00:00:00","0000-00-00 00:00:00","0000-00-00 00:00:00","0000-00-00 00:00:00",0,Unallocated,,unknown,"/img_jo-2009-11-16.E01/vol_vol2/Documents and Settings/All Users/Application Data/avg9/Antispam/sc17.bin.incr.2009.11.13.22.01.01.lkr1",,,application/octet-stream,lkr1
"sc17.bin.incr.2009.11.13.23.01.01","0000-00-00 00:00:00","0000-00-00 00:00:00","0000-00-00 00:00:00","0000-00-00 00:00:00",0,Unallocated,,unknown,"/img_jo-2009-11-16.E01/vol_vol2/Documents and Settings/All Users/Application Data/avg9/Antispam/sc17.bin.incr.2009.11.13.23.01.01",,,application/octet-stream,01
"sc17.bin.incr.2009.11.13.23.01.01.lkr1","0000-00-00 00:00:00","0000-00-00 00:00:00","0000-00-00 00:00:00","0000-00-00 00:00:00",0,Unallocated,,unknown,"/img_jo-2009-11-16.E01/vol_vol2/Documents and Settings/All Users/Application Data/avg9/Antispam/sc17.bin.incr.2009.11.13.23.01.01.lkr1",,,application/octet-stream,lkr1
"sc17.bin.incr.2009.11.14.00.01.00","0000-00-00 00:00:00","0000-00-00 00:00:00","0000-00-00 00:00:00","0000-00-00 00:00:00",0,Unallocated,,unknown,"/img_jo-2009-11-16.E01/vol_vol2/Documents and Settings/All Users/Application Data/avg9/Antispam/sc17.bin.incr.2009.11.14.00.01.00",,,application/octet-stream,00
"sc17.bin.incr.2009.11.14.00.01.00.lkr1","0000-00-00 00:00:00","0000-00-00 00:00:00","0000-00-00 00:00:00","0000-00-00 00:00:00",0,Unallocated,,unknown,"/img_jo-2009-11-16.E01/vol_vol2/Documents and Settings/All Users/Application Data/avg9/Antispam/sc17.bin.incr.2009.11.14.00.01.00.lkr1",,,application/octet-stream,lkr1
"sc17.bin.incr.2009.11.14.01.01.00","0000-00-00 00:00:00","0000-00-00 00:00:00","0000-00-00 00:00:00","0000-00-00 00:00:00",0,Unallocated,,unknown,"/img_jo-2009-11-16.E01/vol_vol2/Documents and Settings/All Users/Application Data/avg9/Antispam/sc17.bin.incr.2009.11.14.01.01.00",,,application/octet-stream,00
"sc17.bin.incr.2009.11.14.01.01.00.lkr1","0000-00-00 00:00:00","0000-00-00 00:00:00","0000-00-00 00:00:00","0000-00-00 00:00:00",0,Unallocated,,unknown,"/img_jo-2009-11-16.E01/vol_vol2/Documents and Settings/All Users/Application Data/avg9/Antispam/sc17.bin.incr.2009.11.14.01.01.00.lkr1",,,application/octet-stream,lkr1
"sc17.bin.incr.2009.11.14.04.01.00","0000-00-00 00:00:00","0000-00-00 00:00:00","0000-00-00 00:00:00","0000-00-00 00:00:00",0,Unallocated,,unknown,"/img_jo-2009-11-16.E01/vol_vol2/Documents and Settings/All Users/Application Data/avg9/Antispam/sc17.bin.incr.2009.11.14.04.01.00",,,application/octet-stream,00
"sc17.bin.incr.2009.11.14.05.01.00.lkr1","0000-00-00 00:00:00","0000-00-00 00:00:00","0000-00-00 00:00:00","0000-00-00 00:00:00",0,Unallocated,,unknown,"/img_jo-2009-11-16.E01/vol_vol2/Documents and Settings/All Users/Application Data/avg9/Antispam/sc17.bin.incr.2009.11.14.05.01.00.lkr1",,,application/octet-stream,lkr1
"sc17.bin.incr.2009.11.14.06.01.01","0000-00-00 00:00:00","0000-00-00 00:00:00","0000-00-00 00:00:00","0000-00-00 00:00:00",0,Unallocated,,unknown,"/img_jo-2009-11-16.E01/vol_vol2/Documents and Settings/All Users/Application Data/avg9/Antispam/sc17.bin.incr.2009.11.14.06.01.01",,,application/octet-stream,01
"sc17.bin.incr.2009.11.14.06.01.01.lkr1","0000-00-00 00:00:00","0000-00-00 00:00:00","0000-00-00 00:00:00","0000-00-00 00:00:00",0,Unallocated,,unknown,"/img_jo-2009-11-16.E01/vol_vol2/Documents and Settings/All Users/Application Data/avg9/Antispam/sc17.bin.incr.2009.11.14.06.01.01.lkr1",,,application/octet-stream,lkr1
"sc17.bin.incr.2009.11.14.07.00.59","0000-00-00 00:00:00","0000-00-00 00:00:00","0000-00-00 00:00:00","0000-00-00 00:00:00",0,Unallocated,,unknown,"/img_jo-2009-11-16.E01/vol_vol2/Documents and Settings/All Users/Application Data/avg9/Antispam/sc17.bin.incr.2009.11.14.07.00.59",,,application/octet-stream,59
"sc17.bin.incr.2009.11.14.07.00.59.lkr1","0000-00-00 00:00:00","0000-00-00 00:00:00","0000-00-00 00:00:00","0000-00-00 00:00:00",0,Unallocated,,unknown,"/img_jo-2009-11-16.E01/vol_vol2/Documents and Settings/All Users/Application Data/avg9/Antispam/sc17.bin.incr.2009.11.14.07.00.59.lkr1",,,application/octet-stream,lkr1
"sc17.bin.incr.2009.11.14.08.01.00","0000-00-00 00:00:00","0000-00-00 00:00:00","0000-00-00 00:00:00","0000-00-00 00:00:00",0,Unallocated,,unknown,"/img_jo-2009-11-16.E01/vol_vol2/Documents and Settings/All Users/Application Data/avg9/Antispam/sc17.bin.incr.2009.11.14.08.01.00",,,application/octet-stream,00
"sc17.bin.incr.2009.11.14.10.01.00.lkr1","0000-00-00 00:00:00","0000-00-00 00:00:00","0000-00-00 00:00:00","0000-00-00 00:00:00",0,Unallocated,,unknown,"/img_jo-2009-11-16.E01/vol_vol2/Documents and Settings/All Users/Application Data/avg9/Antispam/sc17.bin.incr.2009.11.14.10.01.00.lkr1",,,application/octet-stream,lkr1
"sc17.bin.incr.2009.11.14.11.01.00.lkr1","0000-00-00 00:00:00","0000-00-00 00:00:00","0000-00-00 00:00:00","0000-00-00 00:00:00",0,Unallocated,,unknown,"/img_jo-2009-11-16.E01/vol_vol2/Documents and Settings/All Users/Application Data/avg9/Antispam/sc17.bin.incr.2009.11.14.11.01.00.lkr1",,,application/octet-stream,lkr1
"sc17.bin.incr.2009.11.14.12.01.00","0000-00-00 00:00:00","0000-00-00 00:00:00","0000-00-00 00:00:00","0000-00-00 00:00:00",0,Unallocated,,unknown,"/img_jo-2009-11-16.E01/vol_vol2/Documents and Settings/All Users/Application Data/avg9/Antispam/sc17.bin.incr.2009.11.14.12.01.00",,,application/octet-stream,00
"sc17.bin.incr.2009.11.14.12.01.00.lkr1","0000-00-00 00:00:00","0000-00-00 00:00:00","0000-00-00 00:00:00","0000-00-00 00:00:00",0,Unallocated,,unknown,"/img_jo-2009-11-16.E01/vol_vol2/Documents and Settings/All Users/Application Data/avg9/Antispam/sc17.bin.incr.2009.11.14.12.01.00.lkr1",,,application/octet-stream,lkr1
"sc17.bin.incr.2009.11.14.13.01.00","0000-00-00 00:00:00","0000-00-00 00:00:00","0000-00-00 00:00:00","0000-00-00 00:00:00",0,Unallocated,,unknown,"/img_jo-2009-11-16.E01/vol_vol2/Documents and Settings/All Users/Application Data/avg9/Antispam/sc17.bin.incr.2009.11.14.13.01.00",,,application/octet-stream,00
"sc17.bin.incr.2009.11.14.13.01.00.lkr1","0000-00-00 00:00:00","0000-00-00 00:00:00","0000-00-00 00:00:00","0000-00-00 00:00:00",0,Unallocated,,unknown,"/img_jo-2009-11-16.E01/vol_vol2/Documents and Settings/All Users/Application Data/avg9/Antispam/sc17.bin.incr.2009.11.14.13.01.00.lkr1",,,application/octet-stream,lkr1
"sc17.bin.incr.2009.11.14.15.01.01","0000-00-00 00:00:00","0000-00-00 00:00:00","0000-00-00 00:00:00","0000-00-00 00:00:00",0,Unallocated,,unknown,"/img_jo-2009-11-16.E01/vol_vol2/Documents and Settings/All Users/Application Data/avg9/Antispam/sc17.bin.incr.2009.11.14.15.01.01",,,application/octet-stream,01
"sc17.bin.incr.2009.11.14.15.01.01.lkr1","0000-00-00 00:00:00","0000-00-00 00:00:00","0000-00-00 00:00:00","0000-00-00 00:00:00",0,Unallocated,,unknown,"/img_jo-2009-11-16.E01/vol_vol2/Documents and Settings/All Users/Application Data/avg9/Antispam/sc17.bin.incr.2009.11.14.15.01.01.lkr1",,,application/octet-stream,lkr1
"sc17.bin.incr.2009.11.14.18.01.00","0000-00-00 00:00:00","0000-00-00 00:00:00","0000-00-00 00:00:00","0000-00-00 00:00:00",0,Unallocated,,unknown,"/img_jo-2009-11-16.E01/vol_vol2/Documents and Settings/All Users/Application Data/avg9/Antispam/sc17.bin.incr.2009.11.14.18.01.00",,,application/octet-stream,00
"sc17.bin.incr.2009.11.14.19.01.01.lkr1","0000-00-00 00:00:00","0000-00-00 00:00:00","0000-00-00 00:00:00","0000-00-00 00:00:00",0,Unallocated,,unknown,"/img_jo-2009-11-16.E01/vol_vol2/Documents and Settings/All Users/Application Data/avg9/Antispam/sc17.bin.incr.2009.11.14.19.01.01.lkr1",,,application/octet-stream,lkr1
"sc17.bin.incr.2009.11.14.20.01.00","0000-00-00 00:00:00","0000-00-00 00:00:00","0000-00-00 00:00:00","0000-00-00 00:00:00",0,Unallocated,,unknown,"/img_jo-2009-11-16.E01/vol_vol2/Documents and Settings/All Users/Application Data/avg9/Antispam/sc17.bin.incr.2009.11.14.20.01.00",,,application/octet-stream,00
"sc17.bin.incr.2009.11.14.20.01.00.lkr1","0000-00-00 00:00:00","0000-00-00 00:00:00","0000-00-00 00:00:00","0000-00-00 00:00:00",0,Unallocated,,unknown,"/img_jo-2009-11-16.E01/vol_vol2/Documents and Settings/All Users/Application Data/avg9/Antispam/sc17.bin.incr.2009.11.14.20.01.00.lkr1",,,application/octet-stream,lkr1
"sc17.bin.incr.2009.11.14.21.00.58","0000-00-00 00:00:00","0000-00-00 00:00:00","0000-00-00 00:00:00","0000-00-00 00:00:00",0,Unallocated,,unknown,"/img_jo-2009-11-16.E01/vol_vol2/Documents and Settings/All Users/Application Data/avg9/Antispam/sc17.bin.incr.2009.11.14.21.00.58",,,application/octet-stream,58
"sc17.bin.incr.2009.11.14.21.00.58.lkr1","0000-00-00 00:00:00","0000-00-00 00:00:00","0000-00-00 00:00:00","0000-00-00 00:00:00",0,Unallocated,,unknown,"/img_jo-2009-11-16.E01/vol_vol2/Documents and Settings/All Users/Application Data/avg9/Antispam/sc17.bin.incr.2009.11.14.21.00.58.lkr1",,,application/octet-stream,lkr1
"sc17.bin.incr.2009.11.14.23.01.00","0000-00-00 00:00:00","0000-00-00 00:00:00","0000-00-00 00:00:00","0000-00-00 00:00:00",0,Unallocated,,unknown,"/img_jo-2009-11-16.E01/vol_vol2/Documents and Settings/All Users/Application Data/avg9/Antispam/sc17.bin.incr.2009.11.14.23.01.00",,,application/octet-stream,00
"sc17.bin.incr.2009.11.15.03.01.01","0000-00-00 00:00:00","0000-00-00 00:00:00","0000-00-00 00:00:00","0000-00-00 00:00:00",0,Unallocated,,unknown,"/img_jo-2009-11-16.E01/vol_vol2/Documents and Settings/All Users/Application Data/avg9/Antispam/sc17.bin.incr.2009.11.15.03.01.01",,,application/octet-stream,01
scdns.bin,"2009-11-17 01:19:02 EET","2009-11-17 01:19:02 EET","2009-11-17 02:19:02 EET","2009-11-09 03:17:15 EET",102,Unallocated,Unallocated,unknown,"/img_jo-2009-11-16.E01/vol_vol2/Documents and Settings/All Users/Application Data/avg9/Antispam/scdns.bin",,,application/x-gzip,bin
cm-2-i.dat,"2009-11-17 01:32:52 EET","2009-11-17 01:32:52 EET","2009-11-17 01:32:52 EET","2009-11-17 01:32:52 EET",56,Unallocated,Unallocated,unknown,"/img_jo-2009-11-16.E01/vol_vol2/Documents and Settings/All Users/Application Data/avg9/Chjw/cm-2-i.dat",,,application/octet-stream,dat
cm-1-p.dat,"2009-11-17 01:31:21 EET","2009-11-17 01:31:21 EET","2009-11-17 01:31:21 EET","2009-11-17 01:31:21 EET",32,Unallocated,Unallocated,unknown,"/img_jo-2009-11-16.E01/vol_vol2/Documents and Settings/All Users/Application Data/avg9/Chjw/cm-1-p.dat",,,application/octet-stream,dat
cm-0-p.dat,"2009-11-17 01:30:56 EET","2009-11-17 01:30:56 EET","2009-11-17 01:30:56 EET","2009-11-17 01:30:56 EET",32,Unallocated,Unallocated,unknown,"/img_jo-2009-11-16.E01/vol_vol2/Documents and Settings/All Users/Application Data/avg9/Chjw/cm-0-p.dat",,,application/octet-stream,dat
backup.dat,"2009-11-17 02:10:24 EET","2009-11-17 02:25:34 EET","2009-11-17 02:10:24 EET","2009-11-09 03:28:58 EET",126139,Unallocated,Unallocated,unknown,"/img_jo-2009-11-16.E01/vol_vol2/Documents and Settings/All Users/Application Data/avg9/IDS/malwareprofile/backup.dat",,,application/octet-stream,dat
"C__PROGRAM FILES_JAVA_JRE6_BIN_JQS.EXE.ndb","2009-11-10 03:01:49 EET","2009-11-16 23:11:27 EET","2009-11-10 03:01:49 EET","2009-11-10 03:01:49 EET",130,Unallocated,Allocated,unknown,"/img_jo-2009-11-16.E01/vol_vol2/Documents and Settings/All Users/Application Data/avg9/IDS/profile/C__PROGRAM FILES_JAVA_JRE6_BIN_JQS.EXE.ndb",,,application/octet-stream,ndb
"C__PROGRAM FILES_MOZILLA FIREFOX_FIREFOX.EXE.ndb_ndb.bak","0000-00-00 00:00:00","0000-00-00 00:00:00","0000-00-00 00:00:00","0000-00-00 00:00:00",0,Unallocated,,unknown,"/img_jo-2009-11-16.E01/vol_vol2/Documents and Settings/All Users/Application Data/avg9/IDS/profile/C__PROGRAM FILES_MOZILLA FIREFOX_FIREFOX.EXE.ndb_ndb.bak",,,application/octet-stream,bak
"C__PROGRAM FILES_OPENOFFICE.ORG 3_PROGRAM_SOFFICE.BIN.ndb","2009-11-10 03:32:52 EET","2009-11-16 20:48:26 EET","2009-11-10 03:32:52 EET","2009-11-10 03:32:52 EET",292,Unallocated,Allocated,unknown,"/img_jo-2009-11-16.E01/vol_vol2/Documents and Settings/All Users/Application Data/avg9/IDS/profile/C__PROGRAM FILES_OPENOFFICE.ORG 3_PROGRAM_SOFFICE.BIN.ndb",,,application/octet-stream,ndb
avgfrw.log,"0000-00-00 00:00:00","0000-00-00 00:00:00","0000-00-00 00:00:00","0000-00-00 00:00:00",0,Unallocated,,unknown,"/img_jo-2009-11-16.E01/vol_vol2/Documents and Settings/All Users/Application Data/avg9/Log/avgfrw.log",,,application/octet-stream,log
wdsvclog.cfg,"0000-00-00 00:00:00","0000-00-00 00:00:00","0000-00-00 00:00:00","0000-00-00 00:00:00",0,Unallocated,,unknown,"/img_jo-2009-11-16.E01/vol_vol2/Documents and Settings/All Users/Application Data/avg9/Log/wdsvclog.cfg",,,application/octet-stream,cfg
avgsched.log,"0000-00-00 00:00:00","0000-00-00 00:00:00","0000-00-00 00:00:00","0000-00-00 00:00:00",0,Unallocated,,unknown,"/img_jo-2009-11-16.E01/vol_vol2/Documents and Settings/All Users/Application Data/avg9/Log/avgsched.log",,,application/octet-stream,log
avgsched.log.1,"0000-00-00 00:00:00","0000-00-00 00:00:00","0000-00-00 00:00:00","0000-00-00 00:00:00",0,Unallocated,,unknown,"/img_jo-2009-11-16.E01/vol_vol2/Documents and Settings/All Users/Application Data/avg9/Log/avgsched.log.1",,,application/octet-stream,1
avgsched.log.2,"0000-00-00 00:00:00","0000-00-00 00:00:00","0000-00-00 00:00:00","0000-00-00 00:00:00",0,Unallocated,,unknown,"/img_jo-2009-11-16.E01/vol_vol2/Documents and Settings/All Users/Application Data/avg9/Log/avgsched.log.2",,,application/octet-stream,2
avgsched.log.3,"0000-00-00 00:00:00","0000-00-00 00:00:00","0000-00-00 00:00:00","0000-00-00 00:00:00",0,Unallocated,,unknown,"/img_jo-2009-11-16.E01/vol_vol2/Documents and Settings/All Users/Application Data/avg9/Log/avgsched.log.3",,,application/octet-stream,3
avgsched.log.4,"0000-00-00 00:00:00","0000-00-00 00:00:00","0000-00-00 00:00:00","0000-00-00 00:00:00",0,Unallocated,,unknown,"/img_jo-2009-11-16.E01/vol_vol2/Documents and Settings/All Users/Application Data/avg9/Log/avgsched.log.4",,,application/octet-stream,4
avgsched.log.5,"0000-00-00 00:00:00","0000-00-00 00:00:00","0000-00-00 00:00:00","0000-00-00 00:00:00",0,Unallocated,,unknown,"/img_jo-2009-11-16.E01/vol_vol2/Documents and Settings/All Users/Application Data/avg9/Log/avgsched.log.5",,,application/octet-stream,5
avgsched.log.6,"0000-00-00 00:00:00","0000-00-00 00:00:00","0000-00-00 00:00:00","0000-00-00 00:00:00",0,Unallocated,,unknown,"/img_jo-2009-11-16.E01/vol_vol2/Documents and Settings/All Users/Application Data/avg9/Log/avgsched.log.6",,,application/octet-stream,6
avgsched.log.8,"0000-00-00 00:00:00","0000-00-00 00:00:00","0000-00-00 00:00:00","0000-00-00 00:00:00",0,Unallocated,,unknown,"/img_jo-2009-11-16.E01/vol_vol2/Documents and Settings/All Users/Application Data/avg9/Log/avgsched.log.8",,,application/octet-stream,8
avgwd.log,"0000-00-00 00:00:00","0000-00-00 00:00:00","0000-00-00 00:00:00","0000-00-00 00:00:00",0,Unallocated,,unknown,"/img_jo-2009-11-16.E01/vol_vol2/Documents and Settings/All Users/Application Data/avg9/Log/avgwd.log",,,application/octet-stream,log
avgwd.log.1,"0000-00-00 00:00:00","0000-00-00 00:00:00","0000-00-00 00:00:00","0000-00-00 00:00:00",0,Unallocated,,unknown,"/img_jo-2009-11-16.E01/vol_vol2/Documents and Settings/All Users/Application Data/avg9/Log/avgwd.log.1",,,application/octet-stream,1
avgwd.log.10,"0000-00-00 00:00:00","0000-00-00 00:00:00","0000-00-00 00:00:00","0000-00-00 00:00:00",0,Unallocated,,unknown,"/img_jo-2009-11-16.E01/vol_vol2/Documents and Settings/All Users/Application Data/avg9/Log/avgwd.log.10",,,application/octet-stream,10
avgwd.log.2,"0000-00-00 00:00:00","0000-00-00 00:00:00","0000-00-00 00:00:00","0000-00-00 00:00:00",0,Unallocated,,unknown,"/img_jo-2009-11-16.E01/vol_vol2/Documents and Settings/All Users/Application Data/avg9/Log/avgwd.log.2",,,application/octet-stream,2
avgwd.log.3,"0000-00-00 00:00:00","0000-00-00 00:00:00","0000-00-00 00:00:00","0000-00-00 00:00:00",0,Unallocated,,unknown,"/img_jo-2009-11-16.E01/vol_vol2/Documents and Settings/All Users/Application Data/avg9/Log/avgwd.log.3",,,application/octet-stream,3
avgwd.log.4,"0000-00-00 00:00:00","0000-00-00 00:00:00","0000-00-00 00:00:00","0000-00-00 00:00:00",0,Unallocated,,unknown,"/img_jo-2009-11-16.E01/vol_vol2/Documents and Settings/All Users/Application Data/avg9/Log/avgwd.log.4",,,application/octet-stream,4
avgwd.log.5,"0000-00-00 00:00:00","0000-00-00 00:00:00","0000-00-00 00:00:00","0000-00-00 00:00:00",0,Unallocated,,unknown,"/img_jo-2009-11-16.E01/vol_vol2/Documents and Settings/All Users/Application Data/avg9/Log/avgwd.log.5",,,application/octet-stream,5
avgwd.log.6,"0000-00-00 00:00:00","0000-00-00 00:00:00","0000-00-00 00:00:00","0000-00-00 00:00:00",0,Unallocated,,unknown,"/img_jo-2009-11-16.E01/vol_vol2/Documents and Settings/All Users/Application Data/avg9/Log/avgwd.log.6",,,application/octet-stream,6
avgwd.log.7,"0000-00-00 00:00:00","0000-00-00 00:00:00","0000-00-00 00:00:00","0000-00-00 00:00:00",0,Unallocated,,unknown,"/img_jo-2009-11-16.E01/vol_vol2/Documents and Settings/All Users/Application Data/avg9/Log/avgwd.log.7",,,application/octet-stream,7
"c16468c7-d7cd-4f2b-bbb0-997587102ce0","0000-00-00 00:00:00","0000-00-00 00:00:00","0000-00-00 00:00:00","0000-00-00 00:00:00",0,Unallocated,,unknown,"/img_jo-2009-11-16.E01/vol_vol2/Documents and Settings/All Users/Application Data/avg9/Log/c16468c7-d7cd-4f2b-bbb0-997587102ce0",,,application/octet-stream,
cfglog.cfg,"0000-00-00 00:00:00","0000-00-00 00:00:00","0000-00-00 00:00:00","0000-00-00 00:00:00",0,Unallocated,,unknown,"/img_jo-2009-11-16.E01/vol_vol2/Documents and Settings/All Users/Application Data/avg9/Log/cfglog.cfg",,,application/octet-stream,cfg
"735185f4-37b0-4deb-82f7-db98d1c54137.tmp","0000-00-00 00:00:00","0000-00-00 00:00:00","0000-00-00 00:00:00","0000-00-00 00:00:00",0,Unallocated,,unknown,"/img_jo-2009-11-16.E01/vol_vol2/Documents and Settings/All Users/Application Data/avg9/Temp/735185f4-37b0-4deb-82f7-db98d1c54137.tmp",,,application/octet-stream,tmp
file9514.tmp,"0000-00-00 00:00:00","0000-00-00 00:00:00","0000-00-00 00:00:00","0000-00-00 00:00:00",0,Unallocated,,unknown,"/img_jo-2009-11-16.E01/vol_vol2/Documents and Settings/All Users/Application Data/avg9/Temp/file9514.tmp",,,application/octet-stream,tmp
file9514.tmp,"0000-00-00 00:00:00","0000-00-00 00:00:00","0000-00-00 00:00:00","0000-00-00 00:00:00",0,Unallocated,,unknown,"/img_jo-2009-11-16.E01/vol_vol2/Documents and Settings/All Users/Application Data/avg9/Temp/file9514.tmp",,,application/octet-stream,tmp
w9upd704b694zc.bin,"0000-00-00 00:00:00","0000-00-00 00:00:00","0000-00-00 00:00:00","0000-00-00 00:00:00",0,Unallocated,,unknown,"/img_jo-2009-11-16.E01/vol_vol2/Documents and Settings/All Users/Application Data/avg9/update/download/w9upd704b694zc.bin",,,application/octet-stream,bin
avgidpsdkx.dll.prepare,"0000-00-00 00:00:00","0000-00-00 00:00:00","0000-00-00 00:00:00","0000-00-00 00:00:00",0,Unallocated,,unknown,"/img_jo-2009-11-16.E01/vol_vol2/Documents and Settings/All Users/Application Data/avg9/update/prepare/avgidpsdkx.dll.prepare",,,application/octet-stream,prepare
avglngx.dll.prepare,"0000-00-00 00:00:00","0000-00-00 00:00:00","0000-00-00 00:00:00","0000-00-00 00:00:00",0,Unallocated,,unknown,"/img_jo-2009-11-16.E01/vol_vol2/Documents and Settings/All Users/Application Data/avg9/update/prepare/avglngx.dll.prepare",,,application/octet-stream,prepare
avgmtrapx.dll.prepare,"0000-00-00 00:00:00","0000-00-00 00:00:00","0000-00-00 00:00:00","0000-00-00 00:00:00",0,Unallocated,,unknown,"/img_jo-2009-11-16.E01/vol_vol2/Documents and Settings/All Users/Application Data/avg9/update/prepare/avgmtrapx.dll.prepare",,,application/octet-stream,prepare
avgmwdef_us.mht.prepare,"0000-00-00 00:00:00","0000-00-00 00:00:00","0000-00-00 00:00:00","0000-00-00 00:00:00",0,Unallocated,,unknown,"/img_jo-2009-11-16.E01/vol_vol2/Documents and Settings/All Users/Application Data/avg9/update/prepare/avgmwdef_us.mht.prepare",,,application/octet-stream,prepare
avgssie.dll.prepare,"0000-00-00 00:00:00","0000-00-00 00:00:00","0000-00-00 00:00:00","0000-00-00 00:00:00",0,Unallocated,,unknown,"/img_jo-2009-11-16.E01/vol_vol2/Documents and Settings/All Users/Application Data/avg9/update/prepare/avgssie.dll.prepare",,,application/octet-stream,prepare
avgtdix.sys.prepare,"0000-00-00 00:00:00","0000-00-00 00:00:00","0000-00-00 00:00:00","0000-00-00 00:00:00",0,Unallocated,,unknown,"/img_jo-2009-11-16.E01/vol_vol2/Documents and Settings/All Users/Application Data/avg9/update/prepare/avgtdix.sys.prepare",,,application/octet-stream,prepare
avgtray.exe.prepare,"0000-00-00 00:00:00","0000-00-00 00:00:00","0000-00-00 00:00:00","0000-00-00 00:00:00",0,Unallocated,,unknown,"/img_jo-2009-11-16.E01/vol_vol2/Documents and Settings/All Users/Application Data/avg9/update/prepare/avgtray.exe.prepare",,,application/octet-stream,prepare
avgxch32.dll.prepare,"0000-00-00 00:00:00","0000-00-00 00:00:00","0000-00-00 00:00:00","0000-00-00 00:00:00",0,Unallocated,,unknown,"/img_jo-2009-11-16.E01/vol_vol2/Documents and Settings/All Users/Application Data/avg9/update/prepare/avgxch32.dll.prepare",,,application/octet-stream,prepare
avgxpl.dll.prepare,"0000-00-00 00:00:00","0000-00-00 00:00:00","0000-00-00 00:00:00","0000-00-00 00:00:00",0,Unallocated,,unknown,"/img_jo-2009-11-16.E01/vol_vol2/Documents and Settings/All Users/Application Data/avg9/update/prepare/avgxpl.dll.prepare",,,application/octet-stream,prepare
setup.exe.prepare,"0000-00-00 00:00:00","0000-00-00 00:00:00","0000-00-00 00:00:00","0000-00-00 00:00:00",0,Unallocated,,unknown,"/img_jo-2009-11-16.E01/vol_vol2/Documents and Settings/All Users/Application Data/avg9/update/prepare/setup.exe.prepare",,,application/octet-stream,prepare
internalList.dat.old,"0000-00-00 00:00:00","0000-00-00 00:00:00","0000-00-00 00:00:00","0000-00-00 00:00:00",0,Unallocated,,unknown,"/img_jo-2009-11-16.E01/vol_vol2/Documents and Settings/All Users/Application Data/avg9/update/prepare/temp/internalList.dat.old",,,application/octet-stream,old
temp,"0000-00-00 00:00:00","0000-00-00 00:00:00","0000-00-00 00:00:00","0000-00-00 00:00:00",0,Unallocated,,unknown,"/img_jo-2009-11-16.E01/vol_vol2/Documents and Settings/All Users/Application Data/avg9/update/prepare/temp",,,application/octet-stream,
Plylst9.wpl,"0000-00-00 00:00:00","0000-00-00 00:00:00","0000-00-00 00:00:00","0000-00-00 00:00:00",0,Unallocated,,unknown,"/img_jo-2009-11-16.E01/vol_vol2/Documents and Settings/All Users/Documents/My Music/Sample Playlists/Plylst9.wpl",,,application/octet-stream,wpl
MPC786.tmp,"0000-00-00 00:00:00","0000-00-00 00:00:00","0000-00-00 00:00:00","0000-00-00 00:00:00",0,Unallocated,,unknown,"/img_jo-2009-11-16.E01/vol_vol2/Documents and Settings/Default User/MPC786.tmp",,,application/octet-stream,tmp
MPC787.tmp,"0000-00-00 00:00:00","0000-00-00 00:00:00","0000-00-00 00:00:00","0000-00-00 00:00:00",0,Unallocated,,unknown,"/img_jo-2009-11-16.E01/vol_vol2/Documents and Settings/Default User/MPC787.tmp",,,application/octet-stream,tmp
MPC788.tmp,"0000-00-00 00:00:00","0000-00-00 00:00:00","0000-00-00 00:00:00","0000-00-00 00:00:00",0,Unallocated,,unknown,"/img_jo-2009-11-16.E01/vol_vol2/Documents and Settings/Default User/MPC788.tmp",,,application/octet-stream,tmp
MPC789.tmp,"0000-00-00 00:00:00","0000-00-00 00:00:00","0000-00-00 00:00:00","0000-00-00 00:00:00",0,Unallocated,,unknown,"/img_jo-2009-11-16.E01/vol_vol2/Documents and Settings/Default User/MPC789.tmp",,,application/octet-stream,tmp
MPC78A.tmp,"0000-00-00 00:00:00","0000-00-00 00:00:00","0000-00-00 00:00:00","0000-00-00 00:00:00",0,Unallocated,,unknown,"/img_jo-2009-11-16.E01/vol_vol2/Documents and Settings/Default User/MPC78A.tmp",,,application/octet-stream,tmp
MPC78B.tmp,"0000-00-00 00:00:00","0000-00-00 00:00:00","0000-00-00 00:00:00","0000-00-00 00:00:00",0,Unallocated,,unknown,"/img_jo-2009-11-16.E01/vol_vol2/Documents and Settings/Default User/MPC78B.tmp",,,application/octet-stream,tmp
MPC78C.tmp,"0000-00-00 00:00:00","0000-00-00 00:00:00","0000-00-00 00:00:00","0000-00-00 00:00:00",0,Unallocated,,unknown,"/img_jo-2009-11-16.E01/vol_vol2/Documents and Settings/Default User/MPC78C.tmp",,,application/octet-stream,tmp
MPC78D.tmp,"0000-00-00 00:00:00","0000-00-00 00:00:00","0000-00-00 00:00:00","0000-00-00 00:00:00",0,Unallocated,,unknown,"/img_jo-2009-11-16.E01/vol_vol2/Documents and Settings/Default User/MPC78D.tmp",,,application/octet-stream,tmp
MPC78E.tmp,"0000-00-00 00:00:00","0000-00-00 00:00:00","0000-00-00 00:00:00","0000-00-00 00:00:00",0,Unallocated,,unknown,"/img_jo-2009-11-16.E01/vol_vol2/Documents and Settings/Default User/MPC78E.tmp",,,application/octet-stream,tmp
MPC79A.tmp,"0000-00-00 00:00:00","0000-00-00 00:00:00","0000-00-00 00:00:00","0000-00-00 00:00:00",0,Unallocated,,unknown,"/img_jo-2009-11-16.E01/vol_vol2/Documents and Settings/Default User/MPC79A.tmp",,,application/octet-stream,tmp
MPC79B.tmp,"0000-00-00 00:00:00","0000-00-00 00:00:00","0000-00-00 00:00:00","0000-00-00 00:00:00",0,Unallocated,,unknown,"/img_jo-2009-11-16.E01/vol_vol2/Documents and Settings/Default User/MPC79B.tmp",,,application/octet-stream,tmp
MPC79C.tmp,"0000-00-00 00:00:00","0000-00-00 00:00:00","0000-00-00 00:00:00","0000-00-00 00:00:00",0,Unallocated,,unknown,"/img_jo-2009-11-16.E01/vol_vol2/Documents and Settings/Default User/MPC79C.tmp",,,application/octet-stream,tmp
MPC79D.tmp,"0000-00-00 00:00:00","0000-00-00 00:00:00","0000-00-00 00:00:00","0000-00-00 00:00:00",0,Unallocated,,unknown,"/img_jo-2009-11-16.E01/vol_vol2/Documents and Settings/Default User/MPC79D.tmp",,,application/octet-stream,tmp
MPC79E.tmp,"0000-00-00 00:00:00","0000-00-00 00:00:00","0000-00-00 00:00:00","0000-00-00 00:00:00",0,Unallocated,,unknown,"/img_jo-2009-11-16.E01/vol_vol2/Documents and Settings/Default User/MPC79E.tmp",,,application/octet-stream,tmp
MPC79F.tmp,"0000-00-00 00:00:00","0000-00-00 00:00:00","0000-00-00 00:00:00","0000-00-00 00:00:00",0,Unallocated,,unknown,"/img_jo-2009-11-16.E01/vol_vol2/Documents and Settings/Default User/MPC79F.tmp",,,application/octet-stream,tmp
MPC7A0.tmp,"0000-00-00 00:00:00","0000-00-00 00:00:00","0000-00-00 00:00:00","0000-00-00 00:00:00",0,Unallocated,,unknown,"/img_jo-2009-11-16.E01/vol_vol2/Documents and Settings/Default User/MPC7A0.tmp",,,application/octet-stream,tmp
MPC7A1.tmp,"0000-00-00 00:00:00","0000-00-00 00:00:00","0000-00-00 00:00:00","0000-00-00 00:00:00",0,Unallocated,,unknown,"/img_jo-2009-11-16.E01/vol_vol2/Documents and Settings/Default User/MPC7A1.tmp",,,application/octet-stream,tmp
MPC7A2.tmp,"0000-00-00 00:00:00","0000-00-00 00:00:00","0000-00-00 00:00:00","0000-00-00 00:00:00",0,Unallocated,,unknown,"/img_jo-2009-11-16.E01/vol_vol2/Documents and Settings/Default User/MPC7A2.tmp",,,application/octet-stream,tmp
MPC7AE.tmp,"0000-00-00 00:00:00","0000-00-00 00:00:00","0000-00-00 00:00:00","0000-00-00 00:00:00",0,Unallocated,,unknown,"/img_jo-2009-11-16.E01/vol_vol2/Documents and Settings/Default User/MPC7AE.tmp",,,application/octet-stream,tmp
MPC7B0.tmp,"0000-00-00 00:00:00","0000-00-00 00:00:00","0000-00-00 00:00:00","0000-00-00 00:00:00",0,Unallocated,,unknown,"/img_jo-2009-11-16.E01/vol_vol2/Documents and Settings/Default User/MPC7B0.tmp",,,application/octet-stream,tmp
MPC7B1.tmp,"0000-00-00 00:00:00","0000-00-00 00:00:00","0000-00-00 00:00:00","0000-00-00 00:00:00",0,Unallocated,,unknown,"/img_jo-2009-11-16.E01/vol_vol2/Documents and Settings/Default User/MPC7B1.tmp",,,application/octet-stream,tmp
MPC7B2.tmp,"0000-00-00 00:00:00","0000-00-00 00:00:00","0000-00-00 00:00:00","0000-00-00 00:00:00",0,Unallocated,,unknown,"/img_jo-2009-11-16.E01/vol_vol2/Documents and Settings/Default User/MPC7B2.tmp",,,application/octet-stream,tmp
MPC7B3.tmp,"0000-00-00 00:00:00","0000-00-00 00:00:00","0000-00-00 00:00:00","0000-00-00 00:00:00",0,Unallocated,,unknown,"/img_jo-2009-11-16.E01/vol_vol2/Documents and Settings/Default User/MPC7B3.tmp",,,application/octet-stream,tmp
MPC7B4.tmp,"0000-00-00 00:00:00","0000-00-00 00:00:00","0000-00-00 00:00:00","0000-00-00 00:00:00",0,Unallocated,,unknown,"/img_jo-2009-11-16.E01/vol_vol2/Documents and Settings/Default User/MPC7B4.tmp",,,application/octet-stream,tmp
MPC7B5.tmp,"0000-00-00 00:00:00","0000-00-00 00:00:00","0000-00-00 00:00:00","0000-00-00 00:00:00",0,Unallocated,,unknown,"/img_jo-2009-11-16.E01/vol_vol2/Documents and Settings/Default User/MPC7B5.tmp",,,application/octet-stream,tmp
MPC7B6.tmp,"0000-00-00 00:00:00","0000-00-00 00:00:00","0000-00-00 00:00:00","0000-00-00 00:00:00",0,Unallocated,,unknown,"/img_jo-2009-11-16.E01/vol_vol2/Documents and Settings/Default User/MPC7B6.tmp",,,application/octet-stream,tmp
MPC7C2.tmp,"0000-00-00 00:00:00","0000-00-00 00:00:00","0000-00-00 00:00:00","0000-00-00 00:00:00",0,Unallocated,,unknown,"/img_jo-2009-11-16.E01/vol_vol2/Documents and Settings/Default User/MPC7C2.tmp",,,application/octet-stream,tmp
MPC7C4.tmp,"0000-00-00 00:00:00","0000-00-00 00:00:00","0000-00-00 00:00:00","0000-00-00 00:00:00",0,Unallocated,,unknown,"/img_jo-2009-11-16.E01/vol_vol2/Documents and Settings/Default User/MPC7C4.tmp",,,application/octet-stream,tmp
MPC7C5.tmp,"0000-00-00 00:00:00","0000-00-00 00:00:00","0000-00-00 00:00:00","0000-00-00 00:00:00",0,Unallocated,,unknown,"/img_jo-2009-11-16.E01/vol_vol2/Documents and Settings/Default User/MPC7C5.tmp",,,application/octet-stream,tmp
MPC7C6.tmp,"0000-00-00 00:00:00","0000-00-00 00:00:00","0000-00-00 00:00:00","0000-00-00 00:00:00",0,Unallocated,,unknown,"/img_jo-2009-11-16.E01/vol_vol2/Documents and Settings/Default User/MPC7C6.tmp",,,application/octet-stream,tmp
MPC7C7.tmp,"0000-00-00 00:00:00","0000-00-00 00:00:00","0000-00-00 00:00:00","0000-00-00 00:00:00",0,Unallocated,,unknown,"/img_jo-2009-11-16.E01/vol_vol2/Documents and Settings/Default User/MPC7C7.tmp",,,application/octet-stream,tmp
MPC7C8.tmp,"0000-00-00 00:00:00","0000-00-00 00:00:00","0000-00-00 00:00:00","0000-00-00 00:00:00",0,Unallocated,,unknown,"/img_jo-2009-11-16.E01/vol_vol2/Documents and Settings/Default User/MPC7C8.tmp",,,application/octet-stream,tmp
MPC7C9.tmp,"0000-00-00 00:00:00","0000-00-00 00:00:00","0000-00-00 00:00:00","0000-00-00 00:00:00",0,Unallocated,,unknown,"/img_jo-2009-11-16.E01/vol_vol2/Documents and Settings/Default User/MPC7C9.tmp",,,application/octet-stream,tmp
MPC7CA.tmp,"0000-00-00 00:00:00","0000-00-00 00:00:00","0000-00-00 00:00:00","0000-00-00 00:00:00",0,Unallocated,,unknown,"/img_jo-2009-11-16.E01/vol_vol2/Documents and Settings/Default User/MPC7CA.tmp",,,application/octet-stream,tmp
MPC7D6.tmp,"0000-00-00 00:00:00","0000-00-00 00:00:00","0000-00-00 00:00:00","0000-00-00 00:00:00",0,Unallocated,,unknown,"/img_jo-2009-11-16.E01/vol_vol2/Documents and Settings/Default User/MPC7D6.tmp",,,application/octet-stream,tmp
MPC7D8.tmp,"0000-00-00 00:00:00","0000-00-00 00:00:00","0000-00-00 00:00:00","0000-00-00 00:00:00",0,Unallocated,,unknown,"/img_jo-2009-11-16.E01/vol_vol2/Documents and Settings/Default User/MPC7D8.tmp",,,application/octet-stream,tmp
MPC7D9.tmp,"0000-00-00 00:00:00","0000-00-00 00:00:00","0000-00-00 00:00:00","0000-00-00 00:00:00",0,Unallocated,,unknown,"/img_jo-2009-11-16.E01/vol_vol2/Documents and Settings/Default User/MPC7D9.tmp",,,application/octet-stream,tmp
MPC7DA.tmp,"0000-00-00 00:00:00","0000-00-00 00:00:00","0000-00-00 00:00:00","0000-00-00 00:00:00",0,Unallocated,,unknown,"/img_jo-2009-11-16.E01/vol_vol2/Documents and Settings/Default User/MPC7DA.tmp",,,application/octet-stream,tmp
MPC7DB.tmp,"0000-00-00 00:00:00","0000-00-00 00:00:00","0000-00-00 00:00:00","0000-00-00 00:00:00",0,Unallocated,,unknown,"/img_jo-2009-11-16.E01/vol_vol2/Documents and Settings/Default User/MPC7DB.tmp",,,application/octet-stream,tmp
MPC7DC.tmp,"0000-00-00 00:00:00","0000-00-00 00:00:00","0000-00-00 00:00:00","0000-00-00 00:00:00",0,Unallocated,,unknown,"/img_jo-2009-11-16.E01/vol_vol2/Documents and Settings/Default User/MPC7DC.tmp",,,application/octet-stream,tmp
MPC7DD.tmp,"0000-00-00 00:00:00","0000-00-00 00:00:00","0000-00-00 00:00:00","0000-00-00 00:00:00",0,Unallocated,,unknown,"/img_jo-2009-11-16.E01/vol_vol2/Documents and Settings/Default User/MPC7DD.tmp",,,application/octet-stream,tmp
MPC7DE.tmp,"0000-00-00 00:00:00","0000-00-00 00:00:00","0000-00-00 00:00:00","0000-00-00 00:00:00",0,Unallocated,,unknown,"/img_jo-2009-11-16.E01/vol_vol2/Documents and Settings/Default User/MPC7DE.tmp",,,application/octet-stream,tmp
MPC7EA.tmp,"0000-00-00 00:00:00","0000-00-00 00:00:00","0000-00-00 00:00:00","0000-00-00 00:00:00",0,Unallocated,,unknown,"/img_jo-2009-11-16.E01/vol_vol2/Documents and Settings/Default User/MPC7EA.tmp",,,application/octet-stream,tmp
MPC7EC.tmp,"0000-00-00 00:00:00","0000-00-00 00:00:00","0000-00-00 00:00:00","0000-00-00 00:00:00",0,Unallocated,,unknown,"/img_jo-2009-11-16.E01/vol_vol2/Documents and Settings/Default User/MPC7EC.tmp",,,application/octet-stream,tmp
MPC7ED.tmp,"0000-00-00 00:00:00","0000-00-00 00:00:00","0000-00-00 00:00:00","0000-00-00 00:00:00",0,Unallocated,,unknown,"/img_jo-2009-11-16.E01/vol_vol2/Documents and Settings/Default User/MPC7ED.tmp",,,application/octet-stream,tmp
MPC7EE.tmp,"0000-00-00 00:00:00","0000-00-00 00:00:00","0000-00-00 00:00:00","0000-00-00 00:00:00",0,Unallocated,,unknown,"/img_jo-2009-11-16.E01/vol_vol2/Documents and Settings/Default User/MPC7EE.tmp",,,application/octet-stream,tmp
MPC7EF.tmp,"0000-00-00 00:00:00","0000-00-00 00:00:00","0000-00-00 00:00:00","0000-00-00 00:00:00",0,Unallocated,,unknown,"/img_jo-2009-11-16.E01/vol_vol2/Documents and Settings/Default User/MPC7EF.tmp",,,application/octet-stream,tmp
MPC7F0.tmp,"0000-00-00 00:00:00","0000-00-00 00:00:00","0000-00-00 00:00:00","0000-00-00 00:00:00",0,Unallocated,,unknown,"/img_jo-2009-11-16.E01/vol_vol2/Documents and Settings/Default User/MPC7F0.tmp",,,application/octet-stream,tmp
MPC7F1.tmp,"0000-00-00 00:00:00","0000-00-00 00:00:00","0000-00-00 00:00:00","0000-00-00 00:00:00",0,Unallocated,,unknown,"/img_jo-2009-11-16.E01/vol_vol2/Documents and Settings/Default User/MPC7F1.tmp",,,application/octet-stream,tmp
MPC7F2.tmp,"0000-00-00 00:00:00","0000-00-00 00:00:00","0000-00-00 00:00:00","0000-00-00 00:00:00",0,Unallocated,,unknown,"/img_jo-2009-11-16.E01/vol_vol2/Documents and Settings/Default User/MPC7F2.tmp",,,application/octet-stream,tmp
MPC7FE.tmp,"0000-00-00 00:00:00","0000-00-00 00:00:00","0000-00-00 00:00:00","0000-00-00 00:00:00",0,Unallocated,,unknown,"/img_jo-2009-11-16.E01/vol_vol2/Documents and Settings/Default User/MPC7FE.tmp",,,application/octet-stream,tmp
MPC800.tmp,"0000-00-00 00:00:00","0000-00-00 00:00:00","0000-00-00 00:00:00","0000-00-00 00:00:00",0,Unallocated,,unknown,"/img_jo-2009-11-16.E01/vol_vol2/Documents and Settings/Default User/MPC800.tmp",,,application/octet-stream,tmp
MPC801.tmp,"0000-00-00 00:00:00","0000-00-00 00:00:00","0000-00-00 00:00:00","0000-00-00 00:00:00",0,Unallocated,,unknown,"/img_jo-2009-11-16.E01/vol_vol2/Documents and Settings/Default User/MPC801.tmp",,,application/octet-stream,tmp
MPC802.tmp,"0000-00-00 00:00:00","0000-00-00 00:00:00","0000-00-00 00:00:00","0000-00-00 00:00:00",0,Unallocated,,unknown,"/img_jo-2009-11-16.E01/vol_vol2/Documents and Settings/Default User/MPC802.tmp",,,application/octet-stream,tmp
MPC803.tmp,"0000-00-00 00:00:00","0000-00-00 00:00:00","0000-00-00 00:00:00","0000-00-00 00:00:00",0,Unallocated,,unknown,"/img_jo-2009-11-16.E01/vol_vol2/Documents and Settings/Default User/MPC803.tmp",,,application/octet-stream,tmp
MPC804.tmp,"0000-00-00 00:00:00","0000-00-00 00:00:00","0000-00-00 00:00:00","0000-00-00 00:00:00",0,Unallocated,,unknown,"/img_jo-2009-11-16.E01/vol_vol2/Documents and Settings/Default User/MPC804.tmp",,,application/octet-stream,tmp
MPC805.tmp,"0000-00-00 00:00:00","0000-00-00 00:00:00","0000-00-00 00:00:00","0000-00-00 00:00:00",0,Unallocated,,unknown,"/img_jo-2009-11-16.E01/vol_vol2/Documents and Settings/Default User/MPC805.tmp",,,application/octet-stream,tmp
MPC806.tmp,"0000-00-00 00:00:00","0000-00-00 00:00:00","0000-00-00 00:00:00","0000-00-00 00:00:00",0,Unallocated,,unknown,"/img_jo-2009-11-16.E01/vol_vol2/Documents and Settings/Default User/MPC806.tmp",,,application/octet-stream,tmp
MPC812.tmp,"0000-00-00 00:00:00","0000-00-00 00:00:00","0000-00-00 00:00:00","0000-00-00 00:00:00",0,Unallocated,,unknown,"/img_jo-2009-11-16.E01/vol_vol2/Documents and Settings/Default User/MPC812.tmp",,,application/octet-stream,tmp
MPC814.tmp,"0000-00-00 00:00:00","0000-00-00 00:00:00","0000-00-00 00:00:00","0000-00-00 00:00:00",0,Unallocated,,unknown,"/img_jo-2009-11-16.E01/vol_vol2/Documents and Settings/Default User/MPC814.tmp",,,application/octet-stream,tmp
MPC815.tmp,"0000-00-00 00:00:00","0000-00-00 00:00:00","0000-00-00 00:00:00","0000-00-00 00:00:00",0,Unallocated,,unknown,"/img_jo-2009-11-16.E01/vol_vol2/Documents and Settings/Default User/MPC815.tmp",,,application/octet-stream,tmp
MPC816.tmp,"0000-00-00 00:00:00","0000-00-00 00:00:00","0000-00-00 00:00:00","0000-00-00 00:00:00",0,Unallocated,,unknown,"/img_jo-2009-11-16.E01/vol_vol2/Documents and Settings/Default User/MPC816.tmp",,,application/octet-stream,tmp
MPC817.tmp,"0000-00-00 00:00:00","0000-00-00 00:00:00","0000-00-00 00:00:00","0000-00-00 00:00:00",0,Unallocated,,unknown,"/img_jo-2009-11-16.E01/vol_vol2/Documents and Settings/Default User/MPC817.tmp",,,application/octet-stream,tmp
MPC818.tmp,"0000-00-00 00:00:00","0000-00-00 00:00:00","0000-00-00 00:00:00","0000-00-00 00:00:00",0,Unallocated,,unknown,"/img_jo-2009-11-16.E01/vol_vol2/Documents and Settings/Default User/MPC818.tmp",,,application/octet-stream,tmp
MPC819.tmp,"0000-00-00 00:00:00","0000-00-00 00:00:00","0000-00-00 00:00:00","0000-00-00 00:00:00",0,Unallocated,,unknown,"/img_jo-2009-11-16.E01/vol_vol2/Documents and Settings/Default User/MPC819.tmp",,,application/octet-stream,tmp
MPC81A.tmp,"0000-00-00 00:00:00","0000-00-00 00:00:00","0000-00-00 00:00:00","0000-00-00 00:00:00",0,Unallocated,,unknown,"/img_jo-2009-11-16.E01/vol_vol2/Documents and Settings/Default User/MPC81A.tmp",,,application/octet-stream,tmp
MPC826.tmp,"0000-00-00 00:00:00","0000-00-00 00:00:00","0000-00-00 00:00:00","0000-00-00 00:00:00",0,Unallocated,,unknown,"/img_jo-2009-11-16.E01/vol_vol2/Documents and Settings/Default User/MPC826.tmp",,,application/octet-stream,tmp
MPC828.tmp,"0000-00-00 00:00:00","0000-00-00 00:00:00","0000-00-00 00:00:00","0000-00-00 00:00:00",0,Unallocated,,unknown,"/img_jo-2009-11-16.E01/vol_vol2/Documents and Settings/Default User/MPC828.tmp",,,application/octet-stream,tmp
MPC829.tmp,"0000-00-00 00:00:00","0000-00-00 00:00:00","0000-00-00 00:00:00","0000-00-00 00:00:00",0,Unallocated,,unknown,"/img_jo-2009-11-16.E01/vol_vol2/Documents and Settings/Default User/MPC829.tmp",,,application/octet-stream,tmp
MPC82A.tmp,"0000-00-00 00:00:00","0000-00-00 00:00:00","0000-00-00 00:00:00","0000-00-00 00:00:00",0,Unallocated,,unknown,"/img_jo-2009-11-16.E01/vol_vol2/Documents and Settings/Default User/MPC82A.tmp",,,application/octet-stream,tmp
MPC82B.tmp,"0000-00-00 00:00:00","0000-00-00 00:00:00","0000-00-00 00:00:00","0000-00-00 00:00:00",0,Unallocated,,unknown,"/img_jo-2009-11-16.E01/vol_vol2/Documents and Settings/Default User/MPC82B.tmp",,,application/octet-stream,tmp
MPC82C.tmp,"0000-00-00 00:00:00","0000-00-00 00:00:00","0000-00-00 00:00:00","0000-00-00 00:00:00",0,Unallocated,,unknown,"/img_jo-2009-11-16.E01/vol_vol2/Documents and Settings/Default User/MPC82C.tmp",,,application/octet-stream,tmp
MPC82D.tmp,"0000-00-00 00:00:00","0000-00-00 00:00:00","0000-00-00 00:00:00","0000-00-00 00:00:00",0,Unallocated,,unknown,"/img_jo-2009-11-16.E01/vol_vol2/Documents and Settings/Default User/MPC82D.tmp",,,application/octet-stream,tmp
MPC82E.tmp,"0000-00-00 00:00:00","0000-00-00 00:00:00","0000-00-00 00:00:00","0000-00-00 00:00:00",0,Unallocated,,unknown,"/img_jo-2009-11-16.E01/vol_vol2/Documents and Settings/Default User/MPC82E.tmp",,,application/octet-stream,tmp
MPC83A.tmp,"0000-00-00 00:00:00","0000-00-00 00:00:00","0000-00-00 00:00:00","0000-00-00 00:00:00",0,Unallocated,,unknown,"/img_jo-2009-11-16.E01/vol_vol2/Documents and Settings/Default User/MPC83A.tmp",,,application/octet-stream,tmp
MPC83C.tmp,"0000-00-00 00:00:00","0000-00-00 00:00:00","0000-00-00 00:00:00","0000-00-00 00:00:00",0,Unallocated,,unknown,"/img_jo-2009-11-16.E01/vol_vol2/Documents and Settings/Default User/MPC83C.tmp",,,application/octet-stream,tmp
MPC83D.tmp,"0000-00-00 00:00:00","0000-00-00 00:00:00","0000-00-00 00:00:00","0000-00-00 00:00:00",0,Unallocated,,unknown,"/img_jo-2009-11-16.E01/vol_vol2/Documents and Settings/Default User/MPC83D.tmp",,,application/octet-stream,tmp
MPC83E.tmp,"0000-00-00 00:00:00","0000-00-00 00:00:00","0000-00-00 00:00:00","0000-00-00 00:00:00",0,Unallocated,,unknown,"/img_jo-2009-11-16.E01/vol_vol2/Documents and Settings/Default User/MPC83E.tmp",,,application/octet-stream,tmp
MPC83F.tmp,"0000-00-00 00:00:00","0000-00-00 00:00:00","0000-00-00 00:00:00","0000-00-00 00:00:00",0,Unallocated,,unknown,"/img_jo-2009-11-16.E01/vol_vol2/Documents and Settings/Default User/MPC83F.tmp",,,application/octet-stream,tmp
MPC840.tmp,"0000-00-00 00:00:00","0000-00-00 00:00:00","0000-00-00 00:00:00","0000-00-00 00:00:00",0,Unallocated,,unknown,"/img_jo-2009-11-16.E01/vol_vol2/Documents and Settings/Default User/MPC840.tmp",,,application/octet-stream,tmp
MPC841.tmp,"0000-00-00 00:00:00","0000-00-00 00:00:00","0000-00-00 00:00:00","0000-00-00 00:00:00",0,Unallocated,,unknown,"/img_jo-2009-11-16.E01/vol_vol2/Documents and Settings/Default User/MPC841.tmp",,,application/octet-stream,tmp
MPC842.tmp,"0000-00-00 00:00:00","0000-00-00 00:00:00","0000-00-00 00:00:00","0000-00-00 00:00:00",0,Unallocated,,unknown,"/img_jo-2009-11-16.E01/vol_vol2/Documents and Settings/Default User/MPC842.tmp",,,application/octet-stream,tmp
~DF72F8.tmp,"0000-00-00 00:00:00","0000-00-00 00:00:00","0000-00-00 00:00:00","0000-00-00 00:00:00",0,Unallocated,,unknown,"/img_jo-2009-11-16.E01/vol_vol2/Documents and Settings/Default User/~DF72F8.tmp",,,application/octet-stream,tmp
extensions.rdf,"0000-00-00 00:00:00","0000-00-00 00:00:00","0000-00-00 00:00:00","0000-00-00 00:00:00",0,Unallocated,,unknown,"/img_jo-2009-11-16.E01/vol_vol2/Documents and Settings/Jo/Application Data/Mozilla/Firefox/Profiles/4pglibt6.default/extensions.rdf",,,application/octet-stream,rdf
parent.lock,"0000-00-00 00:00:00","0000-00-00 00:00:00","0000-00-00 00:00:00","0000-00-00 00:00:00",0,Unallocated,,unknown,"/img_jo-2009-11-16.E01/vol_vol2/Documents and Settings/Jo/Application Data/Mozilla/Firefox/Profiles/4pglibt6.default/parent.lock",,,application/octet-stream,lock
prefs.js,"0000-00-00 00:00:00","0000-00-00 00:00:00","0000-00-00 00:00:00","0000-00-00 00:00:00",0,Unallocated,,unknown,"/img_jo-2009-11-16.E01/vol_vol2/Documents and Settings/Jo/Application Data/Mozilla/Firefox/Profiles/4pglibt6.default/prefs.js",,,application/octet-stream,js
xpti.dat,"0000-00-00 00:00:00","0000-00-00 00:00:00","0000-00-00 00:00:00","0000-00-00 00:00:00",0,Unallocated,,unknown,"/img_jo-2009-11-16.E01/vol_vol2/Documents and Settings/Jo/Application Data/Mozilla/Firefox/Profiles/4pglibt6.default/xpti.dat",,,application/octet-stream,dat
prefs.js,"0000-00-00 00:00:00","0000-00-00 00:00:00","0000-00-00 00:00:00","0000-00-00 00:00:00",0,Unallocated,,unknown,"/img_jo-2009-11-16.E01/vol_vol2/Documents and Settings/Jo/Application Data/Mozilla/Firefox/Profiles/4pglibt6.default/prefs.js",,,application/octet-stream,js
sessionstore.js,"0000-00-00 00:00:00","0000-00-00 00:00:00","0000-00-00 00:00:00","0000-00-00 00:00:00",0,Unallocated,,unknown,"/img_jo-2009-11-16.E01/vol_vol2/Documents and Settings/Jo/Application Data/Mozilla/Firefox/Profiles/4pglibt6.default/sessionstore.js",,,application/octet-stream,js
xpti.dat,"0000-00-00 00:00:00","0000-00-00 00:00:00","0000-00-00 00:00:00","0000-00-00 00:00:00",0,Unallocated,,unknown,"/img_jo-2009-11-16.E01/vol_vol2/Documents and Settings/Jo/Application Data/Mozilla/Firefox/Profiles/4pglibt6.default/xpti.dat",,,application/octet-stream,dat
localstore.rdf,"2009-11-16 23:08:46 EET","2009-11-16 23:08:46 EET","2009-11-16 23:08:46 EET","2009-11-16 23:08:46 EET",4870,Unallocated,Unallocated,unknown,"/img_jo-2009-11-16.E01/vol_vol2/Documents and Settings/Jo/Application Data/Mozilla/Firefox/Profiles/4pglibt6.default/localstore.rdf",,,text/xml,rdf
sessionstore.js,"2009-11-17 02:09:39 EET","2009-11-17 02:09:39 EET","2009-11-17 02:09:39 EET","2009-11-17 02:08:37 EET",51835,Unallocated,Unallocated,unknown,"/img_jo-2009-11-16.E01/vol_vol2/Documents and Settings/Jo/Application Data/Mozilla/Firefox/Profiles/4pglibt6.default/sessionstore.js",,,text/javascript,js
sessionstore.js,"2009-11-17 02:07:30 EET","2009-11-17 02:07:30 EET","2009-11-17 02:07:30 EET","2009-11-17 02:07:19 EET",50854,Unallocated,Unallocated,unknown,"/img_jo-2009-11-16.E01/vol_vol2/Documents and Settings/Jo/Application Data/Mozilla/Firefox/Profiles/4pglibt6.default/sessionstore.js",,,application/octet-stream,js
29,"0000-00-00 00:00:00","0000-00-00 00:00:00","0000-00-00 00:00:00","0000-00-00 00:00:00",0,Unallocated,,unknown,"/img_jo-2009-11-16.E01/vol_vol2/Documents and Settings/Jo/Application Data/Sun/Java/Deployment/cache/6.0/29",,,application/octet-stream,
5,"0000-00-00 00:00:00","0000-00-00 00:00:00","0000-00-00 00:00:00","0000-00-00 00:00:00",0,Unallocated,,unknown,"/img_jo-2009-11-16.E01/vol_vol2/Documents and Settings/Jo/Application Data/Sun/Java/Deployment/cache/6.0/5",,,application/octet-stream,
jo@www.msn[2].txt,"0000-00-00 00:00:00","0000-00-00 00:00:00","0000-00-00 00:00:00","0000-00-00 00:00:00",0,Unallocated,,unknown,"/img_jo-2009-11-16.E01/vol_vol2/Documents and Settings/Jo/Cookies/jo@www.msn[2].txt",,,application/octet-stream,txt
"RecoveryStore.{52DB8F20-CFF6-11DE-9E70-000BDB6358A6}.dat","0000-00-00 00:00:00","0000-00-00 00:00:00","0000-00-00 00:00:00","0000-00-00 00:00:00",0,Unallocated,,unknown,"/img_jo-2009-11-16.E01/vol_vol2/Documents and Settings/Jo/Local Settings/Application Data/Microsoft/Internet Explorer/Recovery/Active/RecoveryStore.{52DB8F20-CFF6-11DE-9E70-000BDB6358A6}.dat",,,application/octet-stream,dat
"{C93F542E-CFF6-11DE-9E70-000BDB6358A6}.dat","0000-00-00 00:00:00","0000-00-00 00:00:00","0000-00-00 00:00:00","0000-00-00 00:00:00",0,Unallocated,,unknown,"/img_jo-2009-11-16.E01/vol_vol2/Documents and Settings/Jo/Local Settings/Application Data/Microsoft/Internet Explorer/Recovery/Active/{C93F542E-CFF6-11DE-9E70-000BDB6358A6}.dat",,,application/octet-stream,dat
37AF05BAd01,"0000-00-00 00:00:00","0000-00-00 00:00:00","0000-00-00 00:00:00","0000-00-00 00:00:00",0,Unallocated,,unknown,"/img_jo-2009-11-16.E01/vol_vol2/Documents and Settings/Jo/Local Settings/Application Data/Mozilla/Firefox/Profiles/4pglibt6.default/Cache/37AF05BAd01",,,application/octet-stream,
51288CDDd01,"0000-00-00 00:00:00","0000-00-00 00:00:00","0000-00-00 00:00:00","0000-00-00 00:00:00",0,Unallocated,,unknown,"/img_jo-2009-11-16.E01/vol_vol2/Documents and Settings/Jo/Local Settings/Application Data/Mozilla/Firefox/Profiles/4pglibt6.default/Cache/51288CDDd01",,,application/octet-stream,
C87C16F2d01,"0000-00-00 00:00:00","0000-00-00 00:00:00","0000-00-00 00:00:00","0000-00-00 00:00:00",0,Unallocated,,unknown,"/img_jo-2009-11-16.E01/vol_vol2/Documents and Settings/Jo/Local Settings/Application Data/Mozilla/Firefox/Profiles/4pglibt6.default/Cache/C87C16F2d01",,,application/octet-stream,
687686D2d01,"0000-00-00 00:00:00","0000-00-00 00:00:00","0000-00-00 00:00:00","0000-00-00 00:00:00",0,Unallocated,,unknown,"/img_jo-2009-11-16.E01/vol_vol2/Documents and Settings/Jo/Local Settings/Application Data/Mozilla/Firefox/Profiles/4pglibt6.default/Cache/687686D2d01",,,application/octet-stream,
DDE03109d01,"0000-00-00 00:00:00","0000-00-00 00:00:00","0000-00-00 00:00:00","0000-00-00 00:00:00",0,Unallocated,,unknown,"/img_jo-2009-11-16.E01/vol_vol2/Documents and Settings/Jo/Local Settings/Application Data/Mozilla/Firefox/Profiles/4pglibt6.default/Cache/DDE03109d01",,,application/octet-stream,
svc0l.tmp,"0000-00-00 00:00:00","0000-00-00 00:00:00","0000-00-00 00:00:00","0000-00-00 00:00:00",0,Unallocated,,unknown,"/img_jo-2009-11-16.E01/vol_vol2/Documents and Settings/Jo/Local Settings/Temp/svbpn.tmp/svc0l.tmp",,,application/octet-stream,tmp
svc03.tmp,"0000-00-00 00:00:00","0000-00-00 00:00:00","0000-00-00 00:00:00","0000-00-00 00:00:00",0,Unallocated,,unknown,"/img_jo-2009-11-16.E01/vol_vol2/Documents and Settings/Jo/Local Settings/Temp/svbpn.tmp/svc03.tmp",,,application/octet-stream,tmp
svc05.tmp,"0000-00-00 00:00:00","0000-00-00 00:00:00","0000-00-00 00:00:00","0000-00-00 00:00:00",0,Unallocated,,unknown,"/img_jo-2009-11-16.E01/vol_vol2/Documents and Settings/Jo/Local Settings/Temp/svbpn.tmp/svc05.tmp",,,application/octet-stream,tmp
svc0h.tmp,"0000-00-00 00:00:00","0000-00-00 00:00:00","0000-00-00 00:00:00","0000-00-00 00:00:00",0,Unallocated,,unknown,"/img_jo-2009-11-16.E01/vol_vol2/Documents and Settings/Jo/Local Settings/Temp/svbpn.tmp/svc0h.tmp",,,application/octet-stream,tmp
svc0k.tmp,"0000-00-00 00:00:00","0000-00-00 00:00:00","0000-00-00 00:00:00","0000-00-00 00:00:00",0,Unallocated,,unknown,"/img_jo-2009-11-16.E01/vol_vol2/Documents and Settings/Jo/Local Settings/Temp/svbpn.tmp/svc0k.tmp",,,application/octet-stream,tmp
svc08.tmp,"2009-11-17 02:10:03 EET","2009-11-17 02:10:03 EET","2009-11-17 02:10:03 EET","2009-11-17 02:10:03 EET",0,Unallocated,Unallocated,unknown,"/img_jo-2009-11-16.E01/vol_vol2/Documents and Settings/Jo/Local Settings/Temp/svbpn.tmp/svc08.tmp",,,application/octet-stream,tmp
svc0a.tmp,"2009-11-17 02:10:03 EET","2009-11-17 02:10:03 EET","2009-11-17 02:10:03 EET","2009-11-17 02:10:03 EET",970,Unallocated,Unallocated,unknown,"/img_jo-2009-11-16.E01/vol_vol2/Documents and Settings/Jo/Local Settings/Temp/svbpn.tmp/svc0a.tmp",,,text/xml,tmp
svc0b.tmp,"2009-11-17 02:10:04 EET","2009-11-17 02:10:04 EET","2009-11-17 02:10:04 EET","2009-11-17 02:10:03 EET",8099,Unallocated,Unallocated,unknown,"/img_jo-2009-11-16.E01/vol_vol2/Documents and Settings/Jo/Local Settings/Temp/svbpn.tmp/svc0b.tmp",,,text/xml,tmp
svc0c.tmp,"2009-11-17 02:10:04 EET","2009-11-17 02:10:04 EET","2009-11-17 02:10:04 EET","2009-11-17 02:10:04 EET",8099,Unallocated,Unallocated,unknown,"/img_jo-2009-11-16.E01/vol_vol2/Documents and Settings/Jo/Local Settings/Temp/svbpn.tmp/svc0c.tmp",,,text/plain,tmp
svc0d.tmp,"2009-11-17 02:10:04 EET","2009-11-17 02:10:04 EET","2009-11-17 02:10:04 EET","2009-11-17 02:10:04 EET",12951,Unallocated,Unallocated,unknown,"/img_jo-2009-11-16.E01/vol_vol2/Documents and Settings/Jo/Local Settings/Temp/svbpn.tmp/svc0d.tmp",,,text/xml,tmp
svc0e.tmp,"2009-11-17 02:10:04 EET","2009-11-17 02:10:04 EET","2009-11-17 02:10:04 EET","2009-11-17 02:10:04 EET",12951,Unallocated,Unallocated,unknown,"/img_jo-2009-11-16.E01/vol_vol2/Documents and Settings/Jo/Local Settings/Temp/svbpn.tmp/svc0e.tmp",,,text/xml,tmp
svc0f.tmp,"2009-11-17 02:10:06 EET","2009-11-17 02:10:06 EET","2009-11-17 02:10:06 EET","2009-11-17 02:10:04 EET",174012,Unallocated,Unallocated,unknown,"/img_jo-2009-11-16.E01/vol_vol2/Documents and Settings/Jo/Local Settings/Temp/svbpn.tmp/svc0f.tmp",,,text/xml,tmp
svc0g.tmp,"2009-11-17 02:10:06 EET","2009-11-17 02:10:06 EET","2009-11-17 02:10:06 EET","2009-11-17 02:10:06 EET",174012,Unallocated,Unallocated,unknown,"/img_jo-2009-11-16.E01/vol_vol2/Documents and Settings/Jo/Local Settings/Temp/svbpn.tmp/svc0g.tmp",,,application/octet-stream,tmp
svc0h.tmp,"2009-11-17 02:10:06 EET","2009-11-17 02:10:06 EET","2009-11-17 02:10:06 EET","2009-11-17 02:10:06 EET",355,Unallocated,Unallocated,unknown,"/img_jo-2009-11-16.E01/vol_vol2/Documents and Settings/Jo/Local Settings/Temp/svbpn.tmp/svc0h.tmp",,,application/octet-stream,tmp
svc0i.tmp,"2009-11-17 02:10:06 EET","2009-11-17 02:10:06 EET","2009-11-17 02:10:06 EET","2009-11-17 02:10:06 EET",355,Unallocated,Unallocated,unknown,"/img_jo-2009-11-16.E01/vol_vol2/Documents and Settings/Jo/Local Settings/Temp/svbpn.tmp/svc0i.tmp",,,application/octet-stream,tmp
svc0j.tmp,"2009-11-17 02:10:06 EET","2009-11-17 02:10:06 EET","2009-11-17 02:10:06 EET","2009-11-17 02:10:06 EET",7083,Unallocated,Unallocated,unknown,"/img_jo-2009-11-16.E01/vol_vol2/Documents and Settings/Jo/Local Settings/Temp/svbpn.tmp/svc0j.tmp",,,application/octet-stream,tmp
svc0k.tmp,"2009-11-17 02:10:06 EET","2009-11-17 02:10:06 EET","2009-11-17 02:10:06 EET","2009-11-17 02:10:06 EET",7083,Unallocated,Unallocated,unknown,"/img_jo-2009-11-16.E01/vol_vol2/Documents and Settings/Jo/Local Settings/Temp/svbpn.tmp/svc0k.tmp",,,application/octet-stream,tmp
svbpn.tmp,"0000-00-00 00:00:00","0000-00-00 00:00:00","0000-00-00 00:00:00","0000-00-00 00:00:00",0,Unallocated,,unknown,"/img_jo-2009-11-16.E01/vol_vol2/Documents and Settings/Jo/Local Settings/Temp/svbpn.tmp",,,application/octet-stream,tmp
~DFE48A.tmp,"0000-00-00 00:00:00","0000-00-00 00:00:00","0000-00-00 00:00:00","0000-00-00 00:00:00",0,Unallocated,,unknown,"/img_jo-2009-11-16.E01/vol_vol2/Documents and Settings/Jo/Local Settings/Temp/~DFE48A.tmp",,,application/octet-stream,tmp
~DFEF47.tmp,"0000-00-00 00:00:00","0000-00-00 00:00:00","0000-00-00 00:00:00","0000-00-00 00:00:00",0,Unallocated,,unknown,"/img_jo-2009-11-16.E01/vol_vol2/Documents and Settings/Jo/Local Settings/Temp/~DFEF47.tmp",,,application/octet-stream,tmp
arr[1].gif,"0000-00-00 00:00:00","0000-00-00 00:00:00","0000-00-00 00:00:00","0000-00-00 00:00:00",0,Unallocated,,unknown,"/img_jo-2009-11-16.E01/vol_vol2/Documents and Settings/Jo/Local Settings/Temporary Internet Files/Content.IE5/7F4YU7SD/arr[1].gif",,,application/octet-stream,gif
newmail[1],"0000-00-00 00:00:00","0000-00-00 00:00:00","0000-00-00 00:00:00","0000-00-00 00:00:00",0,Unallocated,,unknown,"/img_jo-2009-11-16.E01/vol_vol2/Documents and Settings/Jo/Local Settings/Temporary Internet Files/Content.IE5/7F4YU7SD/newmail[1]",,,application/octet-stream,
next_w[1],"0000-00-00 00:00:00","0000-00-00 00:00:00","0000-00-00 00:00:00","0000-00-00 00:00:00",0,Unallocated,,unknown,"/img_jo-2009-11-16.E01/vol_vol2/Documents and Settings/Jo/Local Settings/Temporary Internet Files/Content.IE5/7F4YU7SD/next_w[1]",,,application/octet-stream,
oelogo1[2],"0000-00-00 00:00:00","0000-00-00 00:00:00","0000-00-00 00:00:00","0000-00-00 00:00:00",0,Unallocated,,unknown,"/img_jo-2009-11-16.E01/vol_vol2/Documents and Settings/Jo/Local Settings/Temporary Internet Files/Content.IE5/7F4YU7SD/oelogo1[2]",,,application/octet-stream,
oelogo2[1],"0000-00-00 00:00:00","0000-00-00 00:00:00","0000-00-00 00:00:00","0000-00-00 00:00:00",0,Unallocated,,unknown,"/img_jo-2009-11-16.E01/vol_vol2/Documents and Settings/Jo/Local Settings/Temporary Internet Files/Content.IE5/7F4YU7SD/oelogo2[1]",,,application/octet-stream,
wbk11.tmp,"0000-00-00 00:00:00","0000-00-00 00:00:00","0000-00-00 00:00:00","0000-00-00 00:00:00",0,Unallocated,,unknown,"/img_jo-2009-11-16.E01/vol_vol2/Documents and Settings/Jo/Local Settings/Temporary Internet Files/Content.IE5/7F4YU7SD/wbk11.tmp",,,application/octet-stream,tmp
wbk13.tmp,"0000-00-00 00:00:00","0000-00-00 00:00:00","0000-00-00 00:00:00","0000-00-00 00:00:00",0,Unallocated,,unknown,"/img_jo-2009-11-16.E01/vol_vol2/Documents and Settings/Jo/Local Settings/Temporary Internet Files/Content.IE5/7F4YU7SD/wbk13.tmp",,,application/octet-stream,tmp
wbk15.tmp,"0000-00-00 00:00:00","0000-00-00 00:00:00","0000-00-00 00:00:00","0000-00-00 00:00:00",0,Unallocated,,unknown,"/img_jo-2009-11-16.E01/vol_vol2/Documents and Settings/Jo/Local Settings/Temporary Internet Files/Content.IE5/7F4YU7SD/wbk15.tmp",,,application/octet-stream,tmp
wbk17.tmp,"0000-00-00 00:00:00","0000-00-00 00:00:00","0000-00-00 00:00:00","0000-00-00 00:00:00",0,Unallocated,,unknown,"/img_jo-2009-11-16.E01/vol_vol2/Documents and Settings/Jo/Local Settings/Temporary Internet Files/Content.IE5/7F4YU7SD/wbk17.tmp",,,application/octet-stream,tmp
wbk19.tmp,"0000-00-00 00:00:00","0000-00-00 00:00:00","0000-00-00 00:00:00","0000-00-00 00:00:00",0,Unallocated,,unknown,"/img_jo-2009-11-16.E01/vol_vol2/Documents and Settings/Jo/Local Settings/Temporary Internet Files/Content.IE5/7F4YU7SD/wbk19.tmp",,,application/octet-stream,tmp
wbk1B.tmp,"0000-00-00 00:00:00","0000-00-00 00:00:00","0000-00-00 00:00:00","0000-00-00 00:00:00",0,Unallocated,,unknown,"/img_jo-2009-11-16.E01/vol_vol2/Documents and Settings/Jo/Local Settings/Temporary Internet Files/Content.IE5/7F4YU7SD/wbk1B.tmp",,,application/octet-stream,tmp
wbk1D.tmp,"0000-00-00 00:00:00","0000-00-00 00:00:00","0000-00-00 00:00:00","0000-00-00 00:00:00",0,Unallocated,,unknown,"/img_jo-2009-11-16.E01/vol_vol2/Documents and Settings/Jo/Local Settings/Temporary Internet Files/Content.IE5/7F4YU7SD/wbk1D.tmp",,,application/octet-stream,tmp
wbk1F.tmp,"0000-00-00 00:00:00","0000-00-00 00:00:00","0000-00-00 00:00:00","0000-00-00 00:00:00",0,Unallocated,,unknown,"/img_jo-2009-11-16.E01/vol_vol2/Documents and Settings/Jo/Local Settings/Temporary Internet Files/Content.IE5/7F4YU7SD/wbk1F.tmp",,,application/octet-stream,tmp
wbkD.tmp,"0000-00-00 00:00:00","0000-00-00 00:00:00","0000-00-00 00:00:00","0000-00-00 00:00:00",0,Unallocated,,unknown,"/img_jo-2009-11-16.E01/vol_vol2/Documents and Settings/Jo/Local Settings/Temporary Internet Files/Content.IE5/7F4YU7SD/wbkD.tmp",,,application/octet-stream,tmp
wbkF.tmp,"0000-00-00 00:00:00","0000-00-00 00:00:00","0000-00-00 00:00:00","0000-00-00 00:00:00",0,Unallocated,,unknown,"/img_jo-2009-11-16.E01/vol_vol2/Documents and Settings/Jo/Local Settings/Temporary Internet Files/Content.IE5/7F4YU7SD/wbkF.tmp",,,application/octet-stream,tmp
wbk21.tmp,"2009-11-16 22:53:29 EET","2009-11-16 22:53:29 EET","2009-11-16 22:53:29 EET","2009-11-16 22:53:29 EET",2658,Unallocated,Unallocated,unknown,"/img_jo-2009-11-16.E01/vol_vol2/Documents and Settings/Jo/Local Settings/Temporary Internet Files/Content.IE5/7F4YU7SD/wbk21.tmp",,,text/html,tmp
wbk23.tmp,"2009-11-16 22:53:30 EET","2009-11-16 22:53:30 EET","2009-11-16 22:53:30 EET","2009-11-16 22:53:30 EET",337,Unallocated,Unallocated,unknown,"/img_jo-2009-11-16.E01/vol_vol2/Documents and Settings/Jo/Local Settings/Temporary Internet Files/Content.IE5/7F4YU7SD/wbk23.tmp",,,text/html,tmp
wbk25.tmp,"2009-11-16 22:54:30 EET","2009-11-16 22:54:30 EET","2009-11-16 22:54:30 EET","2009-11-16 22:54:30 EET",2658,Unallocated,Unallocated,unknown,"/img_jo-2009-11-16.E01/vol_vol2/Documents and Settings/Jo/Local Settings/Temporary Internet Files/Content.IE5/7F4YU7SD/wbk25.tmp",,,application/octet-stream,tmp
wbk27.tmp,"2009-11-16 22:54:30 EET","2009-11-16 22:54:30 EET","2009-11-16 22:54:30 EET","2009-11-16 22:54:30 EET",337,Unallocated,Unallocated,unknown,"/img_jo-2009-11-16.E01/vol_vol2/Documents and Settings/Jo/Local Settings/Temporary Internet Files/Content.IE5/7F4YU7SD/wbk27.tmp",,,text/html,tmp
wbk29.tmp,"2009-11-16 22:54:38 EET","2009-11-16 22:54:38 EET","2009-11-16 22:54:38 EET","2009-11-16 22:54:38 EET",337,Unallocated,Unallocated,unknown,"/img_jo-2009-11-16.E01/vol_vol2/Documents and Settings/Jo/Local Settings/Temporary Internet Files/Content.IE5/7F4YU7SD/wbk29.tmp",,,text/html,tmp
wbk2B.tmp,"2009-11-16 22:54:47 EET","2009-11-16 22:54:47 EET","2009-11-16 22:54:47 EET","2009-11-16 22:54:47 EET",1191,Unallocated,Unallocated,unknown,"/img_jo-2009-11-16.E01/vol_vol2/Documents and Settings/Jo/Local Settings/Temporary Internet Files/Content.IE5/7F4YU7SD/wbk2B.tmp",,,application/octet-stream,tmp
wbk2D.tmp,"2009-11-16 22:54:49 EET","2009-11-16 22:54:49 EET","2009-11-16 22:54:49 EET","2009-11-16 22:54:49 EET",1504,Unallocated,Unallocated,unknown,"/img_jo-2009-11-16.E01/vol_vol2/Documents and Settings/Jo/Local Settings/Temporary Internet Files/Content.IE5/7F4YU7SD/wbk2D.tmp",,,text/html,tmp
wbk2F.tmp,"2009-11-16 22:54:55 EET","2009-11-16 22:54:55 EET","2009-11-16 22:54:55 EET","2009-11-16 22:54:55 EET",1191,Unallocated,Unallocated,unknown,"/img_jo-2009-11-16.E01/vol_vol2/Documents and Settings/Jo/Local Settings/Temporary Internet Files/Content.IE5/7F4YU7SD/wbk2F.tmp",,,text/html,tmp
wbk31.tmp,"2009-11-16 22:54:59 EET","2009-11-16 22:54:59 EET","2009-11-16 22:54:59 EET","2009-11-16 22:54:59 EET",337,Unallocated,Unallocated,unknown,"/img_jo-2009-11-16.E01/vol_vol2/Documents and Settings/Jo/Local Settings/Temporary Internet Files/Content.IE5/7F4YU7SD/wbk31.tmp",,,text/html,tmp
unread[1],"0000-00-00 00:00:00","0000-00-00 00:00:00","0000-00-00 00:00:00","0000-00-00 00:00:00",0,Unallocated,,unknown,"/img_jo-2009-11-16.E01/vol_vol2/Documents and Settings/Jo/Local Settings/Temporary Internet Files/Content.IE5/YX6N8K1L/unread[1]",,,application/octet-stream,
YX6N8K1L,"0000-00-00 00:00:00","0000-00-00 00:00:00","0000-00-00 00:00:00","0000-00-00 00:00:00",0,Unallocated,,unknown,"/img_jo-2009-11-16.E01/vol_vol2/Documents and Settings/LocalService/Local Settings/Temporary Internet Files/Content.IE5/YX6N8K1L",,,application/octet-stream,
avgcchfi.dat,"2009-11-13 05:08:28 EET","2009-11-13 05:08:28 EET","2009-11-13 05:08:28 EET","2009-11-13 05:08:25 EET",27888,Unallocated,Unallocated,unknown,"/img_jo-2009-11-16.E01/vol_vol2/$AVG/$CHJW/avgcchfi.dat",,,application/octet-stream,dat
igfxdo.dll,"0000-00-00 00:00:00","0000-00-00 00:00:00","0000-00-00 00:00:00","0000-00-00 00:00:00",0,Unallocated,,unknown,"/img_jo-2009-11-16.E01/vol_vol2/dell/drivers/R79733/Win2000/igfxdo.dll",,,application/octet-stream,dll
avgcfgx.dll,"0000-00-00 00:00:00","0000-00-00 00:00:00","0000-00-00 00:00:00","0000-00-00 00:00:00",0,Unallocated,,unknown,"/img_jo-2009-11-16.E01/vol_vol2/Program Files/AVG/AVG9/avgcfgx.dll",,,application/octet-stream,dll
avgcorex.dll,"0000-00-00 00:00:00","0000-00-00 00:00:00","0000-00-00 00:00:00","0000-00-00 00:00:00",0,Unallocated,,unknown,"/img_jo-2009-11-16.E01/vol_vol2/Program Files/AVG/AVG9/avgcorex.dll",,,application/octet-stream,dll
avgfrw.exe,"0000-00-00 00:00:00","0000-00-00 00:00:00","0000-00-00 00:00:00","0000-00-00 00:00:00",0,Unallocated,,unknown,"/img_jo-2009-11-16.E01/vol_vol2/Program Files/AVG/AVG9/avgfrw.exe",,,application/octet-stream,exe
avgfws9.exe,"0000-00-00 00:00:00","0000-00-00 00:00:00","0000-00-00 00:00:00","0000-00-00 00:00:00",0,Unallocated,,unknown,"/img_jo-2009-11-16.E01/vol_vol2/Program Files/AVG/AVG9/avgfws9.exe",,,application/octet-stream,exe
avgfwui.dll,"0000-00-00 00:00:00","0000-00-00 00:00:00","0000-00-00 00:00:00","0000-00-00 00:00:00",0,Unallocated,,unknown,"/img_jo-2009-11-16.E01/vol_vol2/Program Files/AVG/AVG9/avgfwui.dll",,,application/octet-stream,dll
avgfwwiz.dll,"0000-00-00 00:00:00","0000-00-00 00:00:00","0000-00-00 00:00:00","0000-00-00 00:00:00",0,Unallocated,,unknown,"/img_jo-2009-11-16.E01/vol_vol2/Program Files/AVG/AVG9/avgfwwiz.dll",,,application/octet-stream,dll
avguiadv.dll,"0000-00-00 00:00:00","0000-00-00 00:00:00","0000-00-00 00:00:00","0000-00-00 00:00:00",0,Unallocated,,unknown,"/img_jo-2009-11-16.E01/vol_vol2/Program Files/AVG/AVG9/avguiadv.dll",,,application/octet-stream,dll
avgupd.dat.prepare,"0000-00-00 00:00:00","0000-00-00 00:00:00","0000-00-00 00:00:00","0000-00-00 00:00:00",0,Unallocated,,unknown,"/img_jo-2009-11-16.E01/vol_vol2/Program Files/AVG/AVG9/avgupd.dat.prepare",,,application/octet-stream,prepare
avgupd.dll.old,"2009-11-09 03:15:47 EET","2009-11-09 19:00:36 EET","2009-11-09 18:59:46 EET","2009-11-09 03:15:47 EET",1657112,Unallocated,Allocated,unknown,"/img_jo-2009-11-16.E01/vol_vol2/Program Files/AVG/AVG9/avgupd.dll.old",,,application/x-msdownload,old
avgxpl.dll,"0000-00-00 00:00:00","0000-00-00 00:00:00","0000-00-00 00:00:00","0000-00-00 00:00:00",0,Unallocated,,unknown,"/img_jo-2009-11-16.E01/vol_vol2/Program Files/AVG/AVG9/avgxpl.dll",,,application/octet-stream,dll
avgxpl.dll.prepare,"2009-11-09 19:00:19 EET","2009-11-11 22:03:16 EET","2009-11-17 02:25:12 EET","2009-11-09 19:00:19 EET",1082648,Unallocated,Allocated,unknown,"/img_jo-2009-11-16.E01/vol_vol2/Program Files/AVG/AVG9/avgxpl.dll.prepare",,,application/x-msdownload,prepare
avgsrmax.exe,"0000-00-00 00:00:00","0000-00-00 00:00:00","0000-00-00 00:00:00","0000-00-00 00:00:00",0,Unallocated,,unknown,"/img_jo-2009-11-16.E01/vol_vol2/Program Files/AVG/AVG9/avgsrmax.exe",,,application/octet-stream,exe
sb.dat.xcd.old,"0000-00-00 00:00:00","0000-00-00 00:00:00","0000-00-00 00:00:00","0000-00-00 00:00:00",0,Unallocated,,unknown,"/img_jo-2009-11-16.E01/vol_vol2/Program Files/AVG/AVG9/sb.dat.xcd.old",,,application/octet-stream,old
sb2.dat,"0000-00-00 00:00:00","0000-00-00 00:00:00","0000-00-00 00:00:00","0000-00-00 00:00:00",0,Unallocated,,unknown,"/img_jo-2009-11-16.E01/vol_vol2/Program Files/AVG/AVG9/sb2.dat",,,application/octet-stream,dat
sb2.dat.prepare,"0000-00-00 00:00:00","0000-00-00 00:00:00","0000-00-00 00:00:00","0000-00-00 00:00:00",0,Unallocated,,unknown,"/img_jo-2009-11-16.E01/vol_vol2/Program Files/AVG/AVG9/sb2.dat.prepare",,,application/octet-stream,prepare
sc.dat,"0000-00-00 00:00:00","0000-00-00 00:00:00","0000-00-00 00:00:00","0000-00-00 00:00:00",0,Unallocated,,unknown,"/img_jo-2009-11-16.E01/vol_vol2/Program Files/AVG/AVG9/sc.dat",,,application/octet-stream,dat
sc.dat.prepare,"0000-00-00 00:00:00","0000-00-00 00:00:00","0000-00-00 00:00:00","0000-00-00 00:00:00",0,Unallocated,,unknown,"/img_jo-2009-11-16.E01/vol_vol2/Program Files/AVG/AVG9/sc.dat.prepare",,,application/octet-stream,prepare
sc.dat.xcd,"0000-00-00 00:00:00","0000-00-00 00:00:00","0000-00-00 00:00:00","0000-00-00 00:00:00",0,Unallocated,,unknown,"/img_jo-2009-11-16.E01/vol_vol2/Program Files/AVG/AVG9/sc.dat.xcd",,,application/octet-stream,xcd
setup.dat,"0000-00-00 00:00:00","0000-00-00 00:00:00","0000-00-00 00:00:00","0000-00-00 00:00:00",0,Unallocated,,unknown,"/img_jo-2009-11-16.E01/vol_vol2/Program Files/AVG/AVG9/setup.dat",,,application/octet-stream,dat
setup.exe,"0000-00-00 00:00:00","0000-00-00 00:00:00","0000-00-00 00:00:00","0000-00-00 00:00:00",0,Unallocated,,unknown,"/img_jo-2009-11-16.E01/vol_vol2/Program Files/AVG/AVG9/setup.exe",,,application/octet-stream,exe
avgfwwiz.dll,"0000-00-00 00:00:00","0000-00-00 00:00:00","0000-00-00 00:00:00","0000-00-00 00:00:00",0,Unallocated,,unknown,"/img_jo-2009-11-16.E01/vol_vol2/Program Files/AVG/AVG9/avgfwwiz.dll",,,application/octet-stream,dll
fieruled.gif,"0000-00-00 00:00:00","0000-00-00 00:00:00","0000-00-00 00:00:00","0000-00-00 00:00:00",0,Unallocated,,unknown,"/img_jo-2009-11-16.E01/vol_vol2/Program Files/Common Files/Microsoft Shared/Stationery/fieruled.gif",,,application/octet-stream,gif
"Network Blitz.htm","0000-00-00 00:00:00","0000-00-00 00:00:00","0000-00-00 00:00:00","0000-00-00 00:00:00",0,Unallocated,,unknown,"/img_jo-2009-11-16.E01/vol_vol2/Program Files/Common Files/Microsoft Shared/Stationery/Network Blitz.htm",,,application/octet-stream,htm
SETCE.tmp,"0000-00-00 00:00:00","0000-00-00 00:00:00","0000-00-00 00:00:00","0000-00-00 00:00:00",0,Unallocated,,unknown,"/img_jo-2009-11-16.E01/vol_vol2/Program Files/Common Files/System/msadc/SETCE.tmp",,,application/octet-stream,tmp
xpshims.dll,"0000-00-00 00:00:00","0000-00-00 00:00:00","0000-00-00 00:00:00","0000-00-00 00:00:00",0,Unallocated,,unknown,"/img_jo-2009-11-16.E01/vol_vol2/Program Files/Internet Explorer/xpshims.dll",,,application/octet-stream,dll
j2pcsc.dll,"0000-00-00 00:00:00","0000-00-00 00:00:00","0000-00-00 00:00:00","0000-00-00 00:00:00",0,Unallocated,,unknown,"/img_jo-2009-11-16.E01/vol_vol2/Program Files/Java/jre6/bin/j2pcsc.dll",,,application/octet-stream,dll
j2pkcs11.dll,"2009-11-10 02:55:37 EET","2009-11-10 03:29:30 EET","2009-11-10 03:29:30 EET","2009-11-10 02:55:37 EET",41984,Unallocated,Allocated,unknown,"/img_jo-2009-11-16.E01/vol_vol2/Program Files/Java/jre6/bin/j2pkcs11.dll",,,application/x-msdownload,dll
jaas_nt.dll,"2009-11-10 02:55:37 EET","2009-11-10 03:29:30 EET","2009-11-10 03:29:30 EET","2009-11-10 02:55:37 EET",10240,Unallocated,Allocated,unknown,"/img_jo-2009-11-16.E01/vol_vol2/Program Files/Java/jre6/bin/jaas_nt.dll",,,application/x-msdownload,dll
java-rmi.exe,"2009-11-10 02:55:37 EET","2009-11-10 03:29:30 EET","2009-11-10 03:29:30 EET","2009-11-10 02:55:37 EET",33056,Unallocated,Allocated,unknown,"/img_jo-2009-11-16.E01/vol_vol2/Program Files/Java/jre6/bin/java-rmi.exe",,,application/x-dosexec,exe
java.dll,"2009-11-10 02:55:37 EET","2009-11-10 03:29:31 EET","2009-11-10 03:29:31 EET","2009-11-10 02:55:37 EET",126976,Unallocated,Allocated,unknown,"/img_jo-2009-11-16.E01/vol_vol2/Program Files/Java/jre6/bin/java.dll",,,application/x-msdownload,dll
java.exe,"2009-11-10 02:55:37 EET","2009-11-10 03:29:31 EET","2009-11-10 03:29:31 EET","2009-11-10 02:55:37 EET",145184,Unallocated,Allocated,unknown,"/img_jo-2009-11-16.E01/vol_vol2/Program Files/Java/jre6/bin/java.exe",,,application/x-dosexec,exe
javacpl.cpl,"2009-11-10 02:55:37 EET","2009-11-10 03:29:32 EET","2009-11-10 03:29:31 EET","2009-11-10 02:55:37 EET",73728,Unallocated,Allocated,unknown,"/img_jo-2009-11-16.E01/vol_vol2/Program Files/Java/jre6/bin/javacpl.cpl",,,application/x-msdownload,cpl
javacpl.exe,"2009-11-10 02:55:37 EET","2009-11-10 03:29:32 EET","2009-11-10 03:29:32 EET","2009-11-10 02:55:37 EET",59168,Unallocated,Allocated,unknown,"/img_jo-2009-11-16.E01/vol_vol2/Program Files/Java/jre6/bin/javacpl.exe",,,application/x-dosexec,exe
javaw.exe,"2009-11-10 02:55:37 EET","2009-11-10 03:29:32 EET","2009-11-10 03:29:32 EET","2009-11-10 02:55:37 EET",145184,Unallocated,Allocated,unknown,"/img_jo-2009-11-16.E01/vol_vol2/Program Files/Java/jre6/bin/javaw.exe",,,application/x-msdownload,exe
javaws.exe,"2009-11-10 02:55:37 EET","2009-11-10 03:29:33 EET","2009-11-10 03:29:32 EET","2009-11-10 02:55:37 EET",149280,Unallocated,Allocated,unknown,"/img_jo-2009-11-16.E01/vol_vol2/Program Files/Java/jre6/bin/javaws.exe",,,application/x-dosexec,exe
java_crw_demo.dll,"2009-11-10 02:55:37 EET","2009-11-10 03:29:31 EET","2009-11-10 03:29:31 EET","2009-11-10 02:55:37 EET",14336,Unallocated,Allocated,unknown,"/img_jo-2009-11-16.E01/vol_vol2/Program Files/Java/jre6/bin/java_crw_demo.dll",,,application/x-msdownload,dll
jawt.dll,"2009-11-10 02:55:37 EET","2009-11-10 03:29:33 EET","2009-11-10 03:29:33 EET","2009-11-10 02:55:37 EET",5120,Unallocated,Allocated,unknown,"/img_jo-2009-11-16.E01/vol_vol2/Program Files/Java/jre6/bin/jawt.dll",,,application/x-msdownload,dll
jbroker.exe,"2009-11-10 02:55:37 EET","2009-11-10 03:29:33 EET","2009-11-10 03:29:33 EET","2009-11-10 02:55:37 EET",79648,Unallocated,Allocated,unknown,"/img_jo-2009-11-16.E01/vol_vol2/Program Files/Java/jre6/bin/jbroker.exe",,,application/x-dosexec,exe
JdbcOdbc.dll,"2009-11-10 02:55:37 EET","2009-11-10 03:29:34 EET","2009-11-10 03:29:33 EET","2009-11-10 02:55:37 EET",36352,Unallocated,Allocated,unknown,"/img_jo-2009-11-16.E01/vol_vol2/Program Files/Java/jre6/bin/JdbcOdbc.dll",,,application/x-msdownload,dll
jdwp.dll,"2009-11-10 02:55:37 EET","2009-11-10 03:29:34 EET","2009-11-10 03:29:34 EET","2009-11-10 02:55:37 EET",167936,Unallocated,Allocated,unknown,"/img_jo-2009-11-16.E01/vol_vol2/Program Files/Java/jre6/bin/jdwp.dll",,,application/x-msdownload,dll
jkernel.dll,"2009-11-10 02:55:37 EET","2009-11-10 03:29:34 EET","2009-11-10 03:29:34 EET","2009-11-10 02:55:37 EET",208896,Unallocated,Allocated,unknown,"/img_jo-2009-11-16.E01/vol_vol2/Program Files/Java/jre6/bin/jkernel.dll",,,application/x-msdownload,dll
jli.dll,"2009-11-10 02:55:37 EET","2009-11-10 03:29:35 EET","2009-11-10 03:29:35 EET","2009-11-10 02:55:37 EET",77824,Unallocated,Allocated,unknown,"/img_jo-2009-11-16.E01/vol_vol2/Program Files/Java/jre6/bin/jli.dll",,,application/x-msdownload,dll
regutils.dll,"2009-08-01 03:09:06 EEST","2009-11-10 03:30:23 EET","2009-11-10 03:29:09 EET","2009-08-01 03:09:06 EEST",266240,Unallocated,Allocated,unknown,"/img_jo-2009-11-16.E01/vol_vol2/Program Files/Java/jre6/bin/regutils.dll",,,application/x-msdownload,dll
jp2iexp.dll,"0000-00-00 00:00:00","0000-00-00 00:00:00","0000-00-00 00:00:00","0000-00-00 00:00:00",0,Unallocated,,unknown,"/img_jo-2009-11-16.E01/vol_vol2/Program Files/Java/jre6/bin/jp2iexp.dll",,,application/octet-stream,dll
jp2native.dll,"2009-11-10 02:55:37 EET","2009-11-10 03:29:36 EET","2009-11-10 03:29:36 EET","2009-11-10 02:55:37 EET",8192,Unallocated,Allocated,unknown,"/img_jo-2009-11-16.E01/vol_vol2/Program Files/Java/jre6/bin/jp2native.dll",,,application/x-msdownload,dll
jp2ssv.dll,"2009-11-10 02:55:37 EET","2009-11-10 03:29:36 EET","2009-11-10 03:29:36 EET","2009-11-10 02:55:37 EET",41760,Unallocated,Allocated,unknown,"/img_jo-2009-11-16.E01/vol_vol2/Program Files/Java/jre6/bin/jp2ssv.dll",,,application/x-msdownload,dll
jpeg.dll,"2009-11-10 02:55:38 EET","2009-11-10 03:29:37 EET","2009-11-10 03:29:36 EET","2009-11-10 02:55:38 EET",147456,Unallocated,Allocated,unknown,"/img_jo-2009-11-16.E01/vol_vol2/Program Files/Java/jre6/bin/jpeg.dll",,,application/x-msdownload,dll
jpicom.dll,"2009-11-10 02:55:38 EET","2009-11-10 03:29:37 EET","2009-11-10 03:29:37 EET","2009-11-10 02:55:38 EET",98304,Unallocated,Allocated,unknown,"/img_jo-2009-11-16.E01/vol_vol2/Program Files/Java/jre6/bin/jpicom.dll",,,application/x-msdownload,dll
jpiexp.dll,"2009-11-10 02:55:38 EET","2009-11-10 03:29:37 EET","2009-11-10 03:29:37 EET","2009-11-10 02:55:38 EET",110592,Unallocated,Allocated,unknown,"/img_jo-2009-11-16.E01/vol_vol2/Program Files/Java/jre6/bin/jpiexp.dll",,,application/x-msdownload,dll
jpinscp.dll,"2009-11-10 02:55:38 EET","2009-11-10 03:29:37 EET","2009-11-10 03:29:37 EET","2009-11-10 02:55:38 EET",98304,Unallocated,Allocated,unknown,"/img_jo-2009-11-16.E01/vol_vol2/Program Files/Java/jre6/bin/jpinscp.dll",,,application/x-msdownload,dll
jpioji.dll,"2009-11-10 02:55:38 EET","2009-11-10 03:29:38 EET","2009-11-10 03:29:37 EET","2009-11-10 02:55:38 EET",65536,Unallocated,Allocated,unknown,"/img_jo-2009-11-16.E01/vol_vol2/Program Files/Java/jre6/bin/jpioji.dll",,,application/x-msdownload,dll
jpishare.dll,"2009-11-10 02:55:39 EET","2009-11-10 03:29:38 EET","2009-11-10 03:29:38 EET","2009-11-10 02:55:39 EET",126976,Unallocated,Allocated,unknown,"/img_jo-2009-11-16.E01/vol_vol2/Program Files/Java/jre6/bin/jpishare.dll",,,application/x-msdownload,dll
jqs.exe,"2009-11-10 02:55:39 EET","2009-11-10 03:29:38 EET","2009-11-10 03:29:38 EET","2009-11-10 02:55:39 EET",153376,Unallocated,Allocated,unknown,"/img_jo-2009-11-16.E01/vol_vol2/Program Files/Java/jre6/bin/jqs.exe",,,application/x-dosexec,exe
jqsnotify.exe,"2009-11-10 02:55:39 EET","2009-11-10 03:29:39 EET","2009-11-10 03:29:39 EET","2009-11-10 02:55:39 EET",55072,Unallocated,Allocated,unknown,"/img_jo-2009-11-16.E01/vol_vol2/Program Files/Java/jre6/bin/jqsnotify.exe",,,application/x-dosexec,exe
jsound.dll,"2009-11-10 02:55:39 EET","2009-11-10 03:29:40 EET","2009-11-10 03:29:39 EET","2009-11-10 02:55:39 EET",147456,Unallocated,Allocated,unknown,"/img_jo-2009-11-16.E01/vol_vol2/Program Files/Java/jre6/bin/jsound.dll",,,application/x-msdownload,dll
jsoundds.dll,"2009-11-10 02:55:39 EET","2009-11-10 03:29:40 EET","2009-11-10 03:29:40 EET","2009-11-10 02:55:39 EET",18432,Unallocated,Allocated,unknown,"/img_jo-2009-11-16.E01/vol_vol2/Program Files/Java/jre6/bin/jsoundds.dll",,,application/x-msdownload,dll
jucheck.exe,"2009-11-10 02:55:39 EET","2009-11-10 03:29:40 EET","2009-11-10 03:29:40 EET","2009-11-10 02:55:39 EET",386872,Unallocated,Allocated,unknown,"/img_jo-2009-11-16.E01/vol_vol2/Program Files/Java/jre6/bin/jucheck.exe",,,application/x-dosexec,exe
jureg.exe,"2009-11-10 02:55:39 EET","2009-11-10 03:29:41 EET","2009-11-10 03:29:40 EET","2009-11-10 02:55:39 EET",55072,Unallocated,Allocated,unknown,"/img_jo-2009-11-16.E01/vol_vol2/Program Files/Java/jre6/bin/jureg.exe",,,application/x-dosexec,exe
klist.exe,"2009-11-10 02:55:39 EET","2009-11-10 03:29:43 EET","2009-11-10 03:29:43 EET","2009-11-10 02:55:39 EET",33568,Unallocated,Allocated,unknown,"/img_jo-2009-11-16.E01/vol_vol2/Program Files/Java/jre6/bin/klist.exe",,,application/x-dosexec,exe
ktab.exe,"2009-11-10 02:55:39 EET","2009-11-10 03:29:44 EET","2009-11-10 03:29:43 EET","2009-11-10 02:55:39 EET",33568,Unallocated,Allocated,unknown,"/img_jo-2009-11-16.E01/vol_vol2/Program Files/Java/jre6/bin/ktab.exe",,,application/x-dosexec,exe
management.dll,"2009-11-10 02:55:39 EET","2009-11-10 03:29:45 EET","2009-11-10 03:29:45 EET","2009-11-10 02:55:39 EET",18432,Unallocated,Allocated,unknown,"/img_jo-2009-11-16.E01/vol_vol2/Program Files/Java/jre6/bin/management.dll",,,application/x-msdownload,dll
mlib_image.dll,"2009-11-10 02:55:39 EET","2009-11-10 03:29:46 EET","2009-11-10 03:29:45 EET","2009-11-10 02:55:39 EET",602112,Unallocated,Allocated,unknown,"/img_jo-2009-11-16.E01/vol_vol2/Program Files/Java/jre6/bin/mlib_image.dll",,,application/x-msdownload,dll
net.dll,"2009-11-10 02:55:39 EET","2009-11-10 03:29:46 EET","2009-11-10 03:29:46 EET","2009-11-10 02:55:39 EET",77824,Unallocated,Allocated,unknown,"/img_jo-2009-11-16.E01/vol_vol2/Program Files/Java/jre6/bin/net.dll",,,application/x-msdownload,dll
nio.dll,"2009-11-10 02:55:39 EET","2009-11-10 03:29:46 EET","2009-11-10 03:29:46 EET","2009-11-10 02:55:39 EET",20480,Unallocated,Allocated,unknown,"/img_jo-2009-11-16.E01/vol_vol2/Program Files/Java/jre6/bin/nio.dll",,,application/x-msdownload,dll
npdeploytk.dll,"2009-11-10 02:55:40 EET","2009-11-10 03:29:47 EET","2009-11-10 03:29:46 EET","2009-11-10 02:55:39 EET",411368,Unallocated,Allocated,unknown,"/img_jo-2009-11-16.E01/vol_vol2/Program Files/Java/jre6/bin/npdeploytk.dll",,,application/x-msdownload,dll
npjpi160_16.dll,"2009-11-10 02:55:40 EET","2009-11-10 03:29:47 EET","2009-11-10 02:56:11 EET","2009-11-10 02:55:40 EET",136992,Unallocated,Allocated,unknown,"/img_jo-2009-11-16.E01/vol_vol2/Program Files/Java/jre6/bin/npjpi160_16.dll",,,application/x-msdownload,dll
pack200.exe,"2009-11-10 02:55:40 EET","2009-11-10 03:29:49 EET","2009-11-10 03:29:48 EET","2009-11-10 02:55:40 EET",33568,Unallocated,Allocated,unknown,"/img_jo-2009-11-16.E01/vol_vol2/Program Files/Java/jre6/bin/pack200.exe",,,application/x-dosexec,exe
policytool.exe,"2009-11-10 02:55:40 EET","2009-11-10 03:29:50 EET","2009-11-10 03:29:49 EET","2009-11-10 02:55:40 EET",33568,Unallocated,Allocated,unknown,"/img_jo-2009-11-16.E01/vol_vol2/Program Files/Java/jre6/bin/policytool.exe",,,application/x-dosexec,exe
rmi.dll,"2009-11-10 02:55:40 EET","2009-11-10 03:29:50 EET","2009-11-10 03:29:50 EET","2009-11-10 02:55:40 EET",5120,Unallocated,Allocated,unknown,"/img_jo-2009-11-16.E01/vol_vol2/Program Files/Java/jre6/bin/rmi.dll",,,application/x-msdownload,dll
rmid.exe,"2009-11-10 02:55:40 EET","2009-11-10 03:29:51 EET","2009-11-10 03:29:50 EET","2009-11-10 02:55:40 EET",33568,Unallocated,Allocated,unknown,"/img_jo-2009-11-16.E01/vol_vol2/Program Files/Java/jre6/bin/rmid.exe",,,application/x-dosexec,exe
rmiregistry.exe,"2009-11-10 02:55:40 EET","2009-11-10 03:29:51 EET","2009-11-10 03:29:51 EET","2009-11-10 02:55:40 EET",33568,Unallocated,Allocated,unknown,"/img_jo-2009-11-16.E01/vol_vol2/Program Files/Java/jre6/bin/rmiregistry.exe",,,application/x-dosexec,exe
servertool.exe,"2009-11-10 02:55:40 EET","2009-11-10 03:30:06 EET","2009-11-10 03:30:06 EET","2009-11-10 02:55:40 EET",33568,Unallocated,Allocated,unknown,"/img_jo-2009-11-16.E01/vol_vol2/Program Files/Java/jre6/bin/servertool.exe",,,application/x-dosexec,exe
splashscreen.dll,"2009-11-10 02:55:40 EET","2009-11-10 03:30:07 EET","2009-11-10 03:30:06 EET","2009-11-10 02:55:40 EET",131072,Unallocated,Allocated,unknown,"/img_jo-2009-11-16.E01/vol_vol2/Program Files/Java/jre6/bin/splashscreen.dll",,,application/x-msdownload,dll
ssv.dll,"2009-11-10 02:55:40 EET","2009-11-10 03:30:07 EET","2009-11-10 03:30:07 EET","2009-11-10 02:55:40 EET",321312,Unallocated,Allocated,unknown,"/img_jo-2009-11-16.E01/vol_vol2/Program Files/Java/jre6/bin/ssv.dll",,,application/x-msdownload,dll
ssvagent.exe,"2009-11-10 02:55:41 EET","2009-11-10 03:30:07 EET","2009-11-10 03:30:07 EET","2009-11-10 02:55:40 EET",18208,Unallocated,Allocated,unknown,"/img_jo-2009-11-16.E01/vol_vol2/Program Files/Java/jre6/bin/ssvagent.exe",,,application/x-dosexec,exe
sunmscapi.dll,"2009-11-10 02:55:41 EET","2009-11-10 03:30:07 EET","2009-11-10 03:30:07 EET","2009-11-10 02:55:41 EET",16384,Unallocated,Allocated,unknown,"/img_jo-2009-11-16.E01/vol_vol2/Program Files/Java/jre6/bin/sunmscapi.dll",,,application/x-msdownload,dll
tnameserv.exe,"2009-11-10 02:55:41 EET","2009-11-10 03:30:08 EET","2009-11-10 03:30:08 EET","2009-11-10 02:55:41 EET",33568,Unallocated,Allocated,unknown,"/img_jo-2009-11-16.E01/vol_vol2/Program Files/Java/jre6/bin/tnameserv.exe",,,application/x-dosexec,exe
splash.gif,"0000-00-00 00:00:00","0000-00-00 00:00:00","0000-00-00 00:00:00","0000-00-00 00:00:00",0,Unallocated,,unknown,"/img_jo-2009-11-16.E01/vol_vol2/Program Files/Java/jre6/lib/deploy/splash.gif",,,application/octet-stream,gif
javaws.pack,"0000-00-00 00:00:00","0000-00-00 00:00:00","0000-00-00 00:00:00","0000-00-00 00:00:00",0,Unallocated,,unknown,"/img_jo-2009-11-16.E01/vol_vol2/Program Files/Java/jre6/lib/javaws.pack",,,application/octet-stream,pack
jsse.pack,"0000-00-00 00:00:00","0000-00-00 00:00:00","0000-00-00 00:00:00","0000-00-00 00:00:00",0,Unallocated,,unknown,"/img_jo-2009-11-16.E01/vol_vol2/Program Files/Java/jre6/lib/jsse.pack",,,application/octet-stream,pack
management-agent.jar,"0000-00-00 00:00:00","0000-00-00 00:00:00","0000-00-00 00:00:00","0000-00-00 00:00:00",0,Unallocated,,unknown,"/img_jo-2009-11-16.E01/vol_vol2/Program Files/Java/jre6/lib/management-agent.jar",,,application/octet-stream,jar
plugin.pack,"0000-00-00 00:00:00","0000-00-00 00:00:00","0000-00-00 00:00:00","0000-00-00 00:00:00",0,Unallocated,,unknown,"/img_jo-2009-11-16.E01/vol_vol2/Program Files/Java/jre6/lib/plugin.pack",,,application/octet-stream,pack
resources.jar,"0000-00-00 00:00:00","0000-00-00 00:00:00","0000-00-00 00:00:00","0000-00-00 00:00:00",0,Unallocated,,unknown,"/img_jo-2009-11-16.E01/vol_vol2/Program Files/Java/jre6/lib/resources.jar",,,application/octet-stream,jar
rt.pack,"0000-00-00 00:00:00","0000-00-00 00:00:00","0000-00-00 00:00:00","0000-00-00 00:00:00",0,Unallocated,,unknown,"/img_jo-2009-11-16.E01/vol_vol2/Program Files/Java/jre6/lib/rt.pack",,,application/octet-stream,pack
Dakar,"0000-00-00 00:00:00","0000-00-00 00:00:00","0000-00-00 00:00:00","0000-00-00 00:00:00",0,Unallocated,,unknown,"/img_jo-2009-11-16.E01/vol_vol2/Program Files/Java/jre6/lib/zi/Africa/Dakar",,,application/octet-stream,
Lubumbashi,"0000-00-00 00:00:00","0000-00-00 00:00:00","0000-00-00 00:00:00","0000-00-00 00:00:00",0,Unallocated,,unknown,"/img_jo-2009-11-16.E01/vol_vol2/Program Files/Java/jre6/lib/zi/Africa/Lubumbashi",,,application/octet-stream,
Windhoek,"0000-00-00 00:00:00","0000-00-00 00:00:00","0000-00-00 00:00:00","0000-00-00 00:00:00",0,Unallocated,,unknown,"/img_jo-2009-11-16.E01/vol_vol2/Program Files/Java/jre6/lib/zi/Africa/Windhoek",,,application/octet-stream,
Dawson,"0000-00-00 00:00:00","0000-00-00 00:00:00","0000-00-00 00:00:00","0000-00-00 00:00:00",0,Unallocated,,unknown,"/img_jo-2009-11-16.E01/vol_vol2/Program Files/Java/jre6/lib/zi/America/Dawson",,,application/octet-stream,
Guadeloupe,"0000-00-00 00:00:00","0000-00-00 00:00:00","0000-00-00 00:00:00","0000-00-00 00:00:00",0,Unallocated,,unknown,"/img_jo-2009-11-16.E01/vol_vol2/Program Files/Java/jre6/lib/zi/America/Guadeloupe",,,application/octet-stream,
Puerto_Rico,"0000-00-00 00:00:00","0000-00-00 00:00:00","0000-00-00 00:00:00","0000-00-00 00:00:00",0,Unallocated,,unknown,"/img_jo-2009-11-16.E01/vol_vol2/Program Files/Java/jre6/lib/zi/America/Puerto_Rico",,,application/octet-stream,
St_Kitts,"0000-00-00 00:00:00","0000-00-00 00:00:00","0000-00-00 00:00:00","0000-00-00 00:00:00",0,Unallocated,,unknown,"/img_jo-2009-11-16.E01/vol_vol2/Program Files/Java/jre6/lib/zi/America/St_Kitts",,,application/octet-stream,
Damascus,"0000-00-00 00:00:00","0000-00-00 00:00:00","0000-00-00 00:00:00","0000-00-00 00:00:00",0,Unallocated,,unknown,"/img_jo-2009-11-16.E01/vol_vol2/Program Files/Java/jre6/lib/zi/Asia/Damascus",,,application/octet-stream,
Dhaka,"0000-00-00 00:00:00","0000-00-00 00:00:00","0000-00-00 00:00:00","0000-00-00 00:00:00",0,Unallocated,,unknown,"/img_jo-2009-11-16.E01/vol_vol2/Program Files/Java/jre6/lib/zi/Asia/Dhaka",,,application/octet-stream,
Gaza,"0000-00-00 00:00:00","0000-00-00 00:00:00","0000-00-00 00:00:00","0000-00-00 00:00:00",0,Unallocated,,unknown,"/img_jo-2009-11-16.E01/vol_vol2/Program Files/Java/jre6/lib/zi/Asia/Gaza",,,application/octet-stream,
Kathmandu,"0000-00-00 00:00:00","0000-00-00 00:00:00","0000-00-00 00:00:00","0000-00-00 00:00:00",0,Unallocated,,unknown,"/img_jo-2009-11-16.E01/vol_vol2/Program Files/Java/jre6/lib/zi/Asia/Kathmandu",,,application/octet-stream,
Phnom_Penh,"0000-00-00 00:00:00","0000-00-00 00:00:00","0000-00-00 00:00:00","0000-00-00 00:00:00",0,Unallocated,,unknown,"/img_jo-2009-11-16.E01/vol_vol2/Program Files/Java/jre6/lib/zi/Asia/Phnom_Penh",,,application/octet-stream,
zipper.exe,"0000-00-00 00:00:00","0000-00-00 00:00:00","0000-00-00 00:00:00","0000-00-00 00:00:00",0,Unallocated,,unknown,"/img_jo-2009-11-16.E01/vol_vol2/Program Files/Java/jre6/zipper.exe",,,application/octet-stream,exe
xpmsgr.chm,"0000-00-00 00:00:00","0000-00-00 00:00:00","0000-00-00 00:00:00","0000-00-00 00:00:00",0,Unallocated,,unknown,"/img_jo-2009-11-16.E01/vol_vol2/Program Files/Messenger/xpmsgr.chm",,,application/octet-stream,chm
nsLoginManager.js,"0000-00-00 00:00:00","0000-00-00 00:00:00","0000-00-00 00:00:00","0000-00-00 00:00:00",0,Unallocated,,unknown,"/img_jo-2009-11-16.E01/vol_vol2/Program Files/Mozilla Firefox/components/nsLoginManager.js",,,application/octet-stream,js
"nsSafebrowsingApplication.js","0000-00-00 00:00:00","0000-00-00 00:00:00","0000-00-00 00:00:00","0000-00-00 00:00:00",0,Unallocated,,unknown,"/img_jo-2009-11-16.E01/vol_vol2/Program Files/Mozilla Firefox/components/nsSafebrowsingApplication.js",,,application/octet-stream,js
nsUpdateService.js,"0000-00-00 00:00:00","0000-00-00 00:00:00","0000-00-00 00:00:00","0000-00-00 00:00:00",0,Unallocated,,unknown,"/img_jo-2009-11-16.E01/vol_vol2/Program Files/Mozilla Firefox/components/nsUpdateService.js",,,application/octet-stream,js
plc4.dll,"0000-00-00 00:00:00","0000-00-00 00:00:00","0000-00-00 00:00:00","0000-00-00 00:00:00",0,Unallocated,,unknown,"/img_jo-2009-11-16.E01/vol_vol2/Program Files/Mozilla Firefox/plc4.dll",,,application/octet-stream,dll
fonts,"0000-00-00 00:00:00","0000-00-00 00:00:00","0000-00-00 00:00:00","0000-00-00 00:00:00",0,Unallocated,,unknown,"/img_jo-2009-11-16.E01/vol_vol2/Program Files/Mozilla Firefox/res/fonts",,,application/octet-stream,
basprovmi.uno.dll,"0000-00-00 00:00:00","0000-00-00 00:00:00","0000-00-00 00:00:00","0000-00-00 00:00:00",0,Unallocated,,unknown,"/img_jo-2009-11-16.E01/vol_vol2/Program Files/OpenOffice.org 3/Basis/program/basprovmi.uno.dll",,,application/octet-stream,dll
embobj.dll,"0000-00-00 00:00:00","0000-00-00 00:00:00","0000-00-00 00:00:00","0000-00-00 00:00:00",0,Unallocated,,unknown,"/img_jo-2009-11-16.E01/vol_vol2/Program Files/OpenOffice.org 3/Basis/program/embobj.dll",,,application/octet-stream,dll
filterconfig1.dll,"0000-00-00 00:00:00","0000-00-00 00:00:00","0000-00-00 00:00:00","0000-00-00 00:00:00",0,Unallocated,,unknown,"/img_jo-2009-11-16.E01/vol_vol2/Program Files/OpenOffice.org 3/Basis/program/filterconfig1.dll",,,application/octet-stream,dll
test_sort.py,"0000-00-00 00:00:00","0000-00-00 00:00:00","0000-00-00 00:00:00","0000-00-00 00:00:00",0,Unallocated,,unknown,"/img_jo-2009-11-16.E01/vol_vol2/Program Files/OpenOffice.org 3/Basis/program/python-core-2.6.1/lib/test/test_sort.py",,,application/octet-stream,py
test_bisect.py,"0000-00-00 00:00:00","0000-00-00 00:00:00","0000-00-00 00:00:00","0000-00-00 00:00:00",0,Unallocated,,unknown,"/img_jo-2009-11-16.E01/vol_vol2/Program Files/OpenOffice.org 3/Basis/program/python-core-2.6.1/lib/test/test_bisect.py",,,application/octet-stream,py
test.xml.out,"0000-00-00 00:00:00","0000-00-00 00:00:00","0000-00-00 00:00:00","0000-00-00 00:00:00",0,Unallocated,,unknown,"/img_jo-2009-11-16.E01/vol_vol2/Program Files/OpenOffice.org 3/Basis/program/python-core-2.6.1/lib/test/test.xml.out",,,application/octet-stream,out
filelist.py,"0000-00-00 00:00:00","0000-00-00 00:00:00","0000-00-00 00:00:00","0000-00-00 00:00:00",0,Unallocated,,unknown,"/img_jo-2009-11-16.E01/vol_vol2/Program Files/OpenOffice.org 3/Basis/program/python-core-2.6.1/lib/distutils/filelist.py",,,application/octet-stream,py
cp866.py,"0000-00-00 00:00:00","0000-00-00 00:00:00","0000-00-00 00:00:00","0000-00-00 00:00:00",0,Unallocated,,unknown,"/img_jo-2009-11-16.E01/vol_vol2/Program Files/OpenOffice.org 3/Basis/program/python-core-2.6.1/lib/encodings/cp866.py",,,application/octet-stream,py
dbaen-US.res,"0000-00-00 00:00:00","0000-00-00 00:00:00","0000-00-00 00:00:00","0000-00-00 00:00:00",0,Unallocated,,unknown,"/img_jo-2009-11-16.E01/vol_vol2/Program Files/OpenOffice.org 3/Basis/program/resource/dbaen-US.res",,,application/octet-stream,res
euren-US.res,"0000-00-00 00:00:00","0000-00-00 00:00:00","0000-00-00 00:00:00","0000-00-00 00:00:00",0,Unallocated,,unknown,"/img_jo-2009-11-16.E01/vol_vol2/Program Files/OpenOffice.org 3/Basis/program/resource/euren-US.res",,,application/octet-stream,res
rpten-US.res,"0000-00-00 00:00:00","0000-00-00 00:00:00","0000-00-00 00:00:00","0000-00-00 00:00:00",0,Unallocated,,unknown,"/img_jo-2009-11-16.E01/vol_vol2/Program Files/OpenOffice.org 3/Basis/program/resource/rpten-US.res",,,application/octet-stream,res
svxen-US.res,"0000-00-00 00:00:00","0000-00-00 00:00:00","0000-00-00 00:00:00","0000-00-00 00:00:00",0,Unallocated,,unknown,"/img_jo-2009-11-16.E01/vol_vol2/Program Files/OpenOffice.org 3/Basis/program/resource/svxen-US.res",,,application/octet-stream,res
acor_nl-NL.dat,"0000-00-00 00:00:00","0000-00-00 00:00:00","0000-00-00 00:00:00","0000-00-00 00:00:00",0,Unallocated,,unknown,"/img_jo-2009-11-16.E01/vol_vol2/Program Files/OpenOffice.org 3/Basis/share/autocorr/acor_nl-NL.dat",,,application/octet-stream,dat
fontworkshapetype.xml,"0000-00-00 00:00:00","0000-00-00 00:00:00","0000-00-00 00:00:00","0000-00-00 00:00:00",0,Unallocated,,unknown,"/img_jo-2009-11-16.E01/vol_vol2/Program Files/OpenOffice.org 3/Basis/share/config/soffice.cfg/modules/scalc/toolbar/fontworkshapetype.xml",,,application/octet-stream,xml
connectorsbar.xml,"0000-00-00 00:00:00","0000-00-00 00:00:00","0000-00-00 00:00:00","0000-00-00 00:00:00",0,Unallocated,,unknown,"/img_jo-2009-11-16.E01/vol_vol2/Program Files/OpenOffice.org 3/Basis/share/config/soffice.cfg/modules/sdraw/toolbar/connectorsbar.xml",,,application/octet-stream,xml
formsfilterbar.xml,"0000-00-00 00:00:00","0000-00-00 00:00:00","0000-00-00 00:00:00","0000-00-00 00:00:00",0,Unallocated,,unknown,"/img_jo-2009-11-16.E01/vol_vol2/Program Files/OpenOffice.org 3/Basis/share/config/soffice.cfg/modules/sdraw/toolbar/formsfilterbar.xml",,,application/octet-stream,xml
masterviewtoolbar.xml,"0000-00-00 00:00:00","0000-00-00 00:00:00","0000-00-00 00:00:00","0000-00-00 00:00:00",0,Unallocated,,unknown,"/img_jo-2009-11-16.E01/vol_vol2/Program Files/OpenOffice.org 3/Basis/share/config/soffice.cfg/modules/sdraw/toolbar/masterviewtoolbar.xml",,,application/octet-stream,xml
frameobjectbar.xml,"0000-00-00 00:00:00","0000-00-00 00:00:00","0000-00-00 00:00:00","0000-00-00 00:00:00",0,Unallocated,,unknown,"/img_jo-2009-11-16.E01/vol_vol2/Program Files/OpenOffice.org 3/Basis/share/config/soffice.cfg/modules/sglobal/toolbar/frameobjectbar.xml",,,application/octet-stream,xml
oleobjectbar.xml,"0000-00-00 00:00:00","0000-00-00 00:00:00","0000-00-00 00:00:00","0000-00-00 00:00:00",0,Unallocated,,unknown,"/img_jo-2009-11-16.E01/vol_vol2/Program Files/OpenOffice.org 3/Basis/share/config/soffice.cfg/modules/sglobal/toolbar/oleobjectbar.xml",,,application/octet-stream,xml
commontaskbar.xml,"0000-00-00 00:00:00","0000-00-00 00:00:00","0000-00-00 00:00:00","0000-00-00 00:00:00",0,Unallocated,,unknown,"/img_jo-2009-11-16.E01/vol_vol2/Program Files/OpenOffice.org 3/Basis/share/config/soffice.cfg/modules/simpress/toolbar/commontaskbar.xml",,,application/octet-stream,xml
formdesign.xml,"0000-00-00 00:00:00","0000-00-00 00:00:00","0000-00-00 00:00:00","0000-00-00 00:00:00",0,Unallocated,,unknown,"/img_jo-2009-11-16.E01/vol_vol2/Program Files/OpenOffice.org 3/Basis/share/config/soffice.cfg/modules/simpress/toolbar/formdesign.xml",,,application/octet-stream,xml
linesbar.xml,"0000-00-00 00:00:00","0000-00-00 00:00:00","0000-00-00 00:00:00","0000-00-00 00:00:00",0,Unallocated,,unknown,"/img_jo-2009-11-16.E01/vol_vol2/Program Files/OpenOffice.org 3/Basis/share/config/soffice.cfg/modules/simpress/toolbar/linesbar.xml",,,application/octet-stream,xml
fontworkobjectbar.xml,"0000-00-00 00:00:00","0000-00-00 00:00:00","0000-00-00 00:00:00","0000-00-00 00:00:00",0,Unallocated,,unknown,"/img_jo-2009-11-16.E01/vol_vol2/Program Files/OpenOffice.org 3/Basis/share/config/soffice.cfg/modules/sweb/toolbar/fontworkobjectbar.xml",,,application/octet-stream,xml
graffilterbar.xml,"0000-00-00 00:00:00","0000-00-00 00:00:00","0000-00-00 00:00:00","0000-00-00 00:00:00",0,Unallocated,,unknown,"/img_jo-2009-11-16.E01/vol_vol2/Program Files/OpenOffice.org 3/Basis/share/config/soffice.cfg/modules/sweb/toolbar/graffilterbar.xml",,,application/octet-stream,xml
frameobjectbar.xml,"0000-00-00 00:00:00","0000-00-00 00:00:00","0000-00-00 00:00:00","0000-00-00 00:00:00",0,Unallocated,,unknown,"/img_jo-2009-11-16.E01/vol_vol2/Program Files/OpenOffice.org 3/Basis/share/config/soffice.cfg/modules/swform/toolbar/frameobjectbar.xml",,,application/octet-stream,xml
oleobjectbar.xml,"0000-00-00 00:00:00","0000-00-00 00:00:00","0000-00-00 00:00:00","0000-00-00 00:00:00",0,Unallocated,,unknown,"/img_jo-2009-11-16.E01/vol_vol2/Program Files/OpenOffice.org 3/Basis/share/config/soffice.cfg/modules/swform/toolbar/oleobjectbar.xml",,,application/octet-stream,xml
frameobjectbar.xml,"0000-00-00 00:00:00","0000-00-00 00:00:00","0000-00-00 00:00:00","0000-00-00 00:00:00",0,Unallocated,,unknown,"/img_jo-2009-11-16.E01/vol_vol2/Program Files/OpenOffice.org 3/Basis/share/config/soffice.cfg/modules/swreport/toolbar/frameobjectbar.xml",,,application/octet-stream,xml
oleobjectbar.xml,"0000-00-00 00:00:00","0000-00-00 00:00:00","0000-00-00 00:00:00","0000-00-00 00:00:00",0,Unallocated,,unknown,"/img_jo-2009-11-16.E01/vol_vol2/Program Files/OpenOffice.org 3/Basis/share/config/soffice.cfg/modules/swreport/toolbar/oleobjectbar.xml",,,application/octet-stream,xml
frameobjectbar.xml,"0000-00-00 00:00:00","0000-00-00 00:00:00","0000-00-00 00:00:00","0000-00-00 00:00:00",0,Unallocated,,unknown,"/img_jo-2009-11-16.E01/vol_vol2/Program Files/OpenOffice.org 3/Basis/share/config/soffice.cfg/modules/swriter/toolbar/frameobjectbar.xml",,,application/octet-stream,xml
frameobjectbar.xml,"0000-00-00 00:00:00","0000-00-00 00:00:00","0000-00-00 00:00:00","0000-00-00 00:00:00",0,Unallocated,,unknown,"/img_jo-2009-11-16.E01/vol_vol2/Program Files/OpenOffice.org 3/Basis/share/config/soffice.cfg/modules/swxform/toolbar/frameobjectbar.xml",,,application/octet-stream,xml
oleobjectbar.xml,"0000-00-00 00:00:00","0000-00-00 00:00:00","0000-00-00 00:00:00","0000-00-00 00:00:00",0,Unallocated,,unknown,"/img_jo-2009-11-16.E01/vol_vol2/Program Files/OpenOffice.org 3/Basis/share/config/soffice.cfg/modules/swxform/toolbar/oleobjectbar.xml",,,application/octet-stream,xml
l_page_g.bmp,"0000-00-00 00:00:00","0000-00-00 00:00:00","0000-00-00 00:00:00","0000-00-00 00:00:00",0,Unallocated,,unknown,"/img_jo-2009-11-16.E01/vol_vol2/Program Files/OpenOffice.org 3/Basis/share/config/symbol/l_page_g.bmp",,,application/octet-stream,bmp
s_halloween.bmp,"0000-00-00 00:00:00","0000-00-00 00:00:00","0000-00-00 00:00:00","0000-00-00 00:00:00",0,Unallocated,,unknown,"/img_jo-2009-11-16.E01/vol_vol2/Program Files/OpenOffice.org 3/Basis/share/config/symbol/s_halloween.bmp",,,application/octet-stream,bmp
danish.lm,"0000-00-00 00:00:00","0000-00-00 00:00:00","0000-00-00 00:00:00","0000-00-00 00:00:00",0,Unallocated,,unknown,"/img_jo-2009-11-16.E01/vol_vol2/Program Files/OpenOffice.org 3/Basis/share/fingerprint/danish.lm",,,application/octet-stream,lm
icelandic.lm,"0000-00-00 00:00:00","0000-00-00 00:00:00","0000-00-00 00:00:00","0000-00-00 00:00:00",0,Unallocated,,unknown,"/img_jo-2009-11-16.E01/vol_vol2/Program Files/OpenOffice.org 3/Basis/share/fingerprint/icelandic.lm",,,application/octet-stream,lm
mingo.lm,"0000-00-00 00:00:00","0000-00-00 00:00:00","0000-00-00 00:00:00","0000-00-00 00:00:00",0,Unallocated,,unknown,"/img_jo-2009-11-16.E01/vol_vol2/Program Files/OpenOffice.org 3/Basis/share/fingerprint/mingo.lm",,,application/octet-stream,lm
con-oran.gif,"0000-00-00 00:00:00","0000-00-00 00:00:00","0000-00-00 00:00:00","0000-00-00 00:00:00",0,Unallocated,,unknown,"/img_jo-2009-11-16.E01/vol_vol2/Program Files/OpenOffice.org 3/Basis/share/gallery/bullets/con-oran.gif",,,application/octet-stream,gif
gryarrow.gif,"0000-00-00 00:00:00","0000-00-00 00:00:00","0000-00-00 00:00:00","0000-00-00 00:00:00",0,Unallocated,,unknown,"/img_jo-2009-11-16.E01/vol_vol2/Program Files/OpenOffice.org 3/Basis/share/gallery/bullets/gryarrow.gif",,,application/octet-stream,gif
cubnext.gif,"0000-00-00 00:00:00","0000-00-00 00:00:00","0000-00-00 00:00:00","0000-00-00 00:00:00",0,Unallocated,,unknown,"/img_jo-2009-11-16.E01/vol_vol2/Program Files/OpenOffice.org 3/Basis/share/gallery/htmlexpo/cubnext.gif",,,application/octet-stream,gif
fuzzy-blue.jpg,"0000-00-00 00:00:00","0000-00-00 00:00:00","0000-00-00 00:00:00","0000-00-00 00:00:00",0,Unallocated,,unknown,"/img_jo-2009-11-16.E01/vol_vol2/Program Files/OpenOffice.org 3/Basis/share/gallery/www-back/fuzzy-blue.jpg",,,application/octet-stream,jpg
interstices.jpg,"0000-00-00 00:00:00","0000-00-00 00:00:00","0000-00-00 00:00:00","0000-00-00 00:00:00",0,Unallocated,,unknown,"/img_jo-2009-11-16.E01/vol_vol2/Program Files/OpenOffice.org 3/Basis/share/gallery/www-back/interstices.jpg",,,application/octet-stream,jpg
mazes.jpg,"0000-00-00 00:00:00","0000-00-00 00:00:00","0000-00-00 00:00:00","0000-00-00 00:00:00",0,Unallocated,,unknown,"/img_jo-2009-11-16.E01/vol_vol2/Program Files/OpenOffice.org 3/Basis/share/gallery/www-back/mazes.jpg",,,application/octet-stream,jpg
gremail.gif,"0000-00-00 00:00:00","0000-00-00 00:00:00","0000-00-00 00:00:00","0000-00-00 00:00:00",0,Unallocated,,unknown,"/img_jo-2009-11-16.E01/vol_vol2/Program Files/OpenOffice.org 3/Basis/share/gallery/www-graf/gremail.gif",,,application/octet-stream,gif
grnup.gif,"0000-00-00 00:00:00","0000-00-00 00:00:00","0000-00-00 00:00:00","0000-00-00 00:00:00",0,Unallocated,,unknown,"/img_jo-2009-11-16.E01/vol_vol2/Program Files/OpenOffice.org 3/Basis/share/gallery/www-graf/grnup.gif",,,application/octet-stream,gif
orghome.gif,"0000-00-00 00:00:00","0000-00-00 00:00:00","0000-00-00 00:00:00","0000-00-00 00:00:00",0,Unallocated,,unknown,"/img_jo-2009-11-16.E01/vol_vol2/Program Files/OpenOffice.org 3/Basis/share/gallery/www-graf/orghome.gif",,,application/octet-stream,gif
Controller.xcu,"0000-00-00 00:00:00","0000-00-00 00:00:00","0000-00-00 00:00:00","0000-00-00 00:00:00",0,Unallocated,,unknown,"/img_jo-2009-11-16.E01/vol_vol2/Program Files/OpenOffice.org 3/Basis/share/registry/data/org/openoffice/Office/UI/Controller.xcu",,,application/octet-stream,xcu
ExtendedColorScheme.xcs,"0000-00-00 00:00:00","0000-00-00 00:00:00","0000-00-00 00:00:00","0000-00-00 00:00:00",0,Unallocated,,unknown,"/img_jo-2009-11-16.E01/vol_vol2/Program Files/OpenOffice.org 3/Basis/share/registry/schema/org/openoffice/Office/ExtendedColorScheme.xcs",,,application/octet-stream,xcs
MathWindowState.xcs,"0000-00-00 00:00:00","0000-00-00 00:00:00","0000-00-00 00:00:00","0000-00-00 00:00:00",0,Unallocated,,unknown,"/img_jo-2009-11-16.E01/vol_vol2/Program Files/OpenOffice.org 3/Basis/share/registry/schema/org/openoffice/Office/UI/MathWindowState.xcs",,,application/octet-stream,xcs
ftperror.gif,"0000-00-00 00:00:00","0000-00-00 00:00:00","0000-00-00 00:00:00","0000-00-00 00:00:00",0,Unallocated,,unknown,"/img_jo-2009-11-16.E01/vol_vol2/Program Files/OpenOffice.org 3/Basis/share/template/en-US/wizard/bitmap/ftperror.gif",,,application/octet-stream,gif
netherlands.gif,"0000-00-00 00:00:00","0000-00-00 00:00:00","0000-00-00 00:00:00","0000-00-00 00:00:00",0,Unallocated,,unknown,"/img_jo-2009-11-16.E01/vol_vol2/Program Files/OpenOffice.org 3/Basis/share/template/en-US/wizard/bitmap/netherlands.gif",,,application/octet-stream,gif
redirect.ini,"0000-00-00 00:00:00","0000-00-00 00:00:00","0000-00-00 00:00:00","0000-00-00 00:00:00",0,Unallocated,,unknown,"/img_jo-2009-11-16.E01/vol_vol2/Program Files/OpenOffice.org 3/program/redirect.ini",,,application/octet-stream,ini
invocation.uno.dll,"0000-00-00 00:00:00","0000-00-00 00:00:00","0000-00-00 00:00:00","0000-00-00 00:00:00",0,Unallocated,,unknown,"/img_jo-2009-11-16.E01/vol_vol2/Program Files/OpenOffice.org 3/URE/bin/invocation.uno.dll",,,application/octet-stream,dll
namingservice.uno.dll,"0000-00-00 00:00:00","0000-00-00 00:00:00","0000-00-00 00:00:00","0000-00-00 00:00:00",0,Unallocated,,unknown,"/img_jo-2009-11-16.E01/vol_vol2/Program Files/OpenOffice.org 3/URE/bin/namingservice.uno.dll",,,application/octet-stream,dll
wabmig.exe,"0000-00-00 00:00:00","0000-00-00 00:00:00","0000-00-00 00:00:00","0000-00-00 00:00:00",0,Unallocated,,unknown,"/img_jo-2009-11-16.E01/vol_vol2/Program Files/Outlook Express/wabmig.exe",,,application/octet-stream,exe
PLYLST15.wpl,"0000-00-00 00:00:00","0000-00-00 00:00:00","0000-00-00 00:00:00","0000-00-00 00:00:00",0,Unallocated,,unknown,"/img_jo-2009-11-16.E01/vol_vol2/Program Files/Windows Media Player/Sample Playlists/PLYLST15.wpl",,,application/octet-stream,wpl
PLYLST9.wpl,"0000-00-00 00:00:00","0000-00-00 00:00:00","0000-00-00 00:00:00","0000-00-00 00:00:00",0,Unallocated,,unknown,"/img_jo-2009-11-16.E01/vol_vol2/Program Files/Windows Media Player/Sample Playlists/PLYLST9.wpl",,,application/octet-stream,wpl
write.wpc,"0000-00-00 00:00:00","0000-00-00 00:00:00","0000-00-00 00:00:00","0000-00-00 00:00:00",0,Unallocated,,unknown,"/img_jo-2009-11-16.E01/vol_vol2/Program Files/Windows NT/Accessories/write.wpc",,,application/octet-stream,wpc
SOUND17.WAV,"0000-00-00 00:00:00","0000-00-00 00:00:00","0000-00-00 00:00:00","0000-00-00 00:00:00",0,Unallocated,,unknown,"/img_jo-2009-11-16.E01/vol_vol2/Program Files/Windows NT/Pinball/SOUND17.WAV",,,application/octet-stream,wav
SOUND181.WAV,"0000-00-00 00:00:00","0000-00-00 00:00:00","0000-00-00 00:00:00","0000-00-00 00:00:00",0,Unallocated,,unknown,"/img_jo-2009-11-16.E01/vol_vol2/Program Files/Windows NT/Pinball/SOUND181.WAV",,,application/octet-stream,wav
SOUND38.WAV,"0000-00-00 00:00:00","0000-00-00 00:00:00","0000-00-00 00:00:00","0000-00-00 00:00:00",0,Unallocated,,unknown,"/img_jo-2009-11-16.E01/vol_vol2/Program Files/Windows NT/Pinball/SOUND38.WAV",,,application/octet-stream,wav
parsetok.h,"0000-00-00 00:00:00","0000-00-00 00:00:00","0000-00-00 00:00:00","0000-00-00 00:00:00",0,Unallocated,,unknown,"/img_jo-2009-11-16.E01/vol_vol2/Python26/include/parsetok.h",,,application/octet-stream,h
pystrtod.h,"0000-00-00 00:00:00","0000-00-00 00:00:00","0000-00-00 00:00:00","0000-00-00 00:00:00",0,Unallocated,,unknown,"/img_jo-2009-11-16.E01/vol_vol2/Python26/include/pystrtod.h",,,application/octet-stream,h
cProfile.py,"0000-00-00 00:00:00","0000-00-00 00:00:00","0000-00-00 00:00:00","0000-00-00 00:00:00",0,Unallocated,,unknown,"/img_jo-2009-11-16.E01/vol_vol2/Python26/Lib/cProfile.py",,,application/octet-stream,py
test_returnfuncptrs.py,"0000-00-00 00:00:00","0000-00-00 00:00:00","0000-00-00 00:00:00","0000-00-00 00:00:00",0,Unallocated,,unknown,"/img_jo-2009-11-16.E01/vol_vol2/Python26/Lib/ctypes/test/test_returnfuncptrs.py",,,application/octet-stream,py
config.py,"0000-00-00 00:00:00","0000-00-00 00:00:00","0000-00-00 00:00:00","0000-00-00 00:00:00",0,Unallocated,,unknown,"/img_jo-2009-11-16.E01/vol_vol2/Python26/Lib/distutils/command/config.py",,,application/octet-stream,py
test_dist.py,"0000-00-00 00:00:00","0000-00-00 00:00:00","0000-00-00 00:00:00","0000-00-00 00:00:00",0,Unallocated,,unknown,"/img_jo-2009-11-16.E01/vol_vol2/Python26/Lib/distutils/tests/test_dist.py",,,application/octet-stream,py
cp1255.py,"0000-00-00 00:00:00","0000-00-00 00:00:00","0000-00-00 00:00:00","0000-00-00 00:00:00",0,Unallocated,,unknown,"/img_jo-2009-11-16.E01/vol_vol2/Python26/Lib/encodings/cp1255.py",,,application/octet-stream,py
cp866.py,"0000-00-00 00:00:00","0000-00-00 00:00:00","0000-00-00 00:00:00","0000-00-00 00:00:00",0,Unallocated,,unknown,"/img_jo-2009-11-16.E01/vol_vol2/Python26/Lib/encodings/cp866.py",,,application/octet-stream,py
rot_13.py,"0000-00-00 00:00:00","0000-00-00 00:00:00","0000-00-00 00:00:00","0000-00-00 00:00:00",0,Unallocated,,unknown,"/img_jo-2009-11-16.E01/vol_vol2/Python26/Lib/encodings/rot_13.py",,,application/octet-stream,py
fix_print.py,"0000-00-00 00:00:00","0000-00-00 00:00:00","0000-00-00 00:00:00","0000-00-00 00:00:00",0,Unallocated,,unknown,"/img_jo-2009-11-16.E01/vol_vol2/Python26/Lib/lib2to3/fixes/fix_print.py",,,application/octet-stream,py
posixfile.py,"0000-00-00 00:00:00","0000-00-00 00:00:00","0000-00-00 00:00:00","0000-00-00 00:00:00",0,Unallocated,,unknown,"/img_jo-2009-11-16.E01/vol_vol2/Python26/Lib/posixfile.py",,,application/octet-stream,py
rfc822.py,"0000-00-00 00:00:00","0000-00-00 00:00:00","0000-00-00 00:00:00","0000-00-00 00:00:00",0,Unallocated,,unknown,"/img_jo-2009-11-16.E01/vol_vol2/Python26/Lib/rfc822.py",,,application/octet-stream,py
copy.decTest,"0000-00-00 00:00:00","0000-00-00 00:00:00","0000-00-00 00:00:00","0000-00-00 00:00:00",0,Unallocated,,unknown,"/img_jo-2009-11-16.E01/vol_vol2/Python26/Lib/test/decimaltestdata/copy.decTest",,,application/octet-stream,dectest
ddClass.decTest,"0000-00-00 00:00:00","0000-00-00 00:00:00","0000-00-00 00:00:00","0000-00-00 00:00:00",0,Unallocated,,unknown,"/img_jo-2009-11-16.E01/vol_vol2/Python26/Lib/test/decimaltestdata/ddClass.decTest",,,application/octet-stream,dectest
ddMinMag.decTest,"0000-00-00 00:00:00","0000-00-00 00:00:00","0000-00-00 00:00:00","0000-00-00 00:00:00",0,Unallocated,,unknown,"/img_jo-2009-11-16.E01/vol_vol2/Python26/Lib/test/decimaltestdata/ddMinMag.decTest",,,application/octet-stream,dectest
dqCopyNegate.decTest,"0000-00-00 00:00:00","0000-00-00 00:00:00","0000-00-00 00:00:00","0000-00-00 00:00:00",0,Unallocated,,unknown,"/img_jo-2009-11-16.E01/vol_vol2/Python26/Lib/test/decimaltestdata/dqCopyNegate.decTest",,,application/octet-stream,dectest
dqMax.decTest,"0000-00-00 00:00:00","0000-00-00 00:00:00","0000-00-00 00:00:00","0000-00-00 00:00:00",0,Unallocated,,unknown,"/img_jo-2009-11-16.E01/vol_vol2/Python26/Lib/test/decimaltestdata/dqMax.decTest",,,application/octet-stream,dectest
dqOr.decTest,"0000-00-00 00:00:00","0000-00-00 00:00:00","0000-00-00 00:00:00","0000-00-00 00:00:00",0,Unallocated,,unknown,"/img_jo-2009-11-16.E01/vol_vol2/Python26/Lib/test/decimaltestdata/dqOr.decTest",,,application/octet-stream,dectest
dqShift.decTest,"0000-00-00 00:00:00","0000-00-00 00:00:00","0000-00-00 00:00:00","0000-00-00 00:00:00",0,Unallocated,,unknown,"/img_jo-2009-11-16.E01/vol_vol2/Python26/Lib/test/decimaltestdata/dqShift.decTest",,,application/octet-stream,dectest
inexact.decTest,"0000-00-00 00:00:00","0000-00-00 00:00:00","0000-00-00 00:00:00","0000-00-00 00:00:00",0,Unallocated,,unknown,"/img_jo-2009-11-16.E01/vol_vol2/Python26/Lib/test/decimaltestdata/inexact.decTest",,,application/octet-stream,dectest
test_bigaddrspace.py,"0000-00-00 00:00:00","0000-00-00 00:00:00","0000-00-00 00:00:00","0000-00-00 00:00:00",0,Unallocated,,unknown,"/img_jo-2009-11-16.E01/vol_vol2/Python26/Lib/test/test_bigaddrspace.py",,,application/octet-stream,py
test_calendar.py,"0000-00-00 00:00:00","0000-00-00 00:00:00","0000-00-00 00:00:00","0000-00-00 00:00:00",0,Unallocated,,unknown,"/img_jo-2009-11-16.E01/vol_vol2/Python26/Lib/test/test_calendar.py",,,application/octet-stream,py
test_enumerate.py,"0000-00-00 00:00:00","0000-00-00 00:00:00","0000-00-00 00:00:00","0000-00-00 00:00:00",0,Unallocated,,unknown,"/img_jo-2009-11-16.E01/vol_vol2/Python26/Lib/test/test_enumerate.py",,,application/octet-stream,py
"test_codecencodings_jp.py","0000-00-00 00:00:00","0000-00-00 00:00:00","0000-00-00 00:00:00","0000-00-00 00:00:00",0,Unallocated,,unknown,"/img_jo-2009-11-16.E01/vol_vol2/Python26/Lib/test/test_codecencodings_jp.py",,,application/octet-stream,py
test_compiler.py,"0000-00-00 00:00:00","0000-00-00 00:00:00","0000-00-00 00:00:00","0000-00-00 00:00:00",0,Unallocated,,unknown,"/img_jo-2009-11-16.E01/vol_vol2/Python26/Lib/test/test_compiler.py",,,application/octet-stream,py
test_fork1.py,"0000-00-00 00:00:00","0000-00-00 00:00:00","0000-00-00 00:00:00","0000-00-00 00:00:00",0,Unallocated,,unknown,"/img_jo-2009-11-16.E01/vol_vol2/Python26/Lib/test/test_fork1.py",,,application/octet-stream,py
test_importhooks.py,"0000-00-00 00:00:00","0000-00-00 00:00:00","0000-00-00 00:00:00","0000-00-00 00:00:00",0,Unallocated,,unknown,"/img_jo-2009-11-16.E01/vol_vol2/Python26/Lib/test/test_importhooks.py",,,application/octet-stream,py
test_largefile.py,"0000-00-00 00:00:00","0000-00-00 00:00:00","0000-00-00 00:00:00","0000-00-00 00:00:00",0,Unallocated,,unknown,"/img_jo-2009-11-16.E01/vol_vol2/Python26/Lib/test/test_largefile.py",,,application/octet-stream,py
test_marshal.py,"0000-00-00 00:00:00","0000-00-00 00:00:00","0000-00-00 00:00:00","0000-00-00 00:00:00",0,Unallocated,,unknown,"/img_jo-2009-11-16.E01/vol_vol2/Python26/Lib/test/test_marshal.py",,,application/octet-stream,py
test_mutex.py,"0000-00-00 00:00:00","0000-00-00 00:00:00","0000-00-00 00:00:00","0000-00-00 00:00:00",0,Unallocated,,unknown,"/img_jo-2009-11-16.E01/vol_vol2/Python26/Lib/test/test_mutex.py",,,application/octet-stream,py
test_ossaudiodev.py,"0000-00-00 00:00:00","0000-00-00 00:00:00","0000-00-00 00:00:00","0000-00-00 00:00:00",0,Unallocated,,unknown,"/img_jo-2009-11-16.E01/vol_vol2/Python26/Lib/test/test_ossaudiodev.py",,,application/octet-stream,py
test_platform.py,"0000-00-00 00:00:00","0000-00-00 00:00:00","0000-00-00 00:00:00","0000-00-00 00:00:00",0,Unallocated,,unknown,"/img_jo-2009-11-16.E01/vol_vol2/Python26/Lib/test/test_platform.py",,,application/octet-stream,py
test_pyclbr.py,"0000-00-00 00:00:00","0000-00-00 00:00:00","0000-00-00 00:00:00","0000-00-00 00:00:00",0,Unallocated,,unknown,"/img_jo-2009-11-16.E01/vol_vol2/Python26/Lib/test/test_pyclbr.py",,,application/octet-stream,py
test_slice.py,"0000-00-00 00:00:00","0000-00-00 00:00:00","0000-00-00 00:00:00","0000-00-00 00:00:00",0,Unallocated,,unknown,"/img_jo-2009-11-16.E01/vol_vol2/Python26/Lib/test/test_slice.py",,,application/octet-stream,py
test_structmembers.py,"0000-00-00 00:00:00","0000-00-00 00:00:00","0000-00-00 00:00:00","0000-00-00 00:00:00",0,Unallocated,,unknown,"/img_jo-2009-11-16.E01/vol_vol2/Python26/Lib/test/test_structmembers.py",,,application/octet-stream,py
test_thread.py,"0000-00-00 00:00:00","0000-00-00 00:00:00","0000-00-00 00:00:00","0000-00-00 00:00:00",0,Unallocated,,unknown,"/img_jo-2009-11-16.E01/vol_vol2/Python26/Lib/test/test_thread.py",,,application/octet-stream,py
test_userlist.py,"0000-00-00 00:00:00","0000-00-00 00:00:00","0000-00-00 00:00:00","0000-00-00 00:00:00",0,Unallocated,,unknown,"/img_jo-2009-11-16.E01/vol_vol2/Python26/Lib/test/test_userlist.py",,,application/octet-stream,py
test_zlib.py,"0000-00-00 00:00:00","0000-00-00 00:00:00","0000-00-00 00:00:00","0000-00-00 00:00:00",0,Unallocated,,unknown,"/img_jo-2009-11-16.E01/vol_vol2/Python26/Lib/test/test_zlib.py",,,application/octet-stream,py
weakref.py,"0000-00-00 00:00:00","0000-00-00 00:00:00","0000-00-00 00:00:00","0000-00-00 00:00:00",0,Unallocated,,unknown,"/img_jo-2009-11-16.E01/vol_vol2/Python26/Lib/weakref.py",,,application/octet-stream,py
cp861.enc,"0000-00-00 00:00:00","0000-00-00 00:00:00","0000-00-00 00:00:00","0000-00-00 00:00:00",0,Unallocated,,unknown,"/img_jo-2009-11-16.E01/vol_vol2/Python26/tcl/tcl8.5/encoding/cp861.enc",,,application/octet-stream,enc
gb2312.enc,"0000-00-00 00:00:00","0000-00-00 00:00:00","0000-00-00 00:00:00","0000-00-00 00:00:00",0,Unallocated,,unknown,"/img_jo-2009-11-16.E01/vol_vol2/Python26/tcl/tcl8.5/encoding/gb2312.enc",,,application/octet-stream,enc
iso8859-10.enc,"0000-00-00 00:00:00","0000-00-00 00:00:00","0000-00-00 00:00:00","0000-00-00 00:00:00",0,Unallocated,,unknown,"/img_jo-2009-11-16.E01/vol_vol2/Python26/tcl/tcl8.5/encoding/iso8859-10.enc",,,application/octet-stream,enc
jis0208.enc,"0000-00-00 00:00:00","0000-00-00 00:00:00","0000-00-00 00:00:00","0000-00-00 00:00:00",0,Unallocated,,unknown,"/img_jo-2009-11-16.E01/vol_vol2/Python26/tcl/tcl8.5/encoding/jis0208.enc",,,application/octet-stream,enc
en_be.msg,"0000-00-00 00:00:00","0000-00-00 00:00:00","0000-00-00 00:00:00","0000-00-00 00:00:00",0,Unallocated,,unknown,"/img_jo-2009-11-16.E01/vol_vol2/Python26/tcl/tcl8.5/msgs/en_be.msg",,,application/octet-stream,msg
es_ec.msg,"0000-00-00 00:00:00","0000-00-00 00:00:00","0000-00-00 00:00:00","0000-00-00 00:00:00",0,Unallocated,,unknown,"/img_jo-2009-11-16.E01/vol_vol2/Python26/tcl/tcl8.5/msgs/es_ec.msg",,,application/octet-stream,msg
fo_fo.msg,"0000-00-00 00:00:00","0000-00-00 00:00:00","0000-00-00 00:00:00","0000-00-00 00:00:00",0,Unallocated,,unknown,"/img_jo-2009-11-16.E01/vol_vol2/Python26/tcl/tcl8.5/msgs/fo_fo.msg",,,application/octet-stream,msg
ja.msg,"0000-00-00 00:00:00","0000-00-00 00:00:00","0000-00-00 00:00:00","0000-00-00 00:00:00",0,Unallocated,,unknown,"/img_jo-2009-11-16.E01/vol_vol2/Python26/tcl/tcl8.5/msgs/ja.msg",,,application/octet-stream,msg
pl.msg,"0000-00-00 00:00:00","0000-00-00 00:00:00","0000-00-00 00:00:00","0000-00-00 00:00:00",0,Unallocated,,unknown,"/img_jo-2009-11-16.E01/vol_vol2/Python26/tcl/tcl8.5/msgs/pl.msg",,,application/octet-stream,msg
Conakry,"0000-00-00 00:00:00","0000-00-00 00:00:00","0000-00-00 00:00:00","0000-00-00 00:00:00",0,Unallocated,,unknown,"/img_jo-2009-11-16.E01/vol_vol2/Python26/tcl/tcl8.5/tzdata/Africa/Conakry",,,application/octet-stream,
Luanda,"0000-00-00 00:00:00","0000-00-00 00:00:00","0000-00-00 00:00:00","0000-00-00 00:00:00",0,Unallocated,,unknown,"/img_jo-2009-11-16.E01/vol_vol2/Python26/tcl/tcl8.5/tzdata/Africa/Luanda",,,application/octet-stream,
Costa_Rica,"0000-00-00 00:00:00","0000-00-00 00:00:00","0000-00-00 00:00:00","0000-00-00 00:00:00",0,Unallocated,,unknown,"/img_jo-2009-11-16.E01/vol_vol2/Python26/tcl/tcl8.5/tzdata/America/Costa_Rica",,,application/octet-stream,
Recife,"0000-00-00 00:00:00","0000-00-00 00:00:00","0000-00-00 00:00:00","0000-00-00 00:00:00",0,Unallocated,,unknown,"/img_jo-2009-11-16.E01/vol_vol2/Python26/tcl/tcl8.5/tzdata/America/Recife",,,application/octet-stream,
Jayapura,"0000-00-00 00:00:00","0000-00-00 00:00:00","0000-00-00 00:00:00","0000-00-00 00:00:00",0,Unallocated,,unknown,"/img_jo-2009-11-16.E01/vol_vol2/Python26/tcl/tcl8.5/tzdata/Asia/Jayapura",,,application/octet-stream,
Manila,"0000-00-00 00:00:00","0000-00-00 00:00:00","0000-00-00 00:00:00","0000-00-00 00:00:00",0,Unallocated,,unknown,"/img_jo-2009-11-16.E01/vol_vol2/Python26/tcl/tcl8.5/tzdata/Asia/Manila",,,application/octet-stream,
Samarkand,"0000-00-00 00:00:00","0000-00-00 00:00:00","0000-00-00 00:00:00","0000-00-00 00:00:00",0,Unallocated,,unknown,"/img_jo-2009-11-16.E01/vol_vol2/Python26/tcl/tcl8.5/tzdata/Asia/Samarkand",,,application/octet-stream,
GMT-14,"0000-00-00 00:00:00","0000-00-00 00:00:00","0000-00-00 00:00:00","0000-00-00 00:00:00",0,Unallocated,,unknown,"/img_jo-2009-11-16.E01/vol_vol2/Python26/tcl/tcl8.5/tzdata/Etc/GMT-14",,,application/octet-stream,
Guernsey,"0000-00-00 00:00:00","0000-00-00 00:00:00","0000-00-00 00:00:00","0000-00-00 00:00:00",0,Unallocated,,unknown,"/img_jo-2009-11-16.E01/vol_vol2/Python26/tcl/tcl8.5/tzdata/Europe/Guernsey",,,application/octet-stream,
Monaco,"0000-00-00 00:00:00","0000-00-00 00:00:00","0000-00-00 00:00:00","0000-00-00 00:00:00",0,Unallocated,,unknown,"/img_jo-2009-11-16.E01/vol_vol2/Python26/tcl/tcl8.5/tzdata/Europe/Monaco",,,application/octet-stream,
hourglas.mask,"0000-00-00 00:00:00","0000-00-00 00:00:00","0000-00-00 00:00:00","0000-00-00 00:00:00",0,Unallocated,,unknown,"/img_jo-2009-11-16.E01/vol_vol2/Python26/tcl/tix8.4.3/bitmaps/hourglas.mask",,,application/octet-stream,mask
openfile.xbm,"0000-00-00 00:00:00","0000-00-00 00:00:00","0000-00-00 00:00:00","0000-00-00 00:00:00",0,Unallocated,,unknown,"/img_jo-2009-11-16.E01/vol_vol2/Python26/tcl/tix8.4.3/bitmaps/openfile.xbm",,,application/octet-stream,xbm
EditGrid.tcl,"0000-00-00 00:00:00","0000-00-00 00:00:00","0000-00-00 00:00:00","0000-00-00 00:00:00",0,Unallocated,,unknown,"/img_jo-2009-11-16.E01/vol_vol2/Python26/tcl/tix8.4.3/demos/samples/EditGrid.tcl",,,application/octet-stream,tcl
NoteBook.tcl,"0000-00-00 00:00:00","0000-00-00 00:00:00","0000-00-00 00:00:00","0000-00-00 00:00:00",0,Unallocated,,unknown,"/img_jo-2009-11-16.E01/vol_vol2/Python26/tcl/tix8.4.3/NoteBook.tcl",,,application/octet-stream,tcl
TixGray.csc,"0000-00-00 00:00:00","0000-00-00 00:00:00","0000-00-00 00:00:00","0000-00-00 00:00:00",0,Unallocated,,unknown,"/img_jo-2009-11-16.E01/vol_vol2/Python26/tcl/tix8.4.3/pref/TixGray.csc",,,application/octet-stream,csc
filebox.tcl,"0000-00-00 00:00:00","0000-00-00 00:00:00","0000-00-00 00:00:00","0000-00-00 00:00:00",0,Unallocated,,unknown,"/img_jo-2009-11-16.E01/vol_vol2/Python26/tcl/tk8.5/demos/filebox.tcl",,,application/octet-stream,tcl
hotshotmain.py,"0000-00-00 00:00:00","0000-00-00 00:00:00","0000-00-00 00:00:00","0000-00-00 00:00:00",0,Unallocated,,unknown,"/img_jo-2009-11-16.E01/vol_vol2/Python26/Tools/Scripts/hotshotmain.py",,,application/octet-stream,py
pdeps.py,"0000-00-00 00:00:00","0000-00-00 00:00:00","0000-00-00 00:00:00","0000-00-00 00:00:00",0,Unallocated,,unknown,"/img_jo-2009-11-16.E01/vol_vol2/Python26/Tools/Scripts/pdeps.py",,,application/octet-stream,py
A0000698.exe,"0000-00-00 00:00:00","0000-00-00 00:00:00","0000-00-00 00:00:00","0000-00-00 00:00:00",0,Unallocated,,unknown,"/img_jo-2009-11-16.E01/vol_vol2/System Volume Information/_restore{F3DC3EA2-2BD0-422A-9913-F2FF8C2DAD79}/RP10/A0000698.exe",,,application/octet-stream,exe
change.log,"2009-11-11 02:16:14 EET","2009-11-11 03:51:34 EET","2009-11-11 02:16:14 EET","2009-11-10 03:29:03 EET",177116,Unallocated,Allocated,unknown,"/img_jo-2009-11-16.E01/vol_vol2/System Volume Information/_restore{F3DC3EA2-2BD0-422A-9913-F2FF8C2DAD79}/RP10/change.log",,,application/octet-stream,log
A0000716.dll,"0000-00-00 00:00:00","0000-00-00 00:00:00","0000-00-00 00:00:00","0000-00-00 00:00:00",0,Unallocated,,unknown,"/img_jo-2009-11-16.E01/vol_vol2/System Volume Information/_restore{F3DC3EA2-2BD0-422A-9913-F2FF8C2DAD79}/RP10/A0000716.dll",,,application/octet-stream,dll
A0000734.exe,"0000-00-00 00:00:00","0000-00-00 00:00:00","0000-00-00 00:00:00","0000-00-00 00:00:00",0,Unallocated,,unknown,"/img_jo-2009-11-16.E01/vol_vol2/System Volume Information/_restore{F3DC3EA2-2BD0-422A-9913-F2FF8C2DAD79}/RP10/A0000734.exe",,,application/octet-stream,exe
A0000752.dll,"0000-00-00 00:00:00","0000-00-00 00:00:00","0000-00-00 00:00:00","0000-00-00 00:00:00",0,Unallocated,,unknown,"/img_jo-2009-11-16.E01/vol_vol2/System Volume Information/_restore{F3DC3EA2-2BD0-422A-9913-F2FF8C2DAD79}/RP10/A0000752.dll",,,application/octet-stream,dll
A0000770.properties,"0000-00-00 00:00:00","0000-00-00 00:00:00","0000-00-00 00:00:00","0000-00-00 00:00:00",0,Unallocated,,unknown,"/img_jo-2009-11-16.E01/vol_vol2/System Volume Information/_restore{F3DC3EA2-2BD0-422A-9913-F2FF8C2DAD79}/RP10/A0000770.properties",,,application/octet-stream,properties
A0000788.ini,"0000-00-00 00:00:00","0000-00-00 00:00:00","0000-00-00 00:00:00","0000-00-00 00:00:00",0,Unallocated,,unknown,"/img_jo-2009-11-16.E01/vol_vol2/System Volume Information/_restore{F3DC3EA2-2BD0-422A-9913-F2FF8C2DAD79}/RP10/A0000788.ini",,,application/octet-stream,ini
change.log,"2009-11-11 04:02:42 EET","2009-11-11 04:11:50 EET","2009-11-11 04:02:42 EET","2009-11-10 03:29:03 EET",23570,Unallocated,Allocated,unknown,"/img_jo-2009-11-16.E01/vol_vol2/System Volume Information/_restore{F3DC3EA2-2BD0-422A-9913-F2FF8C2DAD79}/RP10/change.log",,,application/octet-stream,log
A0000847.cfg,"0000-00-00 00:00:00","0000-00-00 00:00:00","0000-00-00 00:00:00","0000-00-00 00:00:00",0,Unallocated,,unknown,"/img_jo-2009-11-16.E01/vol_vol2/System Volume Information/_restore{F3DC3EA2-2BD0-422A-9913-F2FF8C2DAD79}/RP12/A0000847.cfg",,,application/octet-stream,cfg
change.log,"2009-11-12 19:15:51 EET","2009-11-12 19:15:51 EET","2009-11-12 19:15:51 EET","2009-11-11 22:03:52 EET",84822,Unallocated,Allocated,unknown,"/img_jo-2009-11-16.E01/vol_vol2/System Volume Information/_restore{F3DC3EA2-2BD0-422A-9913-F2FF8C2DAD79}/RP12/change.log",,,application/octet-stream,log
A0000878.cfg,"0000-00-00 00:00:00","0000-00-00 00:00:00","0000-00-00 00:00:00","0000-00-00 00:00:00",0,Unallocated,,unknown,"/img_jo-2009-11-16.E01/vol_vol2/System Volume Information/_restore{F3DC3EA2-2BD0-422A-9913-F2FF8C2DAD79}/RP13/A0000878.cfg",,,application/octet-stream,cfg
change.log,"2009-11-13 03:57:10 EET","2009-11-13 03:57:11 EET","2009-11-13 03:57:10 EET","2009-11-12 19:16:01 EET",76394,Unallocated,Allocated,unknown,"/img_jo-2009-11-16.E01/vol_vol2/System Volume Information/_restore{F3DC3EA2-2BD0-422A-9913-F2FF8C2DAD79}/RP13/change.log",,,application/octet-stream,log
A0000922.dll,"0000-00-00 00:00:00","0000-00-00 00:00:00","0000-00-00 00:00:00","0000-00-00 00:00:00",0,Unallocated,,unknown,"/img_jo-2009-11-16.E01/vol_vol2/System Volume Information/_restore{F3DC3EA2-2BD0-422A-9913-F2FF8C2DAD79}/RP14/A0000922.dll",,,application/octet-stream,dll
change.log,"2009-11-14 02:15:00 EET","2009-11-14 02:25:25 EET","2009-11-14 02:15:00 EET","2009-11-13 03:57:24 EET",83392,Unallocated,Allocated,unknown,"/img_jo-2009-11-16.E01/vol_vol2/System Volume Information/_restore{F3DC3EA2-2BD0-422A-9913-F2FF8C2DAD79}/RP14/change.log",,,application/octet-stream,log
A0000940.inf,"0000-00-00 00:00:00","0000-00-00 00:00:00","0000-00-00 00:00:00","0000-00-00 00:00:00",0,Unallocated,,unknown,"/img_jo-2009-11-16.E01/vol_vol2/System Volume Information/_restore{F3DC3EA2-2BD0-422A-9913-F2FF8C2DAD79}/RP14/A0000940.inf",,,application/octet-stream,inf
A0000034.sys,"0000-00-00 00:00:00","0000-00-00 00:00:00","0000-00-00 00:00:00","0000-00-00 00:00:00",0,Unallocated,,unknown,"/img_jo-2009-11-16.E01/vol_vol2/System Volume Information/_restore{F3DC3EA2-2BD0-422A-9913-F2FF8C2DAD79}/RP2/A0000034.sys",,,application/octet-stream,sys
change.log,"2009-11-09 03:36:32 EET","2009-11-09 03:37:17 EET","2009-11-09 03:36:32 EET","2009-11-09 03:14:58 EET",50588,Unallocated,Allocated,unknown,"/img_jo-2009-11-16.E01/vol_vol2/System Volume Information/_restore{F3DC3EA2-2BD0-422A-9913-F2FF8C2DAD79}/RP2/change.log",,,application/octet-stream,log
A0000052.dll,"0000-00-00 00:00:00","0000-00-00 00:00:00","0000-00-00 00:00:00","0000-00-00 00:00:00",0,Unallocated,,unknown,"/img_jo-2009-11-16.E01/vol_vol2/System Volume Information/_restore{F3DC3EA2-2BD0-422A-9913-F2FF8C2DAD79}/RP2/A0000052.dll",,,application/octet-stream,dll
A0000094.PNF,"0000-00-00 00:00:00","0000-00-00 00:00:00","0000-00-00 00:00:00","0000-00-00 00:00:00",0,Unallocated,,unknown,"/img_jo-2009-11-16.E01/vol_vol2/System Volume Information/_restore{F3DC3EA2-2BD0-422A-9913-F2FF8C2DAD79}/RP3/A0000094.PNF",,,application/octet-stream,pnf
change.log,"2009-11-09 04:04:02 EET","2009-11-09 04:04:12 EET","2009-11-09 04:04:02 EET","2009-11-09 03:37:31 EET",101866,Unallocated,Allocated,unknown,"/img_jo-2009-11-16.E01/vol_vol2/System Volume Information/_restore{F3DC3EA2-2BD0-422A-9913-F2FF8C2DAD79}/RP3/change.log",,,application/octet-stream,log
A0000112.PNF,"0000-00-00 00:00:00","0000-00-00 00:00:00","0000-00-00 00:00:00","0000-00-00 00:00:00",0,Unallocated,,unknown,"/img_jo-2009-11-16.E01/vol_vol2/System Volume Information/_restore{F3DC3EA2-2BD0-422A-9913-F2FF8C2DAD79}/RP3/A0000112.PNF",,,application/octet-stream,pnf
A0000153.dll,"0000-00-00 00:00:00","0000-00-00 00:00:00","0000-00-00 00:00:00","0000-00-00 00:00:00",0,Unallocated,,unknown,"/img_jo-2009-11-16.E01/vol_vol2/System Volume Information/_restore{F3DC3EA2-2BD0-422A-9913-F2FF8C2DAD79}/RP4/A0000153.dll",,,application/octet-stream,dll
change.log,"2009-11-10 02:36:56 EET","2009-11-10 02:37:33 EET","2009-11-10 02:36:56 EET","2009-11-09 04:04:31 EET",743904,Unallocated,Allocated,unknown,"/img_jo-2009-11-16.E01/vol_vol2/System Volume Information/_restore{F3DC3EA2-2BD0-422A-9913-F2FF8C2DAD79}/RP4/change.log",,,application/octet-stream,log
A0000171.dll,"0000-00-00 00:00:00","0000-00-00 00:00:00","0000-00-00 00:00:00","0000-00-00 00:00:00",0,Unallocated,,unknown,"/img_jo-2009-11-16.E01/vol_vol2/System Volume Information/_restore{F3DC3EA2-2BD0-422A-9913-F2FF8C2DAD79}/RP4/A0000171.dll",,,application/octet-stream,dll
A0000189.dll,"0000-00-00 00:00:00","0000-00-00 00:00:00","0000-00-00 00:00:00","0000-00-00 00:00:00",0,Unallocated,,unknown,"/img_jo-2009-11-16.E01/vol_vol2/System Volume Information/_restore{F3DC3EA2-2BD0-422A-9913-F2FF8C2DAD79}/RP4/A0000189.dll",,,application/octet-stream,dll
A0000207.dll,"0000-00-00 00:00:00","0000-00-00 00:00:00","0000-00-00 00:00:00","0000-00-00 00:00:00",0,Unallocated,,unknown,"/img_jo-2009-11-16.E01/vol_vol2/System Volume Information/_restore{F3DC3EA2-2BD0-422A-9913-F2FF8C2DAD79}/RP4/A0000207.dll",,,application/octet-stream,dll
A0000225.dll,"0000-00-00 00:00:00","0000-00-00 00:00:00","0000-00-00 00:00:00","0000-00-00 00:00:00",0,Unallocated,,unknown,"/img_jo-2009-11-16.E01/vol_vol2/System Volume Information/_restore{F3DC3EA2-2BD0-422A-9913-F2FF8C2DAD79}/RP4/A0000225.dll",,,application/octet-stream,dll
A0000297.dll,"0000-00-00 00:00:00","0000-00-00 00:00:00","0000-00-00 00:00:00","0000-00-00 00:00:00",0,Unallocated,,unknown,"/img_jo-2009-11-16.E01/vol_vol2/System Volume Information/_restore{F3DC3EA2-2BD0-422A-9913-F2FF8C2DAD79}/RP4/A0000297.dll",,,application/octet-stream,dll
A0000315.dll,"0000-00-00 00:00:00","0000-00-00 00:00:00","0000-00-00 00:00:00","0000-00-00 00:00:00",0,Unallocated,,unknown,"/img_jo-2009-11-16.E01/vol_vol2/System Volume Information/_restore{F3DC3EA2-2BD0-422A-9913-F2FF8C2DAD79}/RP4/A0000315.dll",,,application/octet-stream,dll
A0000333.dll,"0000-00-00 00:00:00","0000-00-00 00:00:00","0000-00-00 00:00:00","0000-00-00 00:00:00",0,Unallocated,,unknown,"/img_jo-2009-11-16.E01/vol_vol2/System Volume Information/_restore{F3DC3EA2-2BD0-422A-9913-F2FF8C2DAD79}/RP4/A0000333.dll",,,application/octet-stream,dll
A0000369.cfg,"0000-00-00 00:00:00","0000-00-00 00:00:00","0000-00-00 00:00:00","0000-00-00 00:00:00",0,Unallocated,,unknown,"/img_jo-2009-11-16.E01/vol_vol2/System Volume Information/_restore{F3DC3EA2-2BD0-422A-9913-F2FF8C2DAD79}/RP4/A0000369.cfg",,,application/octet-stream,cfg
A0000387.dll,"0000-00-00 00:00:00","0000-00-00 00:00:00","0000-00-00 00:00:00","0000-00-00 00:00:00",0,Unallocated,,unknown,"/img_jo-2009-11-16.E01/vol_vol2/System Volume Information/_restore{F3DC3EA2-2BD0-422A-9913-F2FF8C2DAD79}/RP4/A0000387.dll",,,application/octet-stream,dll
A0000405.PNF,"0000-00-00 00:00:00","0000-00-00 00:00:00","0000-00-00 00:00:00","0000-00-00 00:00:00",0,Unallocated,,unknown,"/img_jo-2009-11-16.E01/vol_vol2/System Volume Information/_restore{F3DC3EA2-2BD0-422A-9913-F2FF8C2DAD79}/RP4/A0000405.PNF",,,application/octet-stream,pnf
A0000423.dll,"0000-00-00 00:00:00","0000-00-00 00:00:00","0000-00-00 00:00:00","0000-00-00 00:00:00",0,Unallocated,,unknown,"/img_jo-2009-11-16.E01/vol_vol2/System Volume Information/_restore{F3DC3EA2-2BD0-422A-9913-F2FF8C2DAD79}/RP4/A0000423.dll",,,application/octet-stream,dll
A0000441.dll,"0000-00-00 00:00:00","0000-00-00 00:00:00","0000-00-00 00:00:00","0000-00-00 00:00:00",0,Unallocated,,unknown,"/img_jo-2009-11-16.E01/vol_vol2/System Volume Information/_restore{F3DC3EA2-2BD0-422A-9913-F2FF8C2DAD79}/RP4/A0000441.dll",,,application/octet-stream,dll
A0000459.exe,"0000-00-00 00:00:00","0000-00-00 00:00:00","0000-00-00 00:00:00","0000-00-00 00:00:00",0,Unallocated,,unknown,"/img_jo-2009-11-16.E01/vol_vol2/System Volume Information/_restore{F3DC3EA2-2BD0-422A-9913-F2FF8C2DAD79}/RP4/A0000459.exe",,,application/octet-stream,exe
change.log,"2009-11-10 02:41:25 EET","2009-11-10 02:41:39 EET","2009-11-10 02:41:25 EET","2009-11-09 04:04:31 EET",115718,Unallocated,Allocated,unknown,"/img_jo-2009-11-16.E01/vol_vol2/System Volume Information/_restore{F3DC3EA2-2BD0-422A-9913-F2FF8C2DAD79}/RP4/change.log",,,application/octet-stream,log
A0000495.dll,"0000-00-00 00:00:00","0000-00-00 00:00:00","0000-00-00 00:00:00","0000-00-00 00:00:00",0,Unallocated,,unknown,"/img_jo-2009-11-16.E01/vol_vol2/System Volume Information/_restore{F3DC3EA2-2BD0-422A-9913-F2FF8C2DAD79}/RP4/A0000495.dll",,,application/octet-stream,dll
A0000549.inf,"0000-00-00 00:00:00","0000-00-00 00:00:00","0000-00-00 00:00:00","0000-00-00 00:00:00",0,Unallocated,,unknown,"/img_jo-2009-11-16.E01/vol_vol2/System Volume Information/_restore{F3DC3EA2-2BD0-422A-9913-F2FF8C2DAD79}/RP4/A0000549.inf",,,application/octet-stream,inf
A0000567.dll,"0000-00-00 00:00:00","0000-00-00 00:00:00","0000-00-00 00:00:00","0000-00-00 00:00:00",0,Unallocated,,unknown,"/img_jo-2009-11-16.E01/vol_vol2/System Volume Information/_restore{F3DC3EA2-2BD0-422A-9913-F2FF8C2DAD79}/RP4/A0000567.dll",,,application/octet-stream,dll
A0000585.ocx,"0000-00-00 00:00:00","0000-00-00 00:00:00","0000-00-00 00:00:00","0000-00-00 00:00:00",0,Unallocated,,unknown,"/img_jo-2009-11-16.E01/vol_vol2/System Volume Information/_restore{F3DC3EA2-2BD0-422A-9913-F2FF8C2DAD79}/RP4/A0000585.ocx",,,application/octet-stream,ocx
A0000622.cfg,"0000-00-00 00:00:00","0000-00-00 00:00:00","0000-00-00 00:00:00","0000-00-00 00:00:00",0,Unallocated,,unknown,"/img_jo-2009-11-16.E01/vol_vol2/System Volume Information/_restore{F3DC3EA2-2BD0-422A-9913-F2FF8C2DAD79}/RP5/A0000622.cfg",,,application/octet-stream,cfg
A0000671.ini,"0000-00-00 00:00:00","0000-00-00 00:00:00","0000-00-00 00:00:00","0000-00-00 00:00:00",0,Unallocated,,unknown,"/img_jo-2009-11-16.E01/vol_vol2/System Volume Information/_restore{F3DC3EA2-2BD0-422A-9913-F2FF8C2DAD79}/RP9/A0000671.ini",,,application/octet-stream,ini
KB969059,"0000-00-00 00:00:00","0000-00-00 00:00:00","0000-00-00 00:00:00","0000-00-00 00:00:00",0,Unallocated,,unknown,"/img_jo-2009-11-16.E01/vol_vol2/WINDOWS/$hf_mig$/KB969059",,,application/octet-stream,
CollectedData_16.xml,"0000-00-00 00:00:00","0000-00-00 00:00:00","0000-00-00 00:00:00","0000-00-00 00:00:00",0,Unallocated,,unknown,"/img_jo-2009-11-16.E01/vol_vol2/WINDOWS/pchealth/helpctr/DataColl/CollectedData_16.xml",,,application/octet-stream,xml
CollectedData_18.xml,"0000-00-00 00:00:00","0000-00-00 00:00:00","0000-00-00 00:00:00","0000-00-00 00:00:00",0,Unallocated,,unknown,"/img_jo-2009-11-16.E01/vol_vol2/WINDOWS/pchealth/helpctr/DataColl/CollectedData_18.xml",,,application/octet-stream,xml
CollectedData_20.xml,"0000-00-00 00:00:00","0000-00-00 00:00:00","0000-00-00 00:00:00","0000-00-00 00:00:00",0,Unallocated,,unknown,"/img_jo-2009-11-16.E01/vol_vol2/WINDOWS/pchealth/helpctr/DataColl/CollectedData_20.xml",,,application/octet-stream,xml
CollectedData_22.xml,"0000-00-00 00:00:00","0000-00-00 00:00:00","0000-00-00 00:00:00","0000-00-00 00:00:00",0,Unallocated,,unknown,"/img_jo-2009-11-16.E01/vol_vol2/WINDOWS/pchealth/helpctr/DataColl/CollectedData_22.xml",,,application/octet-stream,xml
CollectedData_24.xml,"0000-00-00 00:00:00","0000-00-00 00:00:00","0000-00-00 00:00:00","0000-00-00 00:00:00",0,Unallocated,,unknown,"/img_jo-2009-11-16.E01/vol_vol2/WINDOWS/pchealth/helpctr/DataColl/CollectedData_24.xml",,,application/octet-stream,xml
CollectedData_5.xml,"0000-00-00 00:00:00","0000-00-00 00:00:00","0000-00-00 00:00:00","0000-00-00 00:00:00",0,Unallocated,,unknown,"/img_jo-2009-11-16.E01/vol_vol2/WINDOWS/pchealth/helpctr/DataColl/CollectedData_5.xml",,,application/octet-stream,xml
CollectedData_6.xml,"0000-00-00 00:00:00","0000-00-00 00:00:00","0000-00-00 00:00:00","0000-00-00 00:00:00",0,Unallocated,,unknown,"/img_jo-2009-11-16.E01/vol_vol2/WINDOWS/pchealth/helpctr/DataColl/CollectedData_6.xml",,,application/octet-stream,xml
CollectedData_7.xml,"0000-00-00 00:00:00","0000-00-00 00:00:00","0000-00-00 00:00:00","0000-00-00 00:00:00",0,Unallocated,,unknown,"/img_jo-2009-11-16.E01/vol_vol2/WINDOWS/pchealth/helpctr/DataColl/CollectedData_7.xml",,,application/octet-stream,xml
CollectedData_8.xml,"0000-00-00 00:00:00","0000-00-00 00:00:00","0000-00-00 00:00:00","0000-00-00 00:00:00",0,Unallocated,,unknown,"/img_jo-2009-11-16.E01/vol_vol2/WINDOWS/pchealth/helpctr/DataColl/CollectedData_8.xml",,,application/octet-stream,xml
CollectedData_9.xml,"0000-00-00 00:00:00","0000-00-00 00:00:00","0000-00-00 00:00:00","0000-00-00 00:00:00",0,Unallocated,,unknown,"/img_jo-2009-11-16.E01/vol_vol2/WINDOWS/pchealth/helpctr/DataColl/CollectedData_9.xml",,,application/octet-stream,xml
CollectedData_73.xml,"0000-00-00 00:00:00","0000-00-00 00:00:00","0000-00-00 00:00:00","0000-00-00 00:00:00",0,Unallocated,,unknown,"/img_jo-2009-11-16.E01/vol_vol2/WINDOWS/pchealth/helpctr/DataColl/CollectedData_73.xml",,,application/octet-stream,xml
00000016.query,"0000-00-00 00:00:00","0000-00-00 00:00:00","0000-00-00 00:00:00","0000-00-00 00:00:00",0,Unallocated,,unknown,"/img_jo-2009-11-16.E01/vol_vol2/WINDOWS/pchealth/helpctr/OfflineCache/Professional_32#0409/00000016.query",,,application/octet-stream,query
00000017.query.new,"0000-00-00 00:00:00","0000-00-00 00:00:00","0000-00-00 00:00:00","0000-00-00 00:00:00",0,Unallocated,,unknown,"/img_jo-2009-11-16.E01/vol_vol2/WINDOWS/pchealth/helpctr/OfflineCache/Professional_32#0409/00000017.query.new",,,application/octet-stream,new
0000002d.query,"0000-00-00 00:00:00","0000-00-00 00:00:00","0000-00-00 00:00:00","0000-00-00 00:00:00",0,Unallocated,,unknown,"/img_jo-2009-11-16.E01/vol_vol2/WINDOWS/pchealth/helpctr/OfflineCache/Professional_32#0409/0000002d.query",,,application/octet-stream,query
00000039.query.new,"2009-11-11 04:13:25 EET","2009-11-11 04:13:25 EET","2009-11-11 04:13:25 EET","2009-11-11 04:13:25 EET",1078,Unallocated,Allocated,unknown,"/img_jo-2009-11-16.E01/vol_vol2/WINDOWS/pchealth/helpctr/OfflineCache/Professional_32#0409/00000039.query.new",,,application/octet-stream,new
00000046.query,"0000-00-00 00:00:00","0000-00-00 00:00:00","0000-00-00 00:00:00","0000-00-00 00:00:00",0,Unallocated,,unknown,"/img_jo-2009-11-16.E01/vol_vol2/WINDOWS/pchealth/helpctr/OfflineCache/Professional_32#0409/00000046.query",,,application/octet-stream,query
00000051.query.new,"2009-11-11 04:13:27 EET","2009-11-11 04:13:28 EET","2009-11-11 04:13:27 EET","2009-11-11 04:13:27 EET",1392,Unallocated,Allocated,unknown,"/img_jo-2009-11-16.E01/vol_vol2/WINDOWS/pchealth/helpctr/OfflineCache/Professional_32#0409/00000051.query.new",,,application/octet-stream,new
0000005e.query,"0000-00-00 00:00:00","0000-00-00 00:00:00","0000-00-00 00:00:00","0000-00-00 00:00:00",0,Unallocated,,unknown,"/img_jo-2009-11-16.E01/vol_vol2/WINDOWS/pchealth/helpctr/OfflineCache/Professional_32#0409/0000005e.query",,,application/octet-stream,query
0000006a.query.new,"2009-11-11 04:13:29 EET","2009-11-11 04:13:29 EET","2009-11-11 04:13:29 EET","2009-11-11 04:13:29 EET",1686,Unallocated,Allocated,unknown,"/img_jo-2009-11-16.E01/vol_vol2/WINDOWS/pchealth/helpctr/OfflineCache/Professional_32#0409/0000006a.query.new",,,application/octet-stream,new
00000075.query,"0000-00-00 00:00:00","0000-00-00 00:00:00","0000-00-00 00:00:00","0000-00-00 00:00:00",0,Unallocated,,unknown,"/img_jo-2009-11-16.E01/vol_vol2/WINDOWS/pchealth/helpctr/OfflineCache/Professional_32#0409/00000075.query",,,application/octet-stream,query
0000008d.query,"0000-00-00 00:00:00","0000-00-00 00:00:00","0000-00-00 00:00:00","0000-00-00 00:00:00",0,Unallocated,,unknown,"/img_jo-2009-11-16.E01/vol_vol2/WINDOWS/pchealth/helpctr/OfflineCache/Professional_32#0409/0000008d.query",,,application/octet-stream,query
00000092.query.new,"2009-11-11 04:13:31 EET","2009-11-11 04:13:31 EET","2009-11-11 04:13:31 EET","2009-11-11 04:13:31 EET",7226,Unallocated,Allocated,unknown,"/img_jo-2009-11-16.E01/vol_vol2/WINDOWS/pchealth/helpctr/OfflineCache/Professional_32#0409/00000092.query.new",,,application/octet-stream,new
000000a6.query,"0000-00-00 00:00:00","0000-00-00 00:00:00","0000-00-00 00:00:00","0000-00-00 00:00:00",0,Unallocated,,unknown,"/img_jo-2009-11-16.E01/vol_vol2/WINDOWS/pchealth/helpctr/OfflineCache/Professional_32#0409/000000a6.query",,,application/octet-stream,query
000000aa.query.new,"2009-11-11 04:13:32 EET","2009-11-11 04:13:33 EET","2009-11-11 04:13:32 EET","2009-11-11 04:13:32 EET",2660,Unallocated,Allocated,unknown,"/img_jo-2009-11-16.E01/vol_vol2/WINDOWS/pchealth/helpctr/OfflineCache/Professional_32#0409/000000aa.query.new",,,application/octet-stream,new
000000be.query,"0000-00-00 00:00:00","0000-00-00 00:00:00","0000-00-00 00:00:00","0000-00-00 00:00:00",0,Unallocated,,unknown,"/img_jo-2009-11-16.E01/vol_vol2/WINDOWS/pchealth/helpctr/OfflineCache/Professional_32#0409/000000be.query",,,application/octet-stream,query
000000c2.query.new,"2009-11-11 04:13:34 EET","2009-11-11 04:13:34 EET","2009-11-11 04:13:34 EET","2009-11-11 04:13:34 EET",6424,Unallocated,Allocated,unknown,"/img_jo-2009-11-16.E01/vol_vol2/WINDOWS/pchealth/helpctr/OfflineCache/Professional_32#0409/000000c2.query.new",,,application/octet-stream,new
000000d6.query,"0000-00-00 00:00:00","0000-00-00 00:00:00","0000-00-00 00:00:00","0000-00-00 00:00:00",0,Unallocated,,unknown,"/img_jo-2009-11-16.E01/vol_vol2/WINDOWS/pchealth/helpctr/OfflineCache/Professional_32#0409/000000d6.query",,,application/octet-stream,query
000000da.query.new,"2009-11-11 04:13:35 EET","2009-11-11 04:13:35 EET","2009-11-11 04:13:35 EET","2009-11-11 04:13:35 EET",2396,Unallocated,Allocated,unknown,"/img_jo-2009-11-16.E01/vol_vol2/WINDOWS/pchealth/helpctr/OfflineCache/Professional_32#0409/000000da.query.new",,,application/octet-stream,new
000000ed.query,"0000-00-00 00:00:00","0000-00-00 00:00:00","0000-00-00 00:00:00","0000-00-00 00:00:00",0,Unallocated,,unknown,"/img_jo-2009-11-16.E01/vol_vol2/WINDOWS/pchealth/helpctr/OfflineCache/Professional_32#0409/000000ed.query",,,application/octet-stream,query
000000f2.query.new,"2009-11-11 04:13:36 EET","2009-11-11 04:13:36 EET","2009-11-11 04:13:36 EET","2009-11-11 04:13:36 EET",4534,Unallocated,Allocated,unknown,"/img_jo-2009-11-16.E01/vol_vol2/WINDOWS/pchealth/helpctr/OfflineCache/Professional_32#0409/000000f2.query.new",,,application/octet-stream,new
00000100.query,"0000-00-00 00:00:00","0000-00-00 00:00:00","0000-00-00 00:00:00","0000-00-00 00:00:00",0,Unallocated,,unknown,"/img_jo-2009-11-16.E01/vol_vol2/WINDOWS/pchealth/helpctr/OfflineCache/Professional_32#0409/00000100.query",,,application/octet-stream,query
00000118.query,"0000-00-00 00:00:00","0000-00-00 00:00:00","0000-00-00 00:00:00","0000-00-00 00:00:00",0,Unallocated,,unknown,"/img_jo-2009-11-16.E01/vol_vol2/WINDOWS/pchealth/helpctr/OfflineCache/Professional_32#0409/00000118.query",,,application/octet-stream,query
00000130.query.new,"2009-11-11 04:13:39 EET","2009-11-11 04:13:39 EET","2009-11-11 04:13:39 EET","2009-11-11 04:13:39 EET",484,Unallocated,Allocated,unknown,"/img_jo-2009-11-16.E01/vol_vol2/WINDOWS/pchealth/helpctr/OfflineCache/Professional_32#0409/00000130.query.new",,,application/octet-stream,new
00000214.query,"0000-00-00 00:00:00","0000-00-00 00:00:00","0000-00-00 00:00:00","0000-00-00 00:00:00",0,Unallocated,,unknown,"/img_jo-2009-11-16.E01/vol_vol2/WINDOWS/pchealth/helpctr/OfflineCache/Professional_32#0409/00000214.query",,,application/octet-stream,query
00000224.query.new,"2009-11-11 04:13:51 EET","2009-11-11 04:13:51 EET","2009-11-11 04:13:51 EET","2009-11-11 04:13:51 EET",82,Unallocated,Allocated,unknown,"/img_jo-2009-11-16.E01/vol_vol2/WINDOWS/pchealth/helpctr/OfflineCache/Professional_32#0409/00000224.query.new",,,application/octet-stream,new
00000131.query,"0000-00-00 00:00:00","0000-00-00 00:00:00","0000-00-00 00:00:00","0000-00-00 00:00:00",0,Unallocated,,unknown,"/img_jo-2009-11-16.E01/vol_vol2/WINDOWS/pchealth/helpctr/OfflineCache/Professional_32#0409/00000131.query",,,application/octet-stream,query
00000147.query.new,"2009-11-11 04:13:40 EET","2009-11-11 04:13:40 EET","2009-11-11 04:13:40 EET","2009-11-11 04:13:40 EET",1374,Unallocated,Allocated,unknown,"/img_jo-2009-11-16.E01/vol_vol2/WINDOWS/pchealth/helpctr/OfflineCache/Professional_32#0409/00000147.query.new",,,application/octet-stream,new
00000148.query,"0000-00-00 00:00:00","0000-00-00 00:00:00","0000-00-00 00:00:00","0000-00-00 00:00:00",0,Unallocated,,unknown,"/img_jo-2009-11-16.E01/vol_vol2/WINDOWS/pchealth/helpctr/OfflineCache/Professional_32#0409/00000148.query",,,application/octet-stream,query
00000162.query.new,"2009-11-11 04:13:41 EET","2009-11-11 04:13:41 EET","2009-11-11 04:13:41 EET","2009-11-11 04:13:41 EET",4174,Unallocated,Allocated,unknown,"/img_jo-2009-11-16.E01/vol_vol2/WINDOWS/pchealth/helpctr/OfflineCache/Professional_32#0409/00000162.query.new",,,application/octet-stream,new
00000163.query,"0000-00-00 00:00:00","0000-00-00 00:00:00","0000-00-00 00:00:00","0000-00-00 00:00:00",0,Unallocated,,unknown,"/img_jo-2009-11-16.E01/vol_vol2/WINDOWS/pchealth/helpctr/OfflineCache/Professional_32#0409/00000163.query",,,application/octet-stream,query
0000017a.query.new,"2009-11-11 04:13:43 EET","2009-11-11 04:13:43 EET","2009-11-11 04:13:43 EET","2009-11-11 04:13:42 EET",4312,Unallocated,Allocated,unknown,"/img_jo-2009-11-16.E01/vol_vol2/WINDOWS/pchealth/helpctr/OfflineCache/Professional_32#0409/0000017a.query.new",,,application/octet-stream,new
0000017b.query,"0000-00-00 00:00:00","0000-00-00 00:00:00","0000-00-00 00:00:00","0000-00-00 00:00:00",0,Unallocated,,unknown,"/img_jo-2009-11-16.E01/vol_vol2/WINDOWS/pchealth/helpctr/OfflineCache/Professional_32#0409/0000017b.query",,,application/octet-stream,query
00000192.query.new,"2009-11-11 04:13:44 EET","2009-11-11 04:13:44 EET","2009-11-11 04:13:44 EET","2009-11-11 04:13:44 EET",4088,Unallocated,Allocated,unknown,"/img_jo-2009-11-16.E01/vol_vol2/WINDOWS/pchealth/helpctr/OfflineCache/Professional_32#0409/00000192.query.new",,,application/octet-stream,new
00000193.query,"0000-00-00 00:00:00","0000-00-00 00:00:00","0000-00-00 00:00:00","0000-00-00 00:00:00",0,Unallocated,,unknown,"/img_jo-2009-11-16.E01/vol_vol2/WINDOWS/pchealth/helpctr/OfflineCache/Professional_32#0409/00000193.query",,,application/octet-stream,query
000001aa.query.new,"2009-11-11 04:13:45 EET","2009-11-11 04:13:45 EET","2009-11-11 04:13:45 EET","2009-11-11 04:13:45 EET",2194,Unallocated,Allocated,unknown,"/img_jo-2009-11-16.E01/vol_vol2/WINDOWS/pchealth/helpctr/OfflineCache/Professional_32#0409/000001aa.query.new",,,application/octet-stream,new
000001ab.query,"0000-00-00 00:00:00","0000-00-00 00:00:00","0000-00-00 00:00:00","0000-00-00 00:00:00",0,Unallocated,,unknown,"/img_jo-2009-11-16.E01/vol_vol2/WINDOWS/pchealth/helpctr/OfflineCache/Professional_32#0409/000001ab.query",,,application/octet-stream,query
000001c0.query.new,"2009-11-11 04:13:46 EET","2009-11-11 04:13:46 EET","2009-11-11 04:13:46 EET","2009-11-11 04:13:46 EET",276,Unallocated,Allocated,unknown,"/img_jo-2009-11-16.E01/vol_vol2/WINDOWS/pchealth/helpctr/OfflineCache/Professional_32#0409/000001c0.query.new",,,application/octet-stream,new
000001c1.query,"0000-00-00 00:00:00","0000-00-00 00:00:00","0000-00-00 00:00:00","0000-00-00 00:00:00",0,Unallocated,,unknown,"/img_jo-2009-11-16.E01/vol_vol2/WINDOWS/pchealth/helpctr/OfflineCache/Professional_32#0409/000001c1.query",,,application/octet-stream,query
000001d7.query.new,"2009-11-11 04:13:47 EET","2009-11-11 04:13:47 EET","2009-11-11 04:13:47 EET","2009-11-11 04:13:47 EET",9334,Unallocated,Allocated,unknown,"/img_jo-2009-11-16.E01/vol_vol2/WINDOWS/pchealth/helpctr/OfflineCache/Professional_32#0409/000001d7.query.new",,,application/octet-stream,new
000001d8.query,"0000-00-00 00:00:00","0000-00-00 00:00:00","0000-00-00 00:00:00","0000-00-00 00:00:00",0,Unallocated,,unknown,"/img_jo-2009-11-16.E01/vol_vol2/WINDOWS/pchealth/helpctr/OfflineCache/Professional_32#0409/000001d8.query",,,application/octet-stream,query
000001ef.query.new,"2009-11-11 04:13:48 EET","2009-11-11 04:13:48 EET","2009-11-11 04:13:48 EET","2009-11-11 04:13:48 EET",4368,Unallocated,Allocated,unknown,"/img_jo-2009-11-16.E01/vol_vol2/WINDOWS/pchealth/helpctr/OfflineCache/Professional_32#0409/000001ef.query.new",,,application/octet-stream,new
0000022e.query,"0000-00-00 00:00:00","0000-00-00 00:00:00","0000-00-00 00:00:00","0000-00-00 00:00:00",0,Unallocated,,unknown,"/img_jo-2009-11-16.E01/vol_vol2/WINDOWS/pchealth/helpctr/OfflineCache/Professional_32#0409/0000022e.query",,,application/octet-stream,query
0000023b.query.new,"2009-11-11 04:13:52 EET","2009-11-11 04:13:52 EET","2009-11-11 04:13:52 EET","2009-11-11 04:13:52 EET",3812,Unallocated,Allocated,unknown,"/img_jo-2009-11-16.E01/vol_vol2/WINDOWS/pchealth/helpctr/OfflineCache/Professional_32#0409/0000023b.query.new",,,application/octet-stream,new
00000246.query,"0000-00-00 00:00:00","0000-00-00 00:00:00","0000-00-00 00:00:00","0000-00-00 00:00:00",0,Unallocated,,unknown,"/img_jo-2009-11-16.E01/vol_vol2/WINDOWS/pchealth/helpctr/OfflineCache/Professional_32#0409/00000246.query",,,application/octet-stream,query
00000252.query.new,"2009-11-11 04:13:54 EET","2009-11-11 04:13:54 EET","2009-11-11 04:13:54 EET","2009-11-11 04:13:54 EET",1464,Unallocated,Allocated,unknown,"/img_jo-2009-11-16.E01/vol_vol2/WINDOWS/pchealth/helpctr/OfflineCache/Professional_32#0409/00000252.query.new",,,application/octet-stream,new
0000025e.query,"0000-00-00 00:00:00","0000-00-00 00:00:00","0000-00-00 00:00:00","0000-00-00 00:00:00",0,Unallocated,,unknown,"/img_jo-2009-11-16.E01/vol_vol2/WINDOWS/pchealth/helpctr/OfflineCache/Professional_32#0409/0000025e.query",,,application/octet-stream,query
0000026b.query.new,"2009-11-11 04:13:55 EET","2009-11-11 04:13:55 EET","2009-11-11 04:13:55 EET","2009-11-11 04:13:55 EET",3040,Unallocated,Allocated,unknown,"/img_jo-2009-11-16.E01/vol_vol2/WINDOWS/pchealth/helpctr/OfflineCache/Professional_32#0409/0000026b.query.new",,,application/octet-stream,new
00000275.query,"0000-00-00 00:00:00","0000-00-00 00:00:00","0000-00-00 00:00:00","0000-00-00 00:00:00",0,Unallocated,,unknown,"/img_jo-2009-11-16.E01/vol_vol2/WINDOWS/pchealth/helpctr/OfflineCache/Professional_32#0409/00000275.query",,,application/octet-stream,query
00000283.query.new,"2009-11-11 04:13:56 EET","2009-11-11 04:13:56 EET","2009-11-11 04:13:56 EET","2009-11-11 04:13:56 EET",3868,Unallocated,Allocated,unknown,"/img_jo-2009-11-16.E01/vol_vol2/WINDOWS/pchealth/helpctr/OfflineCache/Professional_32#0409/00000283.query.new",,,application/octet-stream,new
0000028d.query,"0000-00-00 00:00:00","0000-00-00 00:00:00","0000-00-00 00:00:00","0000-00-00 00:00:00",0,Unallocated,,unknown,"/img_jo-2009-11-16.E01/vol_vol2/WINDOWS/pchealth/helpctr/OfflineCache/Professional_32#0409/0000028d.query",,,application/octet-stream,query
0000029a.query.new,"2009-11-11 04:13:57 EET","2009-11-11 04:13:58 EET","2009-11-11 04:13:57 EET","2009-11-11 04:13:57 EET",308,Unallocated,Allocated,unknown,"/img_jo-2009-11-16.E01/vol_vol2/WINDOWS/pchealth/helpctr/OfflineCache/Professional_32#0409/0000029a.query.new",,,application/octet-stream,new
000002a6.query,"0000-00-00 00:00:00","0000-00-00 00:00:00","0000-00-00 00:00:00","0000-00-00 00:00:00",0,Unallocated,,unknown,"/img_jo-2009-11-16.E01/vol_vol2/WINDOWS/pchealth/helpctr/OfflineCache/Professional_32#0409/000002a6.query",,,application/octet-stream,query
000002b3.query.new,"2009-11-11 04:13:58 EET","2009-11-11 04:13:58 EET","2009-11-11 04:13:58 EET","2009-11-11 04:13:58 EET",1914,Unallocated,Allocated,unknown,"/img_jo-2009-11-16.E01/vol_vol2/WINDOWS/pchealth/helpctr/OfflineCache/Professional_32#0409/000002b3.query.new",,,application/octet-stream,new
000002bd.query,"0000-00-00 00:00:00","0000-00-00 00:00:00","0000-00-00 00:00:00","0000-00-00 00:00:00",0,Unallocated,,unknown,"/img_jo-2009-11-16.E01/vol_vol2/WINDOWS/pchealth/helpctr/OfflineCache/Professional_32#0409/000002bd.query",,,application/octet-stream,query
000002ca.query.new,"2009-11-11 04:14:00 EET","2009-11-11 04:14:00 EET","2009-11-11 04:14:00 EET","2009-11-11 04:14:00 EET",2410,Unallocated,Allocated,unknown,"/img_jo-2009-11-16.E01/vol_vol2/WINDOWS/pchealth/helpctr/OfflineCache/Professional_32#0409/000002ca.query.new",,,application/octet-stream,new
SkuStore.bin,"0000-00-00 00:00:00","0000-00-00 00:00:00","0000-00-00 00:00:00","0000-00-00 00:00:00",0,Unallocated,,unknown,"/img_jo-2009-11-16.E01/vol_vol2/WINDOWS/pchealth/helpctr/PackageStore/SkuStore.bin",,,application/octet-stream,bin
logon_anim.gif,"0000-00-00 00:00:00","0000-00-00 00:00:00","0000-00-00 00:00:00","0000-00-00 00:00:00",0,Unallocated,,unknown,"/img_jo-2009-11-16.E01/vol_vol2/WINDOWS/pchealth/helpctr/Vendors/CN=Microsoft Corporation,L=Redmond,S=Washington,C=US/Remote Assistance/Escalation/Common/logon_anim.gif",,,application/octet-stream,gif
AVGFRW.EXE-10C26B11.pf,"0000-00-00 00:00:00","0000-00-00 00:00:00","0000-00-00 00:00:00","0000-00-00 00:00:00",0,Unallocated,,unknown,"/img_jo-2009-11-16.E01/vol_vol2/WINDOWS/Prefetch/AVGFRW.EXE-10C26B11.pf",,,application/octet-stream,pf
"AVGIDSMONITOR.EXE-0A0264AF.pf","0000-00-00 00:00:00","0000-00-00 00:00:00","0000-00-00 00:00:00","0000-00-00 00:00:00",0,Unallocated,,unknown,"/img_jo-2009-11-16.E01/vol_vol2/WINDOWS/Prefetch/AVGIDSMONITOR.EXE-0A0264AF.pf",,,application/octet-stream,pf
AVGRSX.EXE-1B973CDE.pf,"0000-00-00 00:00:00","0000-00-00 00:00:00","0000-00-00 00:00:00","0000-00-00 00:00:00",0,Unallocated,,unknown,"/img_jo-2009-11-16.E01/vol_vol2/WINDOWS/Prefetch/AVGRSX.EXE-1B973CDE.pf",,,application/octet-stream,pf
AVGTRAY.EXE-3209AA20.pf,"0000-00-00 00:00:00","0000-00-00 00:00:00","0000-00-00 00:00:00","0000-00-00 00:00:00",0,Unallocated,,unknown,"/img_jo-2009-11-16.E01/vol_vol2/WINDOWS/Prefetch/AVGTRAY.EXE-3209AA20.pf",,,application/octet-stream,pf
AVGUPD.EXE-1C156B0E.pf,"0000-00-00 00:00:00","0000-00-00 00:00:00","0000-00-00 00:00:00","0000-00-00 00:00:00",0,Unallocated,,unknown,"/img_jo-2009-11-16.E01/vol_vol2/WINDOWS/Prefetch/AVGUPD.EXE-1C156B0E.pf",,,application/octet-stream,pf
AVGWDSVC.EXE-18F164F9.pf,"0000-00-00 00:00:00","0000-00-00 00:00:00","0000-00-00 00:00:00","0000-00-00 00:00:00",0,Unallocated,,unknown,"/img_jo-2009-11-16.E01/vol_vol2/WINDOWS/Prefetch/AVGWDSVC.EXE-18F164F9.pf",,,application/octet-stream,pf
"AVG_FREE_STB_ALL_9_39_CNET.EX-18690ADC.pf","0000-00-00 00:00:00","0000-00-00 00:00:00","0000-00-00 00:00:00","0000-00-00 00:00:00",0,Unallocated,,unknown,"/img_jo-2009-11-16.E01/vol_vol2/WINDOWS/Prefetch/AVG_FREE_STB_ALL_9_39_CNET.EX-18690ADC.pf",,,application/octet-stream,pf
CMD.EXE-087B4001.pf,"0000-00-00 00:00:00","0000-00-00 00:00:00","0000-00-00 00:00:00","0000-00-00 00:00:00",0,Unallocated,,unknown,"/img_jo-2009-11-16.E01/vol_vol2/WINDOWS/Prefetch/CMD.EXE-087B4001.pf",,,application/octet-stream,pf
CSRSS.EXE-12B63473.pf,"0000-00-00 00:00:00","0000-00-00 00:00:00","0000-00-00 00:00:00","0000-00-00 00:00:00",0,Unallocated,,unknown,"/img_jo-2009-11-16.E01/vol_vol2/WINDOWS/Prefetch/CSRSS.EXE-12B63473.pf",,,application/octet-stream,pf
UNREGMP2.EXE-07CACB61.pf,"0000-00-00 00:00:00","0000-00-00 00:00:00","0000-00-00 00:00:00","0000-00-00 00:00:00",0,Unallocated,,unknown,"/img_jo-2009-11-16.E01/vol_vol2/WINDOWS/Prefetch/UNREGMP2.EXE-07CACB61.pf",,,application/octet-stream,pf
WPABALN.EXE-18F87702.pf,"0000-00-00 00:00:00","0000-00-00 00:00:00","0000-00-00 00:00:00","0000-00-00 00:00:00",0,Unallocated,,unknown,"/img_jo-2009-11-16.E01/vol_vol2/WINDOWS/Prefetch/WPABALN.EXE-18F87702.pf",,,application/octet-stream,pf
WSCNTFY.EXE-1B24F5EB.pf,"0000-00-00 00:00:00","0000-00-00 00:00:00","0000-00-00 00:00:00","0000-00-00 00:00:00",0,Unallocated,,unknown,"/img_jo-2009-11-16.E01/vol_vol2/WINDOWS/Prefetch/WSCNTFY.EXE-1B24F5EB.pf",,,application/octet-stream,pf
RUNDLL32.EXE-4499C56E.pf,"0000-00-00 00:00:00","0000-00-00 00:00:00","0000-00-00 00:00:00","0000-00-00 00:00:00",0,Unallocated,,unknown,"/img_jo-2009-11-16.E01/vol_vol2/WINDOWS/Prefetch/RUNDLL32.EXE-4499C56E.pf",,,application/octet-stream,pf
RUNDLL32.EXE-4499C56E.pf,"0000-00-00 00:00:00","0000-00-00 00:00:00","0000-00-00 00:00:00","0000-00-00 00:00:00",0,Unallocated,,unknown,"/img_jo-2009-11-16.E01/vol_vol2/WINDOWS/Prefetch/RUNDLL32.EXE-4499C56E.pf",,,application/octet-stream,pf
RUNDLL32.EXE-4B1DB1FC.pf,"0000-00-00 00:00:00","0000-00-00 00:00:00","0000-00-00 00:00:00","0000-00-00 00:00:00",0,Unallocated,,unknown,"/img_jo-2009-11-16.E01/vol_vol2/WINDOWS/Prefetch/RUNDLL32.EXE-4B1DB1FC.pf",,,application/octet-stream,pf
UPDATE.EXE-0C91AD74.pf,"0000-00-00 00:00:00","0000-00-00 00:00:00","0000-00-00 00:00:00","0000-00-00 00:00:00",0,Unallocated,,unknown,"/img_jo-2009-11-16.E01/vol_vol2/WINDOWS/Prefetch/UPDATE.EXE-0C91AD74.pf",,,application/octet-stream,pf
DFRGNTFS.EXE-269967DF.pf,"0000-00-00 00:00:00","0000-00-00 00:00:00","0000-00-00 00:00:00","0000-00-00 00:00:00",0,Unallocated,,unknown,"/img_jo-2009-11-16.E01/vol_vol2/WINDOWS/Prefetch/DFRGNTFS.EXE-269967DF.pf",,,application/octet-stream,pf
ZIPPER.EXE-2C9C69B1.pf,"0000-00-00 00:00:00","0000-00-00 00:00:00","0000-00-00 00:00:00","0000-00-00 00:00:00",0,Unallocated,,unknown,"/img_jo-2009-11-16.E01/vol_vol2/WINDOWS/Prefetch/ZIPPER.EXE-2C9C69B1.pf",,,application/octet-stream,pf
UPDATE.EXE-097AB9EA.pf,"0000-00-00 00:00:00","0000-00-00 00:00:00","0000-00-00 00:00:00","0000-00-00 00:00:00",0,Unallocated,,unknown,"/img_jo-2009-11-16.E01/vol_vol2/WINDOWS/Prefetch/UPDATE.EXE-097AB9EA.pf",,,application/octet-stream,pf
UPDATE.EXE-1DF9644E.pf,"0000-00-00 00:00:00","0000-00-00 00:00:00","0000-00-00 00:00:00","0000-00-00 00:00:00",0,Unallocated,,unknown,"/img_jo-2009-11-16.E01/vol_vol2/WINDOWS/Prefetch/UPDATE.EXE-1DF9644E.pf",,,application/octet-stream,pf
UPDATE.EXE-234587C4.pf,"0000-00-00 00:00:00","0000-00-00 00:00:00","0000-00-00 00:00:00","0000-00-00 00:00:00",0,Unallocated,,unknown,"/img_jo-2009-11-16.E01/vol_vol2/WINDOWS/Prefetch/UPDATE.EXE-234587C4.pf",,,application/octet-stream,pf
UPDATE.EXE-236B6381.pf,"0000-00-00 00:00:00","0000-00-00 00:00:00","0000-00-00 00:00:00","0000-00-00 00:00:00",0,Unallocated,,unknown,"/img_jo-2009-11-16.E01/vol_vol2/WINDOWS/Prefetch/UPDATE.EXE-236B6381.pf",,,application/octet-stream,pf
UPDATE.EXE-240C16ED.pf,"0000-00-00 00:00:00","0000-00-00 00:00:00","0000-00-00 00:00:00","0000-00-00 00:00:00",0,Unallocated,,unknown,"/img_jo-2009-11-16.E01/vol_vol2/WINDOWS/Prefetch/UPDATE.EXE-240C16ED.pf",,,application/octet-stream,pf
UPDATE.EXE-24942353.pf,"0000-00-00 00:00:00","0000-00-00 00:00:00","0000-00-00 00:00:00","0000-00-00 00:00:00",0,Unallocated,,unknown,"/img_jo-2009-11-16.E01/vol_vol2/WINDOWS/Prefetch/UPDATE.EXE-24942353.pf",,,application/octet-stream,pf
UPDATE.EXE-2FF785CD.pf,"0000-00-00 00:00:00","0000-00-00 00:00:00","0000-00-00 00:00:00","0000-00-00 00:00:00",0,Unallocated,,unknown,"/img_jo-2009-11-16.E01/vol_vol2/WINDOWS/Prefetch/UPDATE.EXE-2FF785CD.pf",,,application/octet-stream,pf
UPDATE.EXE-307CC304.pf,"0000-00-00 00:00:00","0000-00-00 00:00:00","0000-00-00 00:00:00","0000-00-00 00:00:00",0,Unallocated,,unknown,"/img_jo-2009-11-16.E01/vol_vol2/WINDOWS/Prefetch/UPDATE.EXE-307CC304.pf",,,application/octet-stream,pf
UPDATE.EXE-30C1D759.pf,"0000-00-00 00:00:00","0000-00-00 00:00:00","0000-00-00 00:00:00","0000-00-00 00:00:00",0,Unallocated,,unknown,"/img_jo-2009-11-16.E01/vol_vol2/WINDOWS/Prefetch/UPDATE.EXE-30C1D759.pf",,,application/octet-stream,pf
UPDATE.EXE-31C66815.pf,"0000-00-00 00:00:00","0000-00-00 00:00:00","0000-00-00 00:00:00","0000-00-00 00:00:00",0,Unallocated,,unknown,"/img_jo-2009-11-16.E01/vol_vol2/WINDOWS/Prefetch/UPDATE.EXE-31C66815.pf",,,application/octet-stream,pf
UPDATE.EXE-3337839D.pf,"0000-00-00 00:00:00","0000-00-00 00:00:00","0000-00-00 00:00:00","0000-00-00 00:00:00",0,Unallocated,,unknown,"/img_jo-2009-11-16.E01/vol_vol2/WINDOWS/Prefetch/UPDATE.EXE-3337839D.pf",,,application/octet-stream,pf
UPDATE.EXE-36841796.pf,"0000-00-00 00:00:00","0000-00-00 00:00:00","0000-00-00 00:00:00","0000-00-00 00:00:00",0,Unallocated,,unknown,"/img_jo-2009-11-16.E01/vol_vol2/WINDOWS/Prefetch/UPDATE.EXE-36841796.pf",,,application/octet-stream,pf
UPDATE.EXE-00D48DA0.pf,"0000-00-00 00:00:00","0000-00-00 00:00:00","0000-00-00 00:00:00","0000-00-00 00:00:00",0,Unallocated,,unknown,"/img_jo-2009-11-16.E01/vol_vol2/WINDOWS/Prefetch/UPDATE.EXE-00D48DA0.pf",,,application/octet-stream,pf
UPDATE.EXE-0C91AD74.pf,"0000-00-00 00:00:00","0000-00-00 00:00:00","0000-00-00 00:00:00","0000-00-00 00:00:00",0,Unallocated,,unknown,"/img_jo-2009-11-16.E01/vol_vol2/WINDOWS/Prefetch/UPDATE.EXE-0C91AD74.pf",,,application/octet-stream,pf
UPDATE.EXE-2B72BD4F.pf,"0000-00-00 00:00:00","0000-00-00 00:00:00","0000-00-00 00:00:00","0000-00-00 00:00:00",0,Unallocated,,unknown,"/img_jo-2009-11-16.E01/vol_vol2/WINDOWS/Prefetch/UPDATE.EXE-2B72BD4F.pf",,,application/octet-stream,pf
UPDATE.EXE-3337839D.pf,"0000-00-00 00:00:00","0000-00-00 00:00:00","0000-00-00 00:00:00","0000-00-00 00:00:00",0,Unallocated,,unknown,"/img_jo-2009-11-16.E01/vol_vol2/WINDOWS/Prefetch/UPDATE.EXE-3337839D.pf",,,application/octet-stream,pf
MSIEXEC.EXE-2F8A8CAE.pf,"0000-00-00 00:00:00","0000-00-00 00:00:00","0000-00-00 00:00:00","0000-00-00 00:00:00",0,Unallocated,,unknown,"/img_jo-2009-11-16.E01/vol_vol2/WINDOWS/Prefetch/MSIEXEC.EXE-2F8A8CAE.pf",,,application/octet-stream,pf
tmp.edb,"0000-00-00 00:00:00","0000-00-00 00:00:00","0000-00-00 00:00:00","0000-00-00 00:00:00",0,Unallocated,,unknown,"/img_jo-2009-11-16.E01/vol_vol2/WINDOWS/SoftwareDistribution/DataStore/Logs/tmp.edb",,,application/octet-stream,edb
tmp.edb,"0000-00-00 00:00:00","0000-00-00 00:00:00","0000-00-00 00:00:00","0000-00-00 00:00:00",0,Unallocated,,unknown,"/img_jo-2009-11-16.E01/vol_vol2/WINDOWS/SoftwareDistribution/DataStore/Logs/tmp.edb",,,application/octet-stream,edb
"8cac00e8efc87d728c0261686f85c975","0000-00-00 00:00:00","0000-00-00 00:00:00","0000-00-00 00:00:00","0000-00-00 00:00:00",0,Unallocated,,unknown,"/img_jo-2009-11-16.E01/vol_vol2/WINDOWS/SoftwareDistribution/Download/8cac00e8efc87d728c0261686f85c975",,,application/octet-stream,
"66004d0acd607f44c08ee787c065c450","0000-00-00 00:00:00","0000-00-00 00:00:00","0000-00-00 00:00:00","0000-00-00 00:00:00",0,Unallocated,,unknown,"/img_jo-2009-11-16.E01/vol_vol2/WINDOWS/SoftwareDistribution/Download/66004d0acd607f44c08ee787c065c450",,,application/octet-stream,
_usedelta_.state,"0000-00-00 00:00:00","0000-00-00 00:00:00","0000-00-00 00:00:00","0000-00-00 00:00:00",0,Unallocated,,unknown,"/img_jo-2009-11-16.E01/vol_vol2/WINDOWS/SoftwareDistribution/Download/eca33dee3d4a00d26794bb739b926837/_usedelta_.state",,,application/octet-stream,state
Install,"0000-00-00 00:00:00","0000-00-00 00:00:00","0000-00-00 00:00:00","0000-00-00 00:00:00",0,Unallocated,,unknown,"/img_jo-2009-11-16.E01/vol_vol2/WINDOWS/SoftwareDistribution/Download/Install",,,application/octet-stream,
"d194d4b245b41b1828615f889a43f7e0","0000-00-00 00:00:00","0000-00-00 00:00:00","0000-00-00 00:00:00","0000-00-00 00:00:00",0,Unallocated,,unknown,"/img_jo-2009-11-16.E01/vol_vol2/WINDOWS/SoftwareDistribution/Download/d194d4b245b41b1828615f889a43f7e0",,,application/octet-stream,
_useselfcontained_.state,"0000-00-00 00:00:00","0000-00-00 00:00:00","0000-00-00 00:00:00","0000-00-00 00:00:00",0,Unallocated,,unknown,"/img_jo-2009-11-16.E01/vol_vol2/WINDOWS/SoftwareDistribution/Download/397d90055a3a51d4cc17394a4fb095b0/_useselfcontained_.state",,,application/octet-stream,state
wuredir.cab.bak,"0000-00-00 00:00:00","0000-00-00 00:00:00","0000-00-00 00:00:00","0000-00-00 00:00:00",0,Unallocated,,unknown,"/img_jo-2009-11-16.E01/vol_vol2/WINDOWS/SoftwareDistribution/WuRedir/9482F4B4-E343-43B6-B170-9A65BC822C77/wuredir.cab.bak",,,application/octet-stream,bak
aclui.dll,"0000-00-00 00:00:00","0000-00-00 00:00:00","0000-00-00 00:00:00","0000-00-00 00:00:00",0,Unallocated,,unknown,"/img_jo-2009-11-16.E01/vol_vol2/WINDOWS/system32/aclui.dll",,,application/octet-stream,dll
advapi32.dll,"2008-04-14 14:00:00 EET","2009-11-10 02:38:41 EET","2009-11-10 02:17:20 EET","2008-04-14 14:00:00 EET",617472,Unallocated,Allocated,unknown,"/img_jo-2009-11-16.E01/vol_vol2/WINDOWS/system32/advapi32.dll",,,application/x-msdownload,dll
advpack.dll,"2008-04-14 14:00:00 EET","2009-11-10 02:38:47 EET","2009-11-10 02:37:58 EET","2008-04-14 14:00:00 EET",99840,Unallocated,Allocated,unknown,"/img_jo-2009-11-16.E01/vol_vol2/WINDOWS/system32/advpack.dll",,,application/x-msdownload,dll
ieaksie.dll,"0000-00-00 00:00:00","0000-00-00 00:00:00","0000-00-00 00:00:00","0000-00-00 00:00:00",0,Unallocated,,unknown,"/img_jo-2009-11-16.E01/vol_vol2/WINDOWS/system32/ieaksie.dll",,,application/octet-stream,dll
avicap32.dll,"0000-00-00 00:00:00","0000-00-00 00:00:00","0000-00-00 00:00:00","0000-00-00 00:00:00",0,Unallocated,,unknown,"/img_jo-2009-11-16.E01/vol_vol2/WINDOWS/system32/avicap32.dll",,,application/octet-stream,dll
c_932.nls,"0000-00-00 00:00:00","0000-00-00 00:00:00","0000-00-00 00:00:00","0000-00-00 00:00:00",0,Unallocated,,unknown,"/img_jo-2009-11-16.E01/vol_vol2/WINDOWS/system32/c_932.nls",,,application/octet-stream,nls
admparse.dll,"2008-04-14 14:00:00 EET","2009-11-10 02:38:43 EET","2009-11-09 08:20:43 EET","2008-04-14 14:00:00 EET",61440,Unallocated,Allocated,unknown,"/img_jo-2009-11-16.E01/vol_vol2/WINDOWS/system32/dllcache/admparse.dll",,,application/x-msdownload,dll
iaspolcy.dll,"0000-00-00 00:00:00","0000-00-00 00:00:00","0000-00-00 00:00:00","0000-00-00 00:00:00",0,Unallocated,,unknown,"/img_jo-2009-11-16.E01/vol_vol2/WINDOWS/system32/dllcache/iaspolcy.dll",,,application/octet-stream,dll
iasrad.dll.new,"2008-04-14 14:00:00 EET","2009-11-09 02:33:28 EET","2009-11-11 22:01:23 EET","2008-04-14 14:00:00 EET",119808,Unallocated,Allocated,unknown,"/img_jo-2009-11-16.E01/vol_vol2/WINDOWS/system32/dllcache/iasrad.dll.new",,,application/x-msdownload,new
dmdskres.dll,"0000-00-00 00:00:00","0000-00-00 00:00:00","0000-00-00 00:00:00","0000-00-00 00:00:00",0,Unallocated,,unknown,"/img_jo-2009-11-16.E01/vol_vol2/WINDOWS/system32/dllcache/dmdskres.dll",,,application/octet-stream,dll
dmio.sys.new,"2008-04-14 14:00:00 EET","2009-11-09 02:32:55 EET","2009-11-11 22:01:17 EET","2008-04-14 14:00:00 EET",153344,Unallocated,Allocated,unknown,"/img_jo-2009-11-16.E01/vol_vol2/WINDOWS/system32/dllcache/dmio.sys.new",,,application/x-msdownload,new
kbdca.dll,"0000-00-00 00:00:00","0000-00-00 00:00:00","0000-00-00 00:00:00","0000-00-00 00:00:00",0,Unallocated,,unknown,"/img_jo-2009-11-16.E01/vol_vol2/WINDOWS/system32/dllcache/kbdca.dll",,,application/octet-stream,dll
kbdcan.dll.new,"2008-04-14 14:00:00 EET","2009-11-09 02:33:40 EET","2009-11-11 22:01:26 EET","2008-04-14 14:00:00 EET",7680,Unallocated,Allocated,unknown,"/img_jo-2009-11-16.E01/vol_vol2/WINDOWS/system32/dllcache/kbdcan.dll.new",,,application/x-msdownload,new
msls31.dll,"0000-00-00 00:00:00","0000-00-00 00:00:00","0000-00-00 00:00:00","0000-00-00 00:00:00",0,Unallocated,,unknown,"/img_jo-2009-11-16.E01/vol_vol2/WINDOWS/system32/dllcache/msls31.dll",,,application/octet-stream,dll
msobcomm.dll.new,"2008-04-14 14:00:00 EET","2009-11-09 02:34:10 EET","2009-11-11 22:01:34 EET","2009-11-09 02:25:00 EET",122368,Unallocated,Allocated,unknown,"/img_jo-2009-11-16.E01/vol_vol2/WINDOWS/system32/dllcache/msobcomm.dll.new",,,application/x-msdownload,new
obrb0408.dll,"0000-00-00 00:00:00","0000-00-00 00:00:00","0000-00-00 00:00:00","0000-00-00 00:00:00",0,Unallocated,,unknown,"/img_jo-2009-11-16.E01/vol_vol2/WINDOWS/system32/dllcache/obrb0408.dll",,,application/octet-stream,dll
obrb0419.dll.new,"2008-04-14 14:00:00 EET","2009-11-09 02:35:52 EET","2009-11-11 22:01:41 EET","2008-04-14 14:00:00 EET",427008,Unallocated,Allocated,unknown,"/img_jo-2009-11-16.E01/vol_vol2/WINDOWS/system32/dllcache/obrb0419.dll.new",,,application/x-msdownload,new
setup.exe.new,"2008-04-14 14:00:00 EET","2009-11-09 02:34:52 EET","2009-11-11 22:01:46 EET","2008-04-14 14:00:00 EET",23040,Unallocated,Allocated,unknown,"/img_jo-2009-11-16.E01/vol_vol2/WINDOWS/system32/dllcache/setup.exe.new",,,application/x-msdownload,new
msxml6r.dll,"0000-00-00 00:00:00","0000-00-00 00:00:00","0000-00-00 00:00:00","0000-00-00 00:00:00",0,Unallocated,,unknown,"/img_jo-2009-11-16.E01/vol_vol2/WINDOWS/system32/dllcache/msxml6r.dll",,,application/octet-stream,dll
mtxclu.dll.new,"2008-04-14 14:00:00 EET","2009-11-09 04:17:09 EET","2009-11-09 08:21:33 EET","2008-04-14 14:00:00 EET",66560,Unallocated,Allocated,unknown,"/img_jo-2009-11-16.E01/vol_vol2/WINDOWS/system32/dllcache/mtxclu.dll.new",,,application/x-msdownload,new
olecnv32.dll,"0000-00-00 00:00:00","0000-00-00 00:00:00","0000-00-00 00:00:00","0000-00-00 00:00:00",0,Unallocated,,unknown,"/img_jo-2009-11-16.E01/vol_vol2/WINDOWS/system32/dllcache/olecnv32.dll",,,application/octet-stream,dll
oobebaln.exe.new,"2008-04-14 14:00:00 EET","2009-11-09 02:34:31 EET","2009-11-11 22:01:42 EET","2009-11-09 02:25:00 EET",51200,Unallocated,Allocated,unknown,"/img_jo-2009-11-16.E01/vol_vol2/WINDOWS/system32/dllcache/oobebaln.exe.new",,,application/x-msdownload,new
taskmgr.exe,"0000-00-00 00:00:00","0000-00-00 00:00:00","0000-00-00 00:00:00","0000-00-00 00:00:00",0,Unallocated,,unknown,"/img_jo-2009-11-16.E01/vol_vol2/WINDOWS/system32/dllcache/taskmgr.exe",,,application/octet-stream,exe
tcmsetup.exe.new,"2008-04-14 14:00:00 EET","2009-11-09 02:35:14 EET","2009-11-11 22:01:49 EET","2008-04-14 14:00:00 EET",12288,Unallocated,Allocated,unknown,"/img_jo-2009-11-16.E01/vol_vol2/WINDOWS/system32/dllcache/tcmsetup.exe.new",,,application/x-msdownload,new
agentanm.dll,"0000-00-00 00:00:00","0000-00-00 00:00:00","0000-00-00 00:00:00","0000-00-00 00:00:00",0,Unallocated,,unknown,"/img_jo-2009-11-16.E01/vol_vol2/WINDOWS/system32/dllcache/agentanm.dll",,,application/octet-stream,dll
agt0410.dll,"0000-00-00 00:00:00","0000-00-00 00:00:00","0000-00-00 00:00:00","0000-00-00 00:00:00",0,Unallocated,,unknown,"/img_jo-2009-11-16.E01/vol_vol2/WINDOWS/system32/dllcache/agt0410.dll",,,application/octet-stream,dll
agt041f.dll.new,"2008-04-14 14:00:00 EET","2009-11-09 02:32:26 EET","2009-11-11 22:01:12 EET","2009-11-08 17:54:53 EET",19456,Unallocated,Allocated,unknown,"/img_jo-2009-11-16.E01/vol_vol2/WINDOWS/system32/dllcache/agt041f.dll.new",,,application/x-msdownload,new
atl.dll,"2008-04-14 14:00:00 EET","2009-11-09 04:19:56 EET","2009-11-09 08:20:44 EET","2008-04-14 14:00:00 EET",58880,Unallocated,Allocated,unknown,"/img_jo-2009-11-16.E01/vol_vol2/WINDOWS/system32/dllcache/atl.dll",,,application/x-msdownload,dll
auditusr.exe.new,"2008-04-14 14:00:00 EET","2009-11-09 02:32:28 EET","2009-11-11 22:01:13 EET","2008-04-14 14:00:00 EET",14336,Unallocated,Allocated,unknown,"/img_jo-2009-11-16.E01/vol_vol2/WINDOWS/system32/dllcache/auditusr.exe.new",,,application/x-msdownload,new
catsrv.dll,"0000-00-00 00:00:00","0000-00-00 00:00:00","0000-00-00 00:00:00","0000-00-00 00:00:00",0,Unallocated,,unknown,"/img_jo-2009-11-16.E01/vol_vol2/WINDOWS/system32/dllcache/catsrv.dll",,,application/octet-stream,dll
cdm.dll,"0000-00-00 00:00:00","0000-00-00 00:00:00","0000-00-00 00:00:00","0000-00-00 00:00:00",0,Unallocated,,unknown,"/img_jo-2009-11-16.E01/vol_vol2/WINDOWS/system32/dllcache/cdm.dll",,,application/octet-stream,dll
cdosys.dll.new,"2008-04-14 14:00:00 EET","2009-11-09 02:32:39 EET","2009-11-11 22:01:14 EET","2008-04-14 14:00:00 EET",2091520,Unallocated,Allocated,unknown,"/img_jo-2009-11-16.E01/vol_vol2/WINDOWS/system32/dllcache/cdosys.dll.new",,,application/x-msdownload,new
convert.exe.new,"0000-00-00 00:00:00","0000-00-00 00:00:00","0000-00-00 00:00:00","0000-00-00 00:00:00",0,Unallocated,,unknown,"/img_jo-2009-11-16.E01/vol_vol2/WINDOWS/system32/dllcache/convert.exe.new",,,application/octet-stream,new
c_1251.nls,"0000-00-00 00:00:00","0000-00-00 00:00:00","0000-00-00 00:00:00","0000-00-00 00:00:00",0,Unallocated,,unknown,"/img_jo-2009-11-16.E01/vol_vol2/WINDOWS/system32/dllcache/c_1251.nls",,,application/octet-stream,nls
c_20261.nls,"0000-00-00 00:00:00","0000-00-00 00:00:00","0000-00-00 00:00:00","0000-00-00 00:00:00",0,Unallocated,,unknown,"/img_jo-2009-11-16.E01/vol_vol2/WINDOWS/system32/dllcache/c_20261.nls",,,application/octet-stream,nls
c_437.nls.new,"2008-04-14 14:00:00 EET","2009-11-09 02:32:37 EET","2009-11-09 02:32:37 EET","2008-04-14 14:00:00 EET",66594,Unallocated,Allocated,unknown,"/img_jo-2009-11-16.E01/vol_vol2/WINDOWS/system32/dllcache/c_437.nls.new",,,application/x-ms-nls,new
c_874.nls.new,"2008-04-14 14:00:00 EET","2009-11-09 02:32:38 EET","2009-11-09 02:32:38 EET","2008-04-14 14:00:00 EET",66594,Unallocated,Allocated,unknown,"/img_jo-2009-11-16.E01/vol_vol2/WINDOWS/system32/dllcache/c_874.nls.new",,,application/x-ms-nls,new
datime.dll.new,"2008-04-14 14:00:00 EET","2009-11-09 02:32:50 EET","2009-11-11 22:01:16 EET","2008-04-14 14:00:00 EET",165376,Unallocated,Allocated,unknown,"/img_jo-2009-11-16.E01/vol_vol2/WINDOWS/system32/dllcache/datime.dll.new",,,application/x-msdownload,new
cimwin32.dll,"0000-00-00 00:00:00","0000-00-00 00:00:00","0000-00-00 00:00:00","0000-00-00 00:00:00",0,Unallocated,,unknown,"/img_jo-2009-11-16.E01/vol_vol2/WINDOWS/system32/dllcache/cimwin32.dll",,,application/octet-stream,dll
clipsrv.exe.new,"2008-04-14 14:00:00 EET","2009-11-09 02:32:43 EET","2009-11-11 22:01:15 EET","2008-04-14 14:00:00 EET",33280,Unallocated,Allocated,unknown,"/img_jo-2009-11-16.E01/vol_vol2/WINDOWS/system32/dllcache/clipsrv.exe.new",,,application/x-msdownload,new
comcat.dll.new,"2008-04-14 14:00:00 EET","2009-11-09 02:32:45 EET","2009-11-11 22:01:15 EET","2008-04-14 14:00:00 EET",3584,Unallocated,Allocated,unknown,"/img_jo-2009-11-16.E01/vol_vol2/WINDOWS/system32/dllcache/comcat.dll.new",,,application/x-msdownload,new
cscript.exe,"0000-00-00 00:00:00","0000-00-00 00:00:00","0000-00-00 00:00:00","0000-00-00 00:00:00",0,Unallocated,,unknown,"/img_jo-2009-11-16.E01/vol_vol2/WINDOWS/system32/dllcache/cscript.exe",,,application/octet-stream,exe
ctype.nls.new,"2008-04-14 14:00:00 EET","2009-11-09 02:32:47 EET","2009-11-09 02:32:47 EET","2008-04-14 14:00:00 EET",8386,Unallocated,Allocated,unknown,"/img_jo-2009-11-16.E01/vol_vol2/WINDOWS/system32/dllcache/ctype.nls.new",,,application/octet-stream,new
deskmon.dll.new,"2008-04-14 14:00:00 EET","2009-11-09 02:32:52 EET","2009-11-11 22:01:16 EET","2008-04-14 14:00:00 EET",16896,Unallocated,Allocated,unknown,"/img_jo-2009-11-16.E01/vol_vol2/WINDOWS/system32/dllcache/deskmon.dll.new",,,application/x-msdownload,new
deskperf.dll,"0000-00-00 00:00:00","0000-00-00 00:00:00","0000-00-00 00:00:00","0000-00-00 00:00:00",0,Unallocated,,unknown,"/img_jo-2009-11-16.E01/vol_vol2/WINDOWS/system32/dllcache/deskperf.dll",,,application/octet-stream,dll
dhtmled.ocx,"2008-04-14 14:00:00 EET","2009-11-09 04:19:18 EET","2009-11-09 08:20:55 EET","2009-11-09 02:24:32 EET",128512,Unallocated,Allocated,unknown,"/img_jo-2009-11-16.E01/vol_vol2/WINDOWS/system32/dllcache/dhtmled.ocx",,,application/x-msdownload,ocx
dialer.exe.new,"2008-04-14 14:00:00 EET","2009-11-09 02:32:53 EET","2009-11-11 22:01:17 EET","2009-11-09 02:20:02 EET",539136,Unallocated,Allocated,unknown,"/img_jo-2009-11-16.E01/vol_vol2/WINDOWS/system32/dllcache/dialer.exe.new",,,application/x-msdownload,new
fwdprov.dll.new,"2008-04-14 14:00:00 EET","2009-11-09 02:33:08 EET","2009-11-11 22:01:21 EET","2009-11-09 02:20:15 EET",53248,Unallocated,Allocated,unknown,"/img_jo-2009-11-16.E01/vol_vol2/WINDOWS/system32/dllcache/fwdprov.dll.new",,,application/x-msdownload,new
doskey.exe,"0000-00-00 00:00:00","0000-00-00 00:00:00","0000-00-00 00:00:00","0000-00-00 00:00:00",0,Unallocated,,unknown,"/img_jo-2009-11-16.E01/vol_vol2/WINDOWS/system32/dllcache/doskey.exe",,,application/octet-stream,exe
dot3dlg.dll.new,"2008-04-14 14:00:00 EET","2009-11-09 02:32:56 EET","2009-11-11 22:01:18 EET","2008-04-14 14:00:00 EET",9216,Unallocated,Allocated,unknown,"/img_jo-2009-11-16.E01/vol_vol2/WINDOWS/system32/dllcache/dot3dlg.dll.new",,,application/x-msdownload,new
dpnmodem.dll,"0000-00-00 00:00:00","0000-00-00 00:00:00","0000-00-00 00:00:00","0000-00-00 00:00:00",0,Unallocated,,unknown,"/img_jo-2009-11-16.E01/vol_vol2/WINDOWS/system32/dllcache/dpnmodem.dll",,,application/octet-stream,dll
dpvacm.dll.new,"2008-04-14 14:00:00 EET","2009-11-09 02:32:57 EET","2009-11-11 22:01:18 EET","2008-04-14 14:00:00 EET",21504,Unallocated,Allocated,unknown,"/img_jo-2009-11-16.E01/vol_vol2/WINDOWS/system32/dllcache/dpvacm.dll.new",,,application/x-msdownload,new
dsprop.dll.new,"2008-04-14 14:00:00 EET","2009-11-09 02:32:58 EET","2009-11-11 22:01:18 EET","2008-04-14 14:00:00 EET",142848,Unallocated,Allocated,unknown,"/img_jo-2009-11-16.E01/vol_vol2/WINDOWS/system32/dllcache/dsprop.dll.new",,,application/x-msdownload,new
dwil1033.dll,"0000-00-00 00:00:00","0000-00-00 00:00:00","0000-00-00 00:00:00","0000-00-00 00:00:00",0,Unallocated,,unknown,"/img_jo-2009-11-16.E01/vol_vol2/WINDOWS/system32/dllcache/dwil1033.dll",,,application/octet-stream,dll
dxtmsft.dll,"2008-04-14 14:00:00 EET","2009-11-10 02:38:43 EET","2009-11-10 01:48:19 EET","2008-04-14 14:00:00 EET",357888,Unallocated,Allocated,unknown,"/img_jo-2009-11-16.E01/vol_vol2/WINDOWS/system32/dllcache/dxtmsft.dll",,,application/x-msdownload,dll
dxtrans.dll.new,"2008-04-14 14:00:00 EET","2009-11-10 02:38:43 EET","2009-11-09 08:20:59 EET","2008-04-14 14:00:00 EET",205312,Unallocated,Allocated,unknown,"/img_jo-2009-11-16.E01/vol_vol2/WINDOWS/system32/dllcache/dxtrans.dll.new",,,application/x-msdownload,new
es.dll,"2008-04-14 14:00:00 EET","2009-11-09 04:06:26 EET","2009-11-09 08:20:59 EET","2008-04-14 14:00:00 EET",246272,Unallocated,Allocated,unknown,"/img_jo-2009-11-16.E01/vol_vol2/WINDOWS/system32/dllcache/es.dll",,,application/x-msdownload,dll
esent97.dll.new,"2008-04-14 14:00:00 EET","2009-11-09 02:33:03 EET","2009-11-11 22:01:19 EET","2008-04-14 14:00:00 EET",1114896,Unallocated,Allocated,unknown,"/img_jo-2009-11-16.E01/vol_vol2/WINDOWS/system32/dllcache/esent97.dll.new",,,application/x-msdownload,new
evcreate.exe,"0000-00-00 00:00:00","0000-00-00 00:00:00","0000-00-00 00:00:00","0000-00-00 00:00:00",0,Unallocated,,unknown,"/img_jo-2009-11-16.E01/vol_vol2/WINDOWS/system32/dllcache/evcreate.exe",,,application/octet-stream,exe
exe2bin.exe.new,"2008-04-14 14:00:00 EET","2009-11-09 02:33:04 EET","2009-11-11 22:01:20 EET","2008-04-14 14:00:00 EET",8424,Unallocated,Allocated,unknown,"/img_jo-2009-11-16.E01/vol_vol2/WINDOWS/system32/dllcache/exe2bin.exe.new",,,application/x-msdownload,new
find.exe.new,"2008-04-14 14:00:00 EET","2009-11-09 02:33:06 EET","2009-11-11 22:01:20 EET","2008-04-14 14:00:00 EET",9216,Unallocated,Allocated,unknown,"/img_jo-2009-11-16.E01/vol_vol2/WINDOWS/system32/dllcache/find.exe.new",,,application/x-msdownload,new
fxstiff.dll,"0000-00-00 00:00:00","0000-00-00 00:00:00","0000-00-00 00:00:00","0000-00-00 00:00:00",0,Unallocated,,unknown,"/img_jo-2009-11-16.E01/vol_vol2/WINDOWS/system32/dllcache/fxstiff.dll",,,application/octet-stream,dll
gdi32.dll,"2008-04-14 14:00:00 EET","2009-11-09 04:07:29 EET","2009-11-09 08:21:02 EET","2008-04-14 14:00:00 EET",285184,Unallocated,Allocated,unknown,"/img_jo-2009-11-16.E01/vol_vol2/WINDOWS/system32/dllcache/gdi32.dll",,,application/x-msdownload,dll
gpupdate.exe.new,"2008-04-14 14:00:00 EET","2009-11-09 02:33:12 EET","2009-11-11 22:01:21 EET","2008-04-14 14:00:00 EET",57344,Unallocated,Allocated,unknown,"/img_jo-2009-11-16.E01/vol_vol2/WINDOWS/system32/dllcache/gpupdate.exe.new",,,application/x-msdownload,new
grpconv.exe,"0000-00-00 00:00:00","0000-00-00 00:00:00","0000-00-00 00:00:00","0000-00-00 00:00:00",0,Unallocated,,unknown,"/img_jo-2009-11-16.E01/vol_vol2/WINDOWS/system32/dllcache/grpconv.exe",,,application/octet-stream,exe
hidphone.tsp.new,"2008-04-14 14:00:00 EET","2009-11-09 02:33:14 EET","2009-11-09 08:21:04 EET","2008-04-14 14:00:00 EET",29696,Unallocated,Allocated,unknown,"/img_jo-2009-11-16.E01/vol_vol2/WINDOWS/system32/dllcache/hidphone.tsp.new",,,application/x-msdownload,new
icwrmind.exe,"0000-00-00 00:00:00","0000-00-00 00:00:00","0000-00-00 00:00:00","0000-00-00 00:00:00",0,Unallocated,,unknown,"/img_jo-2009-11-16.E01/vol_vol2/WINDOWS/system32/dllcache/icwrmind.exe",,,application/octet-stream,exe
icwtutor.exe.new,"2008-04-14 14:00:00 EET","2009-11-09 02:33:29 EET","2009-11-11 22:01:23 EET","2009-11-09 02:25:37 EET",73728,Unallocated,Allocated,unknown,"/img_jo-2009-11-16.E01/vol_vol2/WINDOWS/system32/dllcache/icwtutor.exe.new",,,application/x-msdownload,new
imagehlp.dll,"0000-00-00 00:00:00","0000-00-00 00:00:00","0000-00-00 00:00:00","0000-00-00 00:00:00",0,Unallocated,,unknown,"/img_jo-2009-11-16.E01/vol_vol2/WINDOWS/system32/dllcache/imagehlp.dll",,,application/octet-stream,dll
imjpinst.exe,"0000-00-00 00:00:00","0000-00-00 00:00:00","0000-00-00 00:00:00","0000-00-00 00:00:00",0,Unallocated,,unknown,"/img_jo-2009-11-16.E01/vol_vol2/WINDOWS/system32/dllcache/imjpinst.exe",,,application/octet-stream,exe
inseng.dll.new,"2008-04-14 14:00:00 EET","2009-11-10 02:38:44 EET","2009-11-09 08:21:18 EET","2008-04-14 14:00:00 EET",96256,Unallocated,Allocated,unknown,"/img_jo-2009-11-16.E01/vol_vol2/WINDOWS/system32/dllcache/inseng.dll.new",,,application/x-msdownload,new
ipconfig.exe,"0000-00-00 00:00:00","0000-00-00 00:00:00","0000-00-00 00:00:00","0000-00-00 00:00:00",0,Unallocated,,unknown,"/img_jo-2009-11-16.E01/vol_vol2/WINDOWS/system32/dllcache/ipconfig.exe",,,application/octet-stream,exe
ipsecsvc.dll.new,"2008-04-14 14:00:00 EET","2009-11-09 02:33:38 EET","2009-11-11 22:01:25 EET","2008-04-14 14:00:00 EET",183808,Unallocated,Allocated,unknown,"/img_jo-2009-11-16.E01/vol_vol2/WINDOWS/system32/dllcache/ipsecsvc.dll.new",,,application/x-msdownload,new
ipxmontr.dll,"0000-00-00 00:00:00","0000-00-00 00:00:00","0000-00-00 00:00:00","0000-00-00 00:00:00",0,Unallocated,,unknown,"/img_jo-2009-11-16.E01/vol_vol2/WINDOWS/system32/dllcache/ipxmontr.dll",,,application/octet-stream,dll
msls31.dll,"2008-04-14 14:00:00 EET","2009-11-10 02:38:45 EET","2009-11-09 08:21:30 EET","2008-04-14 14:00:00 EET",146432,Unallocated,Allocated,unknown,"/img_jo-2009-11-16.E01/vol_vol2/WINDOWS/system32/dllcache/msls31.dll",,,application/x-msdownload,dll
kbdgeo.dll,"0000-00-00 00:00:00","0000-00-00 00:00:00","0000-00-00 00:00:00","0000-00-00 00:00:00",0,Unallocated,,unknown,"/img_jo-2009-11-16.E01/vol_vol2/WINDOWS/system32/dllcache/kbdgeo.dll",,,application/octet-stream,dll
kbdgr.dll.new,"2008-04-14 14:00:00 EET","2009-11-09 02:33:41 EET","2009-11-11 22:01:26 EET","2008-04-14 14:00:00 EET",6144,Unallocated,Allocated,unknown,"/img_jo-2009-11-16.E01/vol_vol2/WINDOWS/system32/dllcache/kbdgr.dll.new",,,application/x-msdownload,new
kbdinhin.dll,"0000-00-00 00:00:00","0000-00-00 00:00:00","0000-00-00 00:00:00","0000-00-00 00:00:00",0,Unallocated,,unknown,"/img_jo-2009-11-16.E01/vol_vol2/WINDOWS/system32/dllcache/kbdinhin.dll",,,application/octet-stream,dll
kbdinmal.dll.new,"2008-04-14 14:00:00 EET","2009-11-09 02:33:42 EET","2009-11-11 22:01:26 EET","2008-04-14 14:00:00 EET",6656,Unallocated,Allocated,unknown,"/img_jo-2009-11-16.E01/vol_vol2/WINDOWS/system32/dllcache/kbdinmal.dll.new",,,application/x-msdownload,new
kbdlv1.dll,"0000-00-00 00:00:00","0000-00-00 00:00:00","0000-00-00 00:00:00","0000-00-00 00:00:00",0,Unallocated,,unknown,"/img_jo-2009-11-16.E01/vol_vol2/WINDOWS/system32/dllcache/kbdlv1.dll",,,application/octet-stream,dll
kbdmlt47.dll.new,"2008-04-14 14:00:00 EET","2009-11-09 02:33:43 EET","2009-11-11 22:01:26 EET","2008-04-14 14:00:00 EET",6144,Unallocated,Allocated,unknown,"/img_jo-2009-11-16.E01/vol_vol2/WINDOWS/system32/dllcache/kbdmlt47.dll.new",,,application/x-msdownload,new
kbdru.dll,"0000-00-00 00:00:00","0000-00-00 00:00:00","0000-00-00 00:00:00","0000-00-00 00:00:00",0,Unallocated,,unknown,"/img_jo-2009-11-16.E01/vol_vol2/WINDOWS/system32/dllcache/kbdru.dll",,,application/octet-stream,dll
kbdsl1.dll.new,"2008-04-14 14:00:00 EET","2009-11-09 02:33:43 EET","2009-11-11 22:01:26 EET","2009-11-08 17:54:45 EET",6656,Unallocated,Allocated,unknown,"/img_jo-2009-11-16.E01/vol_vol2/WINDOWS/system32/dllcache/kbdsl1.dll.new",,,application/x-msdownload,new
kbdukx.dll,"0000-00-00 00:00:00","0000-00-00 00:00:00","0000-00-00 00:00:00","0000-00-00 00:00:00",0,Unallocated,,unknown,"/img_jo-2009-11-16.E01/vol_vol2/WINDOWS/system32/dllcache/kbdukx.dll",,,application/octet-stream,dll
kbdusl.dll.new,"2008-04-14 14:00:00 EET","2009-11-09 02:33:44 EET","2009-11-11 22:01:26 EET","2008-04-14 14:00:00 EET",6144,Unallocated,Allocated,unknown,"/img_jo-2009-11-16.E01/vol_vol2/WINDOWS/system32/dllcache/kbdusl.dll.new",,,application/x-msdownload,new
keymgr.dll,"0000-00-00 00:00:00","0000-00-00 00:00:00","0000-00-00 00:00:00","0000-00-00 00:00:00",0,Unallocated,,unknown,"/img_jo-2009-11-16.E01/vol_vol2/WINDOWS/system32/dllcache/keymgr.dll",,,application/octet-stream,dll
krnlprov.dll.new,"2008-04-14 14:00:00 EET","2009-11-09 02:33:45 EET","2009-11-11 22:01:27 EET","2009-11-09 02:19:43 EET",24576,Unallocated,Allocated,unknown,"/img_jo-2009-11-16.E01/vol_vol2/WINDOWS/system32/dllcache/krnlprov.dll.new",,,application/x-msdownload,new
localsec.dll.new,"2008-04-14 14:00:00 EET","2009-11-09 02:33:46 EET","2009-11-11 22:01:27 EET","2008-04-14 14:00:00 EET",221696,Unallocated,Allocated,unknown,"/img_jo-2009-11-16.E01/vol_vol2/WINDOWS/system32/dllcache/localsec.dll.new",,,application/x-msdownload,new
lonsint.dll,"0000-00-00 00:00:00","0000-00-00 00:00:00","0000-00-00 00:00:00","0000-00-00 00:00:00",0,Unallocated,,unknown,"/img_jo-2009-11-16.E01/vol_vol2/WINDOWS/system32/dllcache/lonsint.dll",,,application/octet-stream,dll
lsass.exe.new,"2008-04-14 14:00:00 EET","2009-11-09 02:33:49 EET","2009-11-11 22:01:27 EET","2008-04-14 14:00:00 EET",13312,Unallocated,Allocated,unknown,"/img_jo-2009-11-16.E01/vol_vol2/WINDOWS/system32/dllcache/lsass.exe.new",,,application/x-msdownload,new
mciole32.dll.new,"2008-04-14 14:00:00 EET","2009-11-09 02:33:50 EET","2009-11-11 22:01:27 EET","2008-04-14 14:00:00 EET",7680,Unallocated,Allocated,unknown,"/img_jo-2009-11-16.E01/vol_vol2/WINDOWS/system32/dllcache/mciole32.dll.new",,,application/x-msdownload,new
mofd.dll,"0000-00-00 00:00:00","0000-00-00 00:00:00","0000-00-00 00:00:00","0000-00-00 00:00:00",0,Unallocated,,unknown,"/img_jo-2009-11-16.E01/vol_vol2/WINDOWS/system32/dllcache/mofd.dll",,,application/octet-stream,dll
moricons.dll.new,"2008-04-14 14:00:00 EET","2009-11-09 02:33:55 EET","2009-11-11 22:01:28 EET","2008-04-14 14:00:00 EET",216064,Unallocated,Allocated,unknown,"/img_jo-2009-11-16.E01/vol_vol2/WINDOWS/system32/dllcache/moricons.dll.new",,,application/x-msdownload,new
mprmsg.dll,"0000-00-00 00:00:00","0000-00-00 00:00:00","0000-00-00 00:00:00","0000-00-00 00:00:00",0,Unallocated,,unknown,"/img_jo-2009-11-16.E01/vol_vol2/WINDOWS/system32/dllcache/mprmsg.dll",,,application/octet-stream,dll
mqac.sys.new,"2008-04-14 14:00:00 EET","2009-11-09 02:33:58 EET","2009-11-11 22:01:29 EET","2008-04-14 14:00:00 EET",92544,Unallocated,Allocated,unknown,"/img_jo-2009-11-16.E01/vol_vol2/WINDOWS/system32/dllcache/mqac.sys.new",,,application/x-msdownload,new
mqsnap.dll,"0000-00-00 00:00:00","0000-00-00 00:00:00","0000-00-00 00:00:00","0000-00-00 00:00:00",0,Unallocated,,unknown,"/img_jo-2009-11-16.E01/vol_vol2/WINDOWS/system32/dllcache/mqsnap.dll",,,application/octet-stream,dll
mqtrig.dll.new,"2008-04-14 14:00:00 EET","2009-11-09 02:34:00 EET","2009-11-11 22:01:29 EET","2008-04-14 14:00:00 EET",187392,Unallocated,Allocated,unknown,"/img_jo-2009-11-16.E01/vol_vol2/WINDOWS/system32/dllcache/mqtrig.dll.new",,,application/x-msdownload,new
msdtc.exe,"0000-00-00 00:00:00","0000-00-00 00:00:00","0000-00-00 00:00:00","0000-00-00 00:00:00",0,Unallocated,,unknown,"/img_jo-2009-11-16.E01/vol_vol2/WINDOWS/system32/dllcache/msdtc.exe",,,application/octet-stream,exe
msdtclog.dll,"2008-04-14 14:00:00 EET","2009-11-09 04:17:10 EET","2009-11-09 08:21:26 EET","2009-11-09 02:19:54 EET",58880,Unallocated,Allocated,unknown,"/img_jo-2009-11-16.E01/vol_vol2/WINDOWS/system32/dllcache/msdtclog.dll",,,application/x-msdownload,dll
msdtcprx.dll,"2008-04-14 14:00:00 EET","2009-11-09 04:17:09 EET","2009-11-09 08:21:26 EET","2009-11-09 02:19:55 EET",427008,Unallocated,Allocated,unknown,"/img_jo-2009-11-16.E01/vol_vol2/WINDOWS/system32/dllcache/msdtcprx.dll",,,application/x-msdownload,dll
msdtctm.dll,"2008-04-14 14:00:00 EET","2009-11-09 04:17:09 EET","2009-11-09 08:21:26 EET","2009-11-09 02:19:55 EET",956928,Unallocated,Allocated,unknown,"/img_jo-2009-11-16.E01/vol_vol2/WINDOWS/system32/dllcache/msdtctm.dll",,,application/x-msdownload,dll
msdtcuiu.dll,"2008-04-14 14:00:00 EET","2009-11-09 04:17:09 EET","2009-11-09 08:21:26 EET","2009-11-09 02:19:55 EET",161792,Unallocated,Allocated,unknown,"/img_jo-2009-11-16.E01/vol_vol2/WINDOWS/system32/dllcache/msdtcuiu.dll",,,application/x-msdownload,dll
mshearts.exe.new,"2008-04-14 14:00:00 EET","2009-11-09 02:34:03 EET","2009-11-11 22:01:32 EET","2009-11-09 02:20:26 EET",126976,Unallocated,Allocated,unknown,"/img_jo-2009-11-16.E01/vol_vol2/WINDOWS/system32/dllcache/mshearts.exe.new",,,application/x-msdownload,new
msorc32r.dll,"0000-00-00 00:00:00","0000-00-00 00:00:00","0000-00-00 00:00:00","0000-00-00 00:00:00",0,Unallocated,,unknown,"/img_jo-2009-11-16.E01/vol_vol2/WINDOWS/system32/dllcache/msorc32r.dll",,,application/octet-stream,dll
msr2cenu.dll.new,"2008-04-14 14:00:00 EET","2009-11-09 02:34:13 EET","2009-11-11 22:01:35 EET","2008-04-14 14:00:00 EET",7168,Unallocated,Allocated,unknown,"/img_jo-2009-11-16.E01/vol_vol2/WINDOWS/system32/dllcache/msr2cenu.dll.new",,,application/x-msdownload,new
msscds32.ax,"0000-00-00 00:00:00","0000-00-00 00:00:00","0000-00-00 00:00:00","0000-00-00 00:00:00",0,Unallocated,,unknown,"/img_jo-2009-11-16.E01/vol_vol2/WINDOWS/system32/dllcache/msscds32.ax",,,application/octet-stream,ax
mstime.dll,"2008-04-14 14:00:00 EET","2009-11-10 02:38:45 EET","2009-11-10 01:48:20 EET","2008-04-14 14:00:00 EET",532480,Unallocated,Allocated,unknown,"/img_jo-2009-11-16.E01/vol_vol2/WINDOWS/system32/dllcache/mstime.dll",,,application/x-msdownload,dll
mstinit.exe.new,"2008-04-14 14:00:00 EET","2009-11-09 02:34:14 EET","2009-11-11 22:01:36 EET","2009-11-09 02:24:42 EET",12288,Unallocated,Allocated,unknown,"/img_jo-2009-11-16.E01/vol_vol2/WINDOWS/system32/dllcache/mstinit.exe.new",,,application/x-msdownload,new
narrator.exe,"0000-00-00 00:00:00","0000-00-00 00:00:00","0000-00-00 00:00:00","0000-00-00 00:00:00",0,Unallocated,,unknown,"/img_jo-2009-11-16.E01/vol_vol2/WINDOWS/system32/dllcache/narrator.exe",,,application/octet-stream,exe
ncprov.dll.new,"2008-04-14 14:00:00 EET","2009-11-09 02:34:20 EET","2009-11-11 22:01:38 EET","2009-11-09 02:19:43 EET",47104,Unallocated,Allocated,unknown,"/img_jo-2009-11-16.E01/vol_vol2/WINDOWS/system32/dllcache/ncprov.dll.new",,,application/x-msdownload,new
neth.dll.new,"2008-04-14 14:00:00 EET","2009-11-09 02:34:21 EET","2009-11-11 22:01:38 EET","2008-04-14 14:00:00 EET",253952,Unallocated,Allocated,unknown,"/img_jo-2009-11-16.E01/vol_vol2/WINDOWS/system32/dllcache/neth.dll.new",,,application/x-msdownload,new
netstat.exe,"0000-00-00 00:00:00","0000-00-00 00:00:00","0000-00-00 00:00:00","0000-00-00 00:00:00",0,Unallocated,,unknown,"/img_jo-2009-11-16.E01/vol_vol2/WINDOWS/system32/dllcache/netstat.exe",,,application/octet-stream,exe
nls302en.lex.new,"2008-04-14 14:00:00 EET","2009-11-09 02:34:25 EET","2009-11-09 02:34:25 EET","2009-11-09 02:26:15 EET",4399505,Unallocated,Allocated,unknown,"/img_jo-2009-11-16.E01/vol_vol2/WINDOWS/system32/dllcache/nls302en.lex.new",,,application/octet-stream,new
nmwb.dll,"0000-00-00 00:00:00","0000-00-00 00:00:00","0000-00-00 00:00:00","0000-00-00 00:00:00",0,Unallocated,,unknown,"/img_jo-2009-11-16.E01/vol_vol2/WINDOWS/system32/dllcache/nmwb.dll",,,application/octet-stream,dll
nslookup.exe.new,"2008-04-14 14:00:00 EET","2009-11-09 02:34:27 EET","2009-11-11 22:01:39 EET","2008-04-14 14:00:00 EET",76800,Unallocated,Allocated,unknown,"/img_jo-2009-11-16.E01/vol_vol2/WINDOWS/system32/dllcache/nslookup.exe.new",,,application/x-msdownload,new
ntdos412.sys,"0000-00-00 00:00:00","0000-00-00 00:00:00","0000-00-00 00:00:00","0000-00-00 00:00:00",0,Unallocated,,unknown,"/img_jo-2009-11-16.E01/vol_vol2/WINDOWS/system32/dllcache/ntdos412.sys",,,application/octet-stream,sys
ntmarta.dll.new,"2008-04-14 14:00:00 EET","2009-11-09 02:34:29 EET","2009-11-11 22:01:39 EET","2008-04-14 14:00:00 EET",118784,Unallocated,Allocated,unknown,"/img_jo-2009-11-16.E01/vol_vol2/WINDOWS/system32/dllcache/ntmarta.dll.new",,,application/x-msdownload,new
p2pnetsh.dll,"0000-00-00 00:00:00","0000-00-00 00:00:00","0000-00-00 00:00:00","0000-00-00 00:00:00",0,Unallocated,,unknown,"/img_jo-2009-11-16.E01/vol_vol2/WINDOWS/system32/dllcache/p2pnetsh.dll",,,application/octet-stream,dll
partmgr.sys.new,"2008-04-14 14:00:00 EET","2009-11-09 02:34:34 EET","2009-11-11 22:01:42 EET","2008-04-14 14:00:00 EET",19712,Unallocated,Allocated,unknown,"/img_jo-2009-11-16.E01/vol_vol2/WINDOWS/system32/dllcache/partmgr.sys.new",,,application/x-msdownload,new
perfdisk.dll,"0000-00-00 00:00:00","0000-00-00 00:00:00","0000-00-00 00:00:00","0000-00-00 00:00:00",0,Unallocated,,unknown,"/img_jo-2009-11-16.E01/vol_vol2/WINDOWS/system32/dllcache/perfdisk.dll",,,application/octet-stream,dll
pid.inf.new,"2008-04-14 14:00:00 EET","2009-11-09 02:34:35 EET","2009-11-09 02:34:35 EET","2008-04-14 14:00:00 EET",974,Unallocated,Allocated,unknown,"/img_jo-2009-11-16.E01/vol_vol2/WINDOWS/system32/dllcache/pid.inf.new",,,text/plain,new
pngfilt.dll,"2008-04-14 14:00:00 EET","2009-11-10 02:38:45 EET","2009-11-09 08:21:40 EET","2008-04-14 14:00:00 EET",39424,Unallocated,Allocated,unknown,"/img_jo-2009-11-16.E01/vol_vol2/WINDOWS/system32/dllcache/pngfilt.dll",,,application/x-msdownload,dll
polstore.dll.new,"2008-04-14 14:00:00 EET","2009-11-09 02:34:37 EET","2009-11-11 22:01:43 EET","2008-04-14 14:00:00 EET",105472,Unallocated,Allocated,unknown,"/img_jo-2009-11-16.E01/vol_vol2/WINDOWS/system32/dllcache/polstore.dll.new",,,application/x-msdownload,new
prncnfg.vbs,"0000-00-00 00:00:00","0000-00-00 00:00:00","0000-00-00 00:00:00","0000-00-00 00:00:00",0,Unallocated,,unknown,"/img_jo-2009-11-16.E01/vol_vol2/WINDOWS/system32/dllcache/prncnfg.vbs",,,application/octet-stream,vbs
provthrd.dll.new,"2008-04-14 14:00:00 EET","2009-11-09 02:34:38 EET","2009-11-11 22:01:43 EET","2009-11-09 02:19:44 EET",237056,Unallocated,Allocated,unknown,"/img_jo-2009-11-16.E01/vol_vol2/WINDOWS/system32/dllcache/provthrd.dll.new",,,application/x-msdownload,new
ptilink.sys,"0000-00-00 00:00:00","0000-00-00 00:00:00","0000-00-00 00:00:00","0000-00-00 00:00:00",0,Unallocated,,unknown,"/img_jo-2009-11-16.E01/vol_vol2/WINDOWS/system32/dllcache/ptilink.sys",,,application/octet-stream,sys
qagent.dll.new,"2008-04-14 14:00:00 EET","2009-11-09 02:34:39 EET","2009-11-11 22:01:43 EET","2008-04-14 14:00:00 EET",150528,Unallocated,Allocated,unknown,"/img_jo-2009-11-16.E01/vol_vol2/WINDOWS/system32/dllcache/qagent.dll.new",,,application/x-msdownload,new
query.exe,"0000-00-00 00:00:00","0000-00-00 00:00:00","0000-00-00 00:00:00","0000-00-00 00:00:00",0,Unallocated,,unknown,"/img_jo-2009-11-16.E01/vol_vol2/WINDOWS/system32/dllcache/query.exe",,,application/octet-stream,exe
rasapi32.dll.new,"2008-04-14 14:00:00 EET","2009-11-09 02:34:42 EET","2009-11-11 22:01:43 EET","2008-04-14 14:00:00 EET",237056,Unallocated,Allocated,unknown,"/img_jo-2009-11-16.E01/vol_vol2/WINDOWS/system32/dllcache/rasapi32.dll.new",,,application/x-msdownload,new
rasmans.dll,"0000-00-00 00:00:00","0000-00-00 00:00:00","0000-00-00 00:00:00","0000-00-00 00:00:00",0,Unallocated,,unknown,"/img_jo-2009-11-16.E01/vol_vol2/WINDOWS/system32/dllcache/rasmans.dll",,,application/octet-stream,dll
rassapi.dll.new,"2008-04-14 14:00:00 EET","2009-11-09 02:34:43 EET","2009-11-11 22:01:44 EET","2008-04-14 14:00:00 EET",16384,Unallocated,Allocated,unknown,"/img_jo-2009-11-16.E01/vol_vol2/WINDOWS/system32/dllcache/rassapi.dll.new",,,application/x-msdownload,new
rdchost.dll,"0000-00-00 00:00:00","0000-00-00 00:00:00","0000-00-00 00:00:00","0000-00-00 00:00:00",0,Unallocated,,unknown,"/img_jo-2009-11-16.E01/vol_vol2/WINDOWS/system32/dllcache/rdchost.dll",,,application/octet-stream,dll
recover.exe.new,"2008-04-14 14:00:00 EET","2009-11-09 02:34:44 EET","2009-11-11 22:01:44 EET","2008-04-14 14:00:00 EET",7168,Unallocated,Allocated,unknown,"/img_jo-2009-11-16.E01/vol_vol2/WINDOWS/system32/dllcache/recover.exe.new",,,application/x-msdownload,new
regsvr32.exe,"0000-00-00 00:00:00","0000-00-00 00:00:00","0000-00-00 00:00:00","0000-00-00 00:00:00",0,Unallocated,,unknown,"/img_jo-2009-11-16.E01/vol_vol2/WINDOWS/system32/dllcache/regsvr32.exe",,,application/octet-stream,exe
resutils.dll.new,"2008-04-14 14:00:00 EET","2009-11-09 02:34:45 EET","2009-11-11 22:01:44 EET","2008-04-14 14:00:00 EET",58880,Unallocated,Allocated,unknown,"/img_jo-2009-11-16.E01/vol_vol2/WINDOWS/system32/dllcache/resutils.dll.new",,,application/x-msdownload,new
rootmdm.sys,"0000-00-00 00:00:00","0000-00-00 00:00:00","0000-00-00 00:00:00","0000-00-00 00:00:00",0,Unallocated,,unknown,"/img_jo-2009-11-16.E01/vol_vol2/WINDOWS/system32/dllcache/rootmdm.sys",,,application/octet-stream,sys
rpcrt4.dll,"2008-04-14 14:00:00 EET","2009-11-09 04:18:29 EET","2009-11-09 08:21:43 EET","2008-04-14 14:00:00 EET",584704,Unallocated,Allocated,unknown,"/img_jo-2009-11-16.E01/vol_vol2/WINDOWS/system32/dllcache/rpcrt4.dll",,,application/x-msdownload,dll
rpcss.dll,"2008-04-14 14:00:00 EET","2009-11-09 04:15:33 EET","2009-11-09 08:21:43 EET","2008-04-14 14:00:00 EET",399360,Unallocated,Allocated,unknown,"/img_jo-2009-11-16.E01/vol_vol2/WINDOWS/system32/dllcache/rpcss.dll",,,application/x-msdownload,dll
rsm.exe.new,"2008-04-14 14:00:00 EET","2009-11-09 02:34:47 EET","2009-11-11 22:01:44 EET","2008-04-14 14:00:00 EET",49152,Unallocated,Allocated,unknown,"/img_jo-2009-11-16.E01/vol_vol2/WINDOWS/system32/dllcache/rsm.exe.new",,,application/x-msdownload,new
rsvp.exe,"0000-00-00 00:00:00","0000-00-00 00:00:00","0000-00-00 00:00:00","0000-00-00 00:00:00",0,Unallocated,,unknown,"/img_jo-2009-11-16.E01/vol_vol2/WINDOWS/system32/dllcache/rsvp.exe",,,application/octet-stream,exe
rvsezm.exe.new,"2008-04-14 14:00:00 EET","2009-11-09 02:34:48 EET","2009-11-11 22:01:45 EET","2009-11-09 02:20:59 EET",42574,Unallocated,Allocated,unknown,"/img_jo-2009-11-16.E01/vol_vol2/WINDOWS/system32/dllcache/rvsezm.exe.new",,,application/x-msdownload,new
rwnh.dll,"0000-00-00 00:00:00","0000-00-00 00:00:00","0000-00-00 00:00:00","0000-00-00 00:00:00",0,Unallocated,,unknown,"/img_jo-2009-11-16.E01/vol_vol2/WINDOWS/system32/dllcache/rwnh.dll",,,application/octet-stream,dll
sc.exe,"2008-04-14 14:00:00 EET","2009-11-09 04:15:32 EET","2009-11-09 08:21:45 EET","2008-04-14 14:00:00 EET",31232,Unallocated,Allocated,unknown,"/img_jo-2009-11-16.E01/vol_vol2/WINDOWS/system32/dllcache/sc.exe",,,application/x-dosexec,exe
scardssp.dll.new,"2008-04-14 14:00:00 EET","2009-11-09 02:34:50 EET","2009-11-11 22:01:45 EET","2008-04-14 14:00:00 EET",118784,Unallocated,Allocated,unknown,"/img_jo-2009-11-16.E01/vol_vol2/WINDOWS/system32/dllcache/scardssp.dll.new",,,application/x-msdownload,new
SET1C0.tmp,"0000-00-00 00:00:00","0000-00-00 00:00:00","0000-00-00 00:00:00","0000-00-00 00:00:00",0,Unallocated,,unknown,"/img_jo-2009-11-16.E01/vol_vol2/WINDOWS/system32/dllcache/SET1C0.tmp",,,application/octet-stream,tmp
SET1C1.tmp,"2009-03-08 14:31:36 EET","2009-11-10 02:38:46 EET","2009-11-11 22:01:43 EET","2008-04-14 14:00:00 EET",46592,Unallocated,Allocated,unknown,"/img_jo-2009-11-16.E01/vol_vol2/WINDOWS/system32/dllcache/SET1C1.tmp",,,application/x-msdownload,tmp
SET1C3.tmp,"2009-03-08 14:30:56 EET","2009-11-10 02:38:46 EET","2009-11-10 01:52:13 EET","2008-04-14 14:00:00 EET",66560,Unallocated,Allocated,unknown,"/img_jo-2009-11-16.E01/vol_vol2/WINDOWS/system32/dllcache/SET1C3.tmp",,,application/x-msdownload,tmp
SET1C4.tmp,"2009-03-08 14:34:28 EET","2009-11-10 02:38:46 EET","2009-11-11 22:01:51 EET","2008-04-14 14:00:00 EET",105984,Unallocated,Allocated,unknown,"/img_jo-2009-11-16.E01/vol_vol2/WINDOWS/system32/dllcache/SET1C4.tmp",,,application/x-msdownload,tmp
SET1C5.tmp,"0000-00-00 00:00:00","0000-00-00 00:00:00","0000-00-00 00:00:00","0000-00-00 00:00:00",0,Unallocated,,unknown,"/img_jo-2009-11-16.E01/vol_vol2/WINDOWS/system32/dllcache/SET1C5.tmp",,,application/octet-stream,tmp
SET1C6.tmp,"2009-03-08 14:33:06 EET","2009-11-10 02:38:46 EET","2009-11-11 22:01:51 EET","2008-04-14 14:00:00 EET",420352,Unallocated,Allocated,unknown,"/img_jo-2009-11-16.E01/vol_vol2/WINDOWS/system32/dllcache/SET1C6.tmp",,,application/x-msdownload,tmp
sigverif.exe,"0000-00-00 00:00:00","0000-00-00 00:00:00","0000-00-00 00:00:00","0000-00-00 00:00:00",0,Unallocated,,unknown,"/img_jo-2009-11-16.E01/vol_vol2/WINDOWS/system32/dllcache/sigverif.exe",,,application/octet-stream,exe
sm93w.dll,"0000-00-00 00:00:00","0000-00-00 00:00:00","0000-00-00 00:00:00","0000-00-00 00:00:00",0,Unallocated,,unknown,"/img_jo-2009-11-16.E01/vol_vol2/WINDOWS/system32/dllcache/sm93w.dll",,,application/octet-stream,dll
smlogsvc.exe.new,"2008-04-14 14:00:00 EET","2009-11-09 02:35:02 EET","2009-11-11 22:01:46 EET","2008-04-14 14:00:00 EET",89600,Unallocated,Allocated,unknown,"/img_jo-2009-11-16.E01/vol_vol2/WINDOWS/system32/dllcache/smlogsvc.exe.new",,,application/x-msdownload,new
sndvol32.exe,"0000-00-00 00:00:00","0000-00-00 00:00:00","0000-00-00 00:00:00","0000-00-00 00:00:00",0,Unallocated,,unknown,"/img_jo-2009-11-16.E01/vol_vol2/WINDOWS/system32/dllcache/sndvol32.exe",,,application/octet-stream,exe
sound.drv,"0000-00-00 00:00:00","0000-00-00 00:00:00","0000-00-00 00:00:00","0000-00-00 00:00:00",0,Unallocated,,unknown,"/img_jo-2009-11-16.E01/vol_vol2/WINDOWS/system32/dllcache/sound.drv",,,application/octet-stream,drv
sqldb20.dll.new,"2008-04-14 14:00:00 EET","2009-11-09 02:35:06 EET","2009-11-11 22:01:48 EET","2008-04-14 14:00:00 EET",151552,Unallocated,Allocated,unknown,"/img_jo-2009-11-16.E01/vol_vol2/WINDOWS/system32/dllcache/sqldb20.dll.new",,,application/x-msdownload,new
spra040D.dll,"0000-00-00 00:00:00","0000-00-00 00:00:00","0000-00-00 00:00:00","0000-00-00 00:00:00",0,Unallocated,,unknown,"/img_jo-2009-11-16.E01/vol_vol2/WINDOWS/system32/dllcache/spra040D.dll",,,application/octet-stream,dll
spra0416.dll.new,"2008-04-14 14:00:00 EET","2009-11-09 02:35:55 EET","2009-11-11 22:01:47 EET","2008-04-14 14:00:00 EET",192512,Unallocated,Allocated,unknown,"/img_jo-2009-11-16.E01/vol_vol2/WINDOWS/system32/dllcache/spra0416.dll.new",,,application/x-msdownload,new
ssmyst.scr,"0000-00-00 00:00:00","0000-00-00 00:00:00","0000-00-00 00:00:00","0000-00-00 00:00:00",0,Unallocated,,unknown,"/img_jo-2009-11-16.E01/vol_vol2/WINDOWS/system32/dllcache/ssmyst.scr",,,application/octet-stream,scr
stobject.dll.new,"2008-04-14 14:00:00 EET","2009-11-09 02:35:10 EET","2009-11-11 22:01:49 EET","2008-04-14 14:00:00 EET",121856,Unallocated,Allocated,unknown,"/img_jo-2009-11-16.E01/vol_vol2/WINDOWS/system32/dllcache/stobject.dll.new",,,application/x-msdownload,new
termsrv.dll,"0000-00-00 00:00:00","0000-00-00 00:00:00","0000-00-00 00:00:00","0000-00-00 00:00:00",0,Unallocated,,unknown,"/img_jo-2009-11-16.E01/vol_vol2/WINDOWS/system32/dllcache/termsrv.dll",,,application/octet-stream,dll
tracerpt.exe,"0000-00-00 00:00:00","0000-00-00 00:00:00","0000-00-00 00:00:00","0000-00-00 00:00:00",0,Unallocated,,unknown,"/img_jo-2009-11-16.E01/vol_vol2/WINDOWS/system32/dllcache/tracerpt.exe",,,application/octet-stream,exe
tracert6.exe.new,"2008-04-14 14:00:00 EET","2009-11-09 02:35:18 EET","2009-11-11 22:01:50 EET","2008-04-14 14:00:00 EET",31744,Unallocated,Allocated,unknown,"/img_jo-2009-11-16.E01/vol_vol2/WINDOWS/system32/dllcache/tracert6.exe.new",,,application/x-msdownload,new
tsprof.exe,"0000-00-00 00:00:00","0000-00-00 00:00:00","0000-00-00 00:00:00","0000-00-00 00:00:00",0,Unallocated,,unknown,"/img_jo-2009-11-16.E01/vol_vol2/WINDOWS/system32/dllcache/tsprof.exe",,,application/octet-stream,exe
twain_32.dll.new,"2008-04-14 14:00:00 EET","2009-11-09 02:35:19 EET","2009-11-11 22:01:50 EET","2008-04-14 14:00:00 EET",50688,Unallocated,Allocated,unknown,"/img_jo-2009-11-16.E01/vol_vol2/WINDOWS/system32/dllcache/twain_32.dll.new",,,application/x-msdownload,new
unsecapp.exe.new,"2008-04-14 14:00:00 EET","2009-11-09 02:35:20 EET","2009-11-11 22:01:50 EET","2009-11-09 02:20:16 EET",16896,Unallocated,Allocated,unknown,"/img_jo-2009-11-16.E01/vol_vol2/WINDOWS/system32/dllcache/unsecapp.exe.new",,,application/x-msdownload,new
utilman.exe.new,"2008-04-14 14:00:00 EET","2009-11-09 02:35:23 EET","2009-11-11 22:01:51 EET","2008-04-14 14:00:00 EET",50176,Unallocated,Allocated,unknown,"/img_jo-2009-11-16.E01/vol_vol2/WINDOWS/system32/dllcache/utilman.exe.new",,,application/x-msdownload,new
version.dll,"0000-00-00 00:00:00","0000-00-00 00:00:00","0000-00-00 00:00:00","0000-00-00 00:00:00",0,Unallocated,,unknown,"/img_jo-2009-11-16.E01/vol_vol2/WINDOWS/system32/dllcache/version.dll",,,application/octet-stream,dll
vgx.dll,"2008-04-14 14:00:00 EET","2009-11-10 02:38:46 EET","2009-11-10 01:48:20 EET","2009-11-09 02:25:31 EET",851968,Unallocated,Allocated,unknown,"/img_jo-2009-11-16.E01/vol_vol2/WINDOWS/system32/dllcache/vgx.dll",,,application/x-msdownload,dll
vjoy.dll.new,"2008-04-14 14:00:00 EET","2009-11-09 02:35:24 EET","2009-11-11 22:01:51 EET","2008-04-14 14:00:00 EET",4608,Unallocated,Allocated,unknown,"/img_jo-2009-11-16.E01/vol_vol2/WINDOWS/system32/dllcache/vjoy.dll.new",,,application/x-msdownload,new
vssapi.dll,"0000-00-00 00:00:00","0000-00-00 00:00:00","0000-00-00 00:00:00","0000-00-00 00:00:00",0,Unallocated,,unknown,"/img_jo-2009-11-16.E01/vol_vol2/WINDOWS/system32/dllcache/vssapi.dll",,,application/octet-stream,dll
wbemcore.dll.new,"2008-04-14 14:00:00 EET","2009-11-09 02:35:27 EET","2009-11-11 22:01:52 EET","2009-11-09 02:19:45 EET",531456,Unallocated,Allocated,unknown,"/img_jo-2009-11-16.E01/vol_vol2/WINDOWS/system32/dllcache/wbemcore.dll.new",,,application/x-msdownload,new
wbemsvc.dll,"0000-00-00 00:00:00","0000-00-00 00:00:00","0000-00-00 00:00:00","0000-00-00 00:00:00",0,Unallocated,,unknown,"/img_jo-2009-11-16.E01/vol_vol2/WINDOWS/system32/dllcache/wbemsvc.dll",,,application/octet-stream,dll
wdigest.dll,"2008-04-14 14:00:00 EET","2009-11-10 02:01:40 EET","2009-11-09 08:21:58 EET","2008-04-14 14:00:00 EET",49152,Unallocated,Allocated,unknown,"/img_jo-2009-11-16.E01/vol_vol2/WINDOWS/system32/dllcache/wdigest.dll",,,application/x-msdownload,dll
webcheck.dll,"2008-04-14 14:00:00 EET","2009-11-10 02:38:46 EET","2009-11-10 01:48:20 EET","2008-04-14 14:00:00 EET",276480,Unallocated,Allocated,unknown,"/img_jo-2009-11-16.E01/vol_vol2/WINDOWS/system32/dllcache/webcheck.dll",,,application/x-msdownload,dll
wiadefui.dll.new,"2008-04-14 14:00:00 EET","2009-11-09 02:35:29 EET","2009-11-11 22:01:52 EET","2008-04-14 14:00:00 EET",463360,Unallocated,Allocated,unknown,"/img_jo-2009-11-16.E01/vol_vol2/WINDOWS/system32/dllcache/wiadefui.dll.new",,,application/x-msdownload,new
wifeman.dll,"0000-00-00 00:00:00","0000-00-00 00:00:00","0000-00-00 00:00:00","0000-00-00 00:00:00",0,Unallocated,,unknown,"/img_jo-2009-11-16.E01/vol_vol2/WINDOWS/system32/dllcache/wifeman.dll",,,application/octet-stream,dll
win32k.sys,"2008-04-14 14:00:00 EET","2009-11-09 04:18:12 EET","2009-11-09 08:21:59 EET","2008-04-14 14:00:00 EET",1845632,Unallocated,Allocated,unknown,"/img_jo-2009-11-16.E01/vol_vol2/WINDOWS/system32/dllcache/win32k.sys",,,application/x-msdownload,sys
winhttp.dll.new,"2008-04-14 14:00:00 EET","2009-11-09 04:17:24 EET","2009-11-09 08:21:59 EET","2008-04-14 14:00:00 EET",354304,Unallocated,Allocated,unknown,"/img_jo-2009-11-16.E01/vol_vol2/WINDOWS/system32/dllcache/winhttp.dll.new",,,application/x-msdownload,new
winmgmt.exe,"0000-00-00 00:00:00","0000-00-00 00:00:00","0000-00-00 00:00:00","0000-00-00 00:00:00",0,Unallocated,,unknown,"/img_jo-2009-11-16.E01/vol_vol2/WINDOWS/system32/dllcache/winmgmt.exe",,,application/octet-stream,exe
winsta.dll.new,"2008-04-14 14:00:00 EET","2009-11-09 02:35:33 EET","2009-11-11 22:01:52 EET","2008-04-14 14:00:00 EET",53760,Unallocated,Allocated,unknown,"/img_jo-2009-11-16.E01/vol_vol2/WINDOWS/system32/dllcache/winsta.dll.new",,,application/x-msdownload,new
winver.exe,"0000-00-00 00:00:00","0000-00-00 00:00:00","0000-00-00 00:00:00","0000-00-00 00:00:00",0,Unallocated,,unknown,"/img_jo-2009-11-16.E01/vol_vol2/WINDOWS/system32/dllcache/winver.exe",,,application/octet-stream,exe
wkssvc.dll,"2008-04-14 14:00:00 EET","2009-11-09 04:20:33 EET","2009-11-09 08:22:00 EET","2008-04-14 14:00:00 EET",132096,Unallocated,Allocated,unknown,"/img_jo-2009-11-16.E01/vol_vol2/WINDOWS/system32/dllcache/wkssvc.dll",,,application/x-msdownload,dll
wmiapres.dll.new,"2008-04-14 14:00:00 EET","2009-11-09 02:35:34 EET","2009-11-11 22:01:53 EET","2009-11-09 02:19:46 EET",6656,Unallocated,Allocated,unknown,"/img_jo-2009-11-16.E01/vol_vol2/WINDOWS/system32/dllcache/wmiapres.dll.new",,,application/x-msdownload,new
wmiaprpl.dll,"0000-00-00 00:00:00","0000-00-00 00:00:00","0000-00-00 00:00:00","0000-00-00 00:00:00",0,Unallocated,,unknown,"/img_jo-2009-11-16.E01/vol_vol2/WINDOWS/system32/dllcache/wmiaprpl.dll",,,application/octet-stream,dll
wmiprvsd.dll,"2008-04-14 14:00:00 EET","2009-11-09 04:15:31 EET","2009-11-09 08:22:01 EET","2009-11-09 02:19:47 EET",437248,Unallocated,Allocated,unknown,"/img_jo-2009-11-16.E01/vol_vol2/WINDOWS/system32/dllcache/wmiprvsd.dll",,,application/x-msdownload,dll
wmiprvse.exe,"2008-04-14 14:00:00 EET","2009-11-09 04:15:30 EET","2009-11-09 08:22:01 EET","2009-11-09 02:19:48 EET",218112,Unallocated,Allocated,unknown,"/img_jo-2009-11-16.E01/vol_vol2/WINDOWS/system32/dllcache/wmiprvse.exe",,,application/x-dosexec,exe
wmiscmgr.dll.new,"2008-04-14 14:00:00 EET","2009-11-09 02:35:36 EET","2009-11-11 22:01:53 EET","2008-04-14 14:00:00 EET",55808,Unallocated,Allocated,unknown,"/img_jo-2009-11-16.E01/vol_vol2/WINDOWS/system32/dllcache/wmiscmgr.dll.new",,,application/x-msdownload,new
wmnetmgr.dll,"2008-04-14 14:00:00 EET","2009-11-09 04:07:51 EET","2009-11-09 08:22:03 EET","2008-04-14 14:00:00 EET",1053184,Unallocated,Allocated,unknown,"/img_jo-2009-11-16.E01/vol_vol2/WINDOWS/system32/dllcache/wmnetmgr.dll",,,application/x-msdownload,dll
wmp.dll,"2008-04-14 14:00:00 EET","2009-11-09 04:19:06 EET","2009-11-09 08:22:04 EET","2008-04-14 14:00:00 EET",4874240,Unallocated,Allocated,unknown,"/img_jo-2009-11-16.E01/vol_vol2/WINDOWS/system32/dllcache/wmp.dll",,,application/x-msdownload,dll
wmpdxm.dll.new,"2008-04-14 14:00:00 EET","2009-11-09 04:19:06 EET","2009-11-09 08:22:04 EET","2008-04-14 14:00:00 EET",233472,Unallocated,Allocated,unknown,"/img_jo-2009-11-16.E01/vol_vol2/WINDOWS/system32/dllcache/wmpdxm.dll.new",,,application/x-msdownload,new
wmspdmod.dll,"2008-04-14 14:00:00 EET","2009-11-10 01:57:58 EET","2009-11-09 08:22:05 EET","2008-04-14 14:00:00 EET",485376,Unallocated,Allocated,unknown,"/img_jo-2009-11-16.E01/vol_vol2/WINDOWS/system32/dllcache/wmspdmod.dll",,,application/x-msdownload,dll
wmvcore.dll,"2008-04-14 14:00:00 EET","2009-11-09 04:07:50 EET","2009-11-09 08:22:06 EET","2008-04-14 14:00:00 EET",2109440,Unallocated,Allocated,unknown,"/img_jo-2009-11-16.E01/vol_vol2/WINDOWS/system32/dllcache/wmvcore.dll",,,application/x-msdownload,dll
wordpad.exe,"2008-04-14 14:00:00 EET","2009-11-09 04:13:21 EET","2009-11-09 08:22:06 EET","2009-11-09 02:20:04 EET",214528,Unallocated,Allocated,unknown,"/img_jo-2009-11-16.E01/vol_vol2/WINDOWS/system32/dllcache/wordpad.exe",,,application/x-dosexec,exe
wowdeb.exe.new,"2008-04-14 14:00:00 EET","2009-11-09 02:35:47 EET","2009-11-11 22:01:54 EET","2008-04-14 14:00:00 EET",2736,Unallocated,Allocated,unknown,"/img_jo-2009-11-16.E01/vol_vol2/WINDOWS/system32/dllcache/wowdeb.exe.new",,,application/x-msdownload,new
wowexec.exe,"0000-00-00 00:00:00","0000-00-00 00:00:00","0000-00-00 00:00:00","0000-00-00 00:00:00",0,Unallocated,,unknown,"/img_jo-2009-11-16.E01/vol_vol2/WINDOWS/system32/dllcache/wowexec.exe",,,application/octet-stream,exe
wscript.exe,"2008-04-14 14:00:00 EET","2009-11-09 04:05:21 EET","2009-11-09 08:22:06 EET","2008-04-14 14:00:00 EET",155648,Unallocated,Allocated,unknown,"/img_jo-2009-11-16.E01/vol_vol2/WINDOWS/system32/dllcache/wscript.exe",,,application/x-dosexec,exe
wshext.dll,"2008-04-14 14:00:00 EET","2009-11-09 04:05:21 EET","2009-11-09 08:22:06 EET","2008-04-14 14:00:00 EET",90112,Unallocated,Allocated,unknown,"/img_jo-2009-11-16.E01/vol_vol2/WINDOWS/system32/dllcache/wshext.dll",,,application/x-msdownload,dll
wshom.ocx.new,"2008-04-14 14:00:00 EET","2009-11-09 04:05:21 EET","2009-11-09 08:22:06 EET","2008-04-14 14:00:00 EET",135168,Unallocated,Allocated,unknown,"/img_jo-2009-11-16.E01/vol_vol2/WINDOWS/system32/dllcache/wshom.ocx.new",,,application/x-msdownload,new
wshrm.dll,"0000-00-00 00:00:00","0000-00-00 00:00:00","0000-00-00 00:00:00","0000-00-00 00:00:00",0,Unallocated,,unknown,"/img_jo-2009-11-16.E01/vol_vol2/WINDOWS/system32/dllcache/wshrm.dll",,,application/octet-stream,dll
wuapi.dll,"0000-00-00 00:00:00","0000-00-00 00:00:00","0000-00-00 00:00:00","0000-00-00 00:00:00",0,Unallocated,,unknown,"/img_jo-2009-11-16.E01/vol_vol2/WINDOWS/system32/dllcache/wuapi.dll",,,application/octet-stream,dll
wuauclt.exe,"0000-00-00 00:00:00","0000-00-00 00:00:00","0000-00-00 00:00:00","0000-00-00 00:00:00",0,Unallocated,,unknown,"/img_jo-2009-11-16.E01/vol_vol2/WINDOWS/system32/dllcache/wuauclt.exe",,,application/octet-stream,exe
wuaucpl.cpl,"0000-00-00 00:00:00","0000-00-00 00:00:00","0000-00-00 00:00:00","0000-00-00 00:00:00",0,Unallocated,,unknown,"/img_jo-2009-11-16.E01/vol_vol2/WINDOWS/system32/dllcache/wuaucpl.cpl",,,application/octet-stream,cpl
wuaueng.dll,"0000-00-00 00:00:00","0000-00-00 00:00:00","0000-00-00 00:00:00","0000-00-00 00:00:00",0,Unallocated,,unknown,"/img_jo-2009-11-16.E01/vol_vol2/WINDOWS/system32/dllcache/wuaueng.dll",,,application/octet-stream,dll
wucltui.dll,"0000-00-00 00:00:00","0000-00-00 00:00:00","0000-00-00 00:00:00","0000-00-00 00:00:00",0,Unallocated,,unknown,"/img_jo-2009-11-16.E01/vol_vol2/WINDOWS/system32/dllcache/wucltui.dll",,,application/octet-stream,dll
wups.dll,"0000-00-00 00:00:00","0000-00-00 00:00:00","0000-00-00 00:00:00","0000-00-00 00:00:00",0,Unallocated,,unknown,"/img_jo-2009-11-16.E01/vol_vol2/WINDOWS/system32/dllcache/wups.dll",,,application/octet-stream,dll
wuweb.dll.new,"0000-00-00 00:00:00","0000-00-00 00:00:00","0000-00-00 00:00:00","0000-00-00 00:00:00",0,Unallocated,,unknown,"/img_jo-2009-11-16.E01/vol_vol2/WINDOWS/system32/dllcache/wuweb.dll.new",,,application/octet-stream,new
zonelibm.dll.new,"2008-04-14 14:00:00 EET","2009-11-09 02:36:12 EET","2009-11-11 22:01:54 EET","2009-11-09 02:20:57 EET",13894,Unallocated,Allocated,unknown,"/img_jo-2009-11-16.E01/vol_vol2/WINDOWS/system32/dllcache/zonelibm.dll.new",,,application/x-msdownload,new
spra0426.dll,"0000-00-00 00:00:00","0000-00-00 00:00:00","0000-00-00 00:00:00","0000-00-00 00:00:00",0,Unallocated,,unknown,"/img_jo-2009-11-16.E01/vol_vol2/WINDOWS/system32/dllcache/spra0426.dll",,,application/octet-stream,dll
sprb0407.dll.new,"2008-04-14 14:00:00 EET","2009-11-09 02:35:59 EET","2009-11-11 22:01:47 EET","2008-04-14 14:00:00 EET",788480,Unallocated,Allocated,unknown,"/img_jo-2009-11-16.E01/vol_vol2/WINDOWS/system32/dllcache/sprb0407.dll.new",,,application/x-msdownload,new
sprb0413.dll,"0000-00-00 00:00:00","0000-00-00 00:00:00","0000-00-00 00:00:00","0000-00-00 00:00:00",0,Unallocated,,unknown,"/img_jo-2009-11-16.E01/vol_vol2/WINDOWS/system32/dllcache/sprb0413.dll",,,application/octet-stream,dll
sprb0804.dll.new,"2008-04-14 14:00:00 EET","2009-11-09 02:36:04 EET","2009-11-11 22:01:48 EET","2008-04-14 14:00:00 EET",470016,Unallocated,Allocated,unknown,"/img_jo-2009-11-16.E01/vol_vol2/WINDOWS/system32/dllcache/sprb0804.dll.new",,,application/x-msdownload,new
sprc040b.dll,"0000-00-00 00:00:00","0000-00-00 00:00:00","0000-00-00 00:00:00","0000-00-00 00:00:00",0,Unallocated,,unknown,"/img_jo-2009-11-16.E01/vol_vol2/WINDOWS/system32/dllcache/sprc040b.dll",,,application/octet-stream,dll
sprc0415.dll.new,"2008-04-14 14:00:00 EET","2009-11-09 02:36:10 EET","2009-11-11 22:01:48 EET","2008-04-14 14:00:00 EET",641024,Unallocated,Allocated,unknown,"/img_jo-2009-11-16.E01/vol_vol2/WINDOWS/system32/dllcache/sprc0415.dll.new",,,application/x-msdownload,new
miniavi.avg,"0000-00-00 00:00:00","0000-00-00 00:00:00","0000-00-00 00:00:00","0000-00-00 00:00:00",0,Unallocated,,unknown,"/img_jo-2009-11-16.E01/vol_vol2/WINDOWS/system32/drivers/Avg/miniavi.avg",,,application/octet-stream,avg
cinemst2.sys,"0000-00-00 00:00:00","0000-00-00 00:00:00","0000-00-00 00:00:00","0000-00-00 00:00:00",0,Unallocated,,unknown,"/img_jo-2009-11-16.E01/vol_vol2/WINDOWS/system32/drivers/cinemst2.sys",,,application/octet-stream,sys
tosdvd.sys,"0000-00-00 00:00:00","0000-00-00 00:00:00","0000-00-00 00:00:00","0000-00-00 00:00:00",0,Unallocated,,unknown,"/img_jo-2009-11-16.E01/vol_vol2/WINDOWS/system32/drivers/tosdvd.sys",,,application/octet-stream,sys
cmmgr32.hlp,"0000-00-00 00:00:00","0000-00-00 00:00:00","0000-00-00 00:00:00","0000-00-00 00:00:00",0,Unallocated,,unknown,"/img_jo-2009-11-16.E01/vol_vol2/WINDOWS/system32/cmmgr32.hlp",,,application/octet-stream,hlp
ieakui.dll,"2008-04-14 14:00:00 EET","2009-11-10 02:38:47 EET","2009-11-09 08:18:07 EET","2008-04-14 14:00:00 EET",221184,Unallocated,Allocated,unknown,"/img_jo-2009-11-16.E01/vol_vol2/WINDOWS/system32/ieakui.dll",,,application/x-msdownload,dll
dhcp,"0000-00-00 00:00:00","0000-00-00 00:00:00","0000-00-00 00:00:00","0000-00-00 00:00:00",0,Unallocated,,unknown,"/img_jo-2009-11-16.E01/vol_vol2/WINDOWS/system32/dhcp",,,application/octet-stream,
dot3api.dll,"0000-00-00 00:00:00","0000-00-00 00:00:00","0000-00-00 00:00:00","0000-00-00 00:00:00",0,Unallocated,,unknown,"/img_jo-2009-11-16.E01/vol_vol2/WINDOWS/system32/dot3api.dll",,,application/octet-stream,dll
expand.exe,"0000-00-00 00:00:00","0000-00-00 00:00:00","0000-00-00 00:00:00","0000-00-00 00:00:00",0,Unallocated,,unknown,"/img_jo-2009-11-16.E01/vol_vol2/WINDOWS/system32/expand.exe",,,application/octet-stream,exe
magnify.gif,"0000-00-00 00:00:00","0000-00-00 00:00:00","0000-00-00 00:00:00","0000-00-00 00:00:00",0,Unallocated,,unknown,"/img_jo-2009-11-16.E01/vol_vol2/WINDOWS/system32/oobe/images/magnify.gif",,,application/octet-stream,gif
ident1.htm,"0000-00-00 00:00:00","0000-00-00 00:00:00","0000-00-00 00:00:00","0000-00-00 00:00:00",0,Unallocated,,unknown,"/img_jo-2009-11-16.E01/vol_vol2/WINDOWS/system32/oobe/setup/ident1.htm",,,application/octet-stream,htm
pcl.sep,"0000-00-00 00:00:00","0000-00-00 00:00:00","0000-00-00 00:00:00","0000-00-00 00:00:00",0,Unallocated,,unknown,"/img_jo-2009-11-16.E01/vol_vol2/WINDOWS/system32/pcl.sep",,,application/octet-stream,sep
pdh.dll,"2008-04-14 14:00:00 EET","2009-11-09 04:15:13 EET","2009-11-09 08:19:02 EET","2008-04-14 14:00:00 EET",284160,Unallocated,Allocated,unknown,"/img_jo-2009-11-16.E01/vol_vol2/WINDOWS/system32/pdh.dll",,,application/x-msdownload,dll
jscript.dll,"2008-04-14 14:00:00 EET","2009-11-10 02:38:39 EET","2009-11-10 01:47:20 EET","2008-04-14 14:00:00 EET",512000,Unallocated,Allocated,unknown,"/img_jo-2009-11-16.E01/vol_vol2/WINDOWS/system32/jscript.dll",,,application/x-msdownload,dll
jsproxy.dll,"2008-04-14 14:00:00 EET","2009-11-10 01:55:04 EET","2009-11-09 08:18:53 EET","2008-04-14 14:00:00 EET",15872,Unallocated,Allocated,unknown,"/img_jo-2009-11-16.E01/vol_vol2/WINDOWS/system32/jsproxy.dll",,,application/x-msdownload,dll
localspl.dll,"2008-04-14 14:00:00 EET","2009-11-10 02:38:42 EET","2009-11-09 08:18:31 EET","2008-04-14 14:00:00 EET",343040,Unallocated,Allocated,unknown,"/img_jo-2009-11-16.E01/vol_vol2/WINDOWS/system32/localspl.dll",,,application/x-msdownload,dll
mqprfsym.h,"0000-00-00 00:00:00","0000-00-00 00:00:00","0000-00-00 00:00:00","0000-00-00 00:00:00",0,Unallocated,,unknown,"/img_jo-2009-11-16.E01/vol_vol2/WINDOWS/system32/mqprfsym.h",,,application/octet-stream,h
msasn1.dll,"2008-04-14 14:00:00 EET","2009-11-10 02:38:50 EET","2009-11-10 02:37:58 EET","2008-04-14 14:00:00 EET",57344,Unallocated,Allocated,unknown,"/img_jo-2009-11-16.E01/vol_vol2/WINDOWS/system32/msasn1.dll",,,application/x-msdownload,dll
ntoskrnl.exe,"2008-04-14 14:00:00 EET","2009-11-09 04:14:59 EET","2009-11-09 08:19:29 EET","2008-04-14 14:00:00 EET",2188928,Unallocated,Allocated,unknown,"/img_jo-2009-11-16.E01/vol_vol2/WINDOWS/system32/ntoskrnl.exe",,,application/x-dosexec,exe
prnjobs.vbs,"0000-00-00 00:00:00","0000-00-00 00:00:00","0000-00-00 00:00:00","0000-00-00 00:00:00",0,Unallocated,,unknown,"/img_jo-2009-11-16.E01/vol_vol2/WINDOWS/system32/prnjobs.vbs",,,application/octet-stream,vbs
rsvpcnts.h,"0000-00-00 00:00:00","0000-00-00 00:00:00","0000-00-00 00:00:00","0000-00-00 00:00:00",0,Unallocated,,unknown,"/img_jo-2009-11-16.E01/vol_vol2/WINDOWS/system32/rsvpcnts.h",,,application/octet-stream,h
sc.exe,"2008-04-14 14:00:00 EET","2009-11-09 04:15:09 EET","2009-11-09 08:18:14 EET","2008-04-14 14:00:00 EET",31232,Unallocated,Allocated,unknown,"/img_jo-2009-11-16.E01/vol_vol2/WINDOWS/system32/sc.exe",,,application/x-dosexec,exe
schannel.dll,"2008-04-14 14:00:00 EET","2009-11-10 02:38:40 EET","2009-11-09 08:18:26 EET","2008-04-14 14:00:00 EET",144384,Unallocated,Allocated,unknown,"/img_jo-2009-11-16.E01/vol_vol2/WINDOWS/system32/schannel.dll",,,application/x-msdownload,dll
shdocvw.dll,"2008-04-14 14:00:00 EET","2009-11-10 02:38:50 EET","2009-11-10 02:37:58 EET","2008-04-14 14:00:00 EET",1499136,Unallocated,Allocated,unknown,"/img_jo-2009-11-16.E01/vol_vol2/WINDOWS/system32/shdocvw.dll",,,application/x-msdownload,dll
shell32.dll,"2008-04-14 14:00:00 EET","2009-11-10 02:38:40 EET","2009-11-10 02:37:58 EET","2008-04-14 14:00:00 EET",8461312,Unallocated,Allocated,unknown,"/img_jo-2009-11-16.E01/vol_vol2/WINDOWS/system32/shell32.dll",,,application/x-msdownload,dll
skeys.exe,"0000-00-00 00:00:00","0000-00-00 00:00:00","0000-00-00 00:00:00","0000-00-00 00:00:00",0,Unallocated,,unknown,"/img_jo-2009-11-16.E01/vol_vol2/WINDOWS/system32/skeys.exe",,,application/octet-stream,exe
url.dll,"0000-00-00 00:00:00","0000-00-00 00:00:00","0000-00-00 00:00:00","0000-00-00 00:00:00",0,Unallocated,,unknown,"/img_jo-2009-11-16.E01/vol_vol2/WINDOWS/system32/url.dll",,,application/octet-stream,dll
urlmon.dll,"2008-04-14 14:00:00 EET","2009-11-10 02:38:49 EET","2009-11-10 01:53:30 EET","2008-04-14 14:00:00 EET",619520,Unallocated,Allocated,unknown,"/img_jo-2009-11-16.E01/vol_vol2/WINDOWS/system32/urlmon.dll",,,application/x-msdownload,dll
"958A50DFF8A9DF5FAEA042AC9F60815F.mof","0000-00-00 00:00:00","0000-00-00 00:00:00","0000-00-00 00:00:00","0000-00-00 00:00:00",0,Unallocated,,unknown,"/img_jo-2009-11-16.E01/vol_vol2/WINDOWS/system32/wbem/AutoRecover/958A50DFF8A9DF5FAEA042AC9F60815F.mof",,,application/octet-stream,mof
"E737DE61441445E1FDFCA45EF5E7D987.mof","0000-00-00 00:00:00","0000-00-00 00:00:00","0000-00-00 00:00:00","0000-00-00 00:00:00",0,Unallocated,,unknown,"/img_jo-2009-11-16.E01/vol_vol2/WINDOWS/system32/wbem/AutoRecover/E737DE61441445E1FDFCA45EF5E7D987.mof",,,application/octet-stream,mof
fastprox.dll,"2008-04-14 14:00:00 EET","2009-11-10 02:38:42 EET","2009-11-10 02:37:58 EET","2009-11-09 02:19:42 EET",472064,Unallocated,Allocated,unknown,"/img_jo-2009-11-16.E01/vol_vol2/WINDOWS/system32/wbem/fastprox.dll",,,application/x-msdownload,dll
wmiprvsd.dll,"2008-04-14 14:00:00 EET","2009-11-10 02:38:42 EET","2009-11-10 02:37:58 EET","2009-11-09 02:19:47 EET",437248,Unallocated,Allocated,unknown,"/img_jo-2009-11-16.E01/vol_vol2/WINDOWS/system32/wbem/wmiprvsd.dll",,,application/x-msdownload,dll
wmiprvse.exe,"2008-04-14 14:00:00 EET","2009-11-10 02:38:42 EET","2009-11-09 23:30:54 EET","2009-11-09 02:19:48 EET",218112,Unallocated,Allocated,unknown,"/img_jo-2009-11-16.E01/vol_vol2/WINDOWS/system32/wbem/wmiprvse.exe",,,application/x-dosexec,exe
wiascr.dll,"0000-00-00 00:00:00","0000-00-00 00:00:00","0000-00-00 00:00:00","0000-00-00 00:00:00",0,Unallocated,,unknown,"/img_jo-2009-11-16.E01/vol_vol2/WINDOWS/system32/wiascr.dll",,,application/octet-stream,dll
win32k.sys,"2008-04-14 14:00:00 EET","2009-11-10 02:38:42 EET","2009-11-09 08:18:24 EET","2008-04-14 14:00:00 EET",1845632,Unallocated,Allocated,unknown,"/img_jo-2009-11-16.E01/vol_vol2/WINDOWS/system32/win32k.sys",,,application/x-msdownload,sys
userdiff.LOG,"0000-00-00 00:00:00","0000-00-00 00:00:00","0000-00-00 00:00:00","0000-00-00 00:00:00",0,Unallocated,,unknown,"/img_jo-2009-11-16.E01/vol_vol2/WINDOWS/system32/config/userdiff.LOG",,,application/octet-stream,log
crypt32.dll,"0000-00-00 00:00:00","0000-00-00 00:00:00","0000-00-00 00:00:00","0000-00-00 00:00:00",0,Unallocated,,unknown,"/img_jo-2009-11-16.E01/vol_vol2/WINDOWS/system32/crypt32.dll",,,application/octet-stream,dll
cscript.exe,"2008-04-14 14:00:00 EET","2009-11-09 04:05:21 EET","2009-11-09 08:18:45 EET","2008-04-14 14:00:00 EET",139264,Unallocated,Allocated,unknown,"/img_jo-2009-11-16.E01/vol_vol2/WINDOWS/system32/cscript.exe",,,application/x-dosexec,exe
mswebdvd.dll,"2008-04-14 14:00:00 EET","2009-11-09 04:20:21 EET","2009-11-09 08:18:58 EET","2008-04-14 14:00:00 EET",203776,Unallocated,Allocated,unknown,"/img_jo-2009-11-16.E01/vol_vol2/WINDOWS/system32/mswebdvd.dll",,,application/x-msdownload,dll
mswsock.dll,"2008-04-14 14:00:00 EET","2009-11-10 02:38:39 EET","2009-11-10 02:37:58 EET","2008-04-14 14:00:00 EET",245248,Unallocated,Allocated,unknown,"/img_jo-2009-11-16.E01/vol_vol2/WINDOWS/system32/mswsock.dll",,,application/x-msdownload,dll
msxml3.dll,"2008-04-14 14:00:00 EET","2009-11-10 03:10:41 EET","2009-11-10 03:10:27 EET","2008-04-14 14:00:00 EET",1104896,Unallocated,Allocated,unknown,"/img_jo-2009-11-16.E01/vol_vol2/WINDOWS/system32/msxml3.dll",,,application/x-msdownload,dll
msxml6.dll,"2008-04-14 14:00:00 EET","2009-11-10 02:38:40 EET","2009-11-10 02:37:58 EET","2008-04-14 14:00:00 EET",1306624,Unallocated,Allocated,unknown,"/img_jo-2009-11-16.E01/vol_vol2/WINDOWS/system32/msxml6.dll",,,application/x-msdownload,dll
mtstocom.exe,"0000-00-00 00:00:00","0000-00-00 00:00:00","0000-00-00 00:00:00","0000-00-00 00:00:00",0,Unallocated,,unknown,"/img_jo-2009-11-16.E01/vol_vol2/WINDOWS/system32/mtstocom.exe",,,application/octet-stream,exe
mtxclu.dll,"2008-04-14 14:00:00 EET","2009-11-10 02:38:42 EET","2009-11-10 02:37:58 EET","2008-04-14 14:00:00 EET",66560,Unallocated,Allocated,unknown,"/img_jo-2009-11-16.E01/vol_vol2/WINDOWS/system32/mtxclu.dll",,,application/x-msdownload,dll
wmvcore.dll,"2008-04-14 14:00:00 EET","2009-11-09 04:07:48 EET","2009-11-09 08:19:21 EET","2008-04-14 14:00:00 EET",2109440,Unallocated,Allocated,unknown,"/img_jo-2009-11-16.E01/vol_vol2/WINDOWS/system32/wmvcore.dll",,,application/x-msdownload,dll
wscript.exe,"2008-04-14 14:00:00 EET","2009-11-09 04:05:19 EET","2009-11-09 08:19:11 EET","2008-04-14 14:00:00 EET",155648,Unallocated,Allocated,unknown,"/img_jo-2009-11-16.E01/vol_vol2/WINDOWS/system32/wscript.exe",,,application/x-dosexec,exe
cdm.dll,"0000-00-00 00:00:00","0000-00-00 00:00:00","0000-00-00 00:00:00","0000-00-00 00:00:00",0,Unallocated,,unknown,"/img_jo-2009-11-16.E01/vol_vol2/WINDOWS/system32/cdm.dll",,,application/octet-stream,dll
ms26_07.png,"0000-00-00 00:00:00","0000-00-00 00:00:00","0000-00-00 00:00:00","0000-00-00 00:00:00",0,Unallocated,,unknown,"/img_jo-2009-11-16.E01/vol_vol2/WINDOWS/system32/DirectX/Dinput/ms26_07.png",,,application/octet-stream,png
ms34.png,"0000-00-00 00:00:00","0000-00-00 00:00:00","0000-00-00 00:00:00","0000-00-00 00:00:00",0,Unallocated,,unknown,"/img_jo-2009-11-16.E01/vol_vol2/WINDOWS/system32/DirectX/Dinput/ms34.png",,,application/octet-stream,png
msf1f_5.png,"0000-00-00 00:00:00","0000-00-00 00:00:00","0000-00-00 00:00:00","0000-00-00 00:00:00",0,Unallocated,,unknown,"/img_jo-2009-11-16.E01/vol_vol2/WINDOWS/system32/DirectX/Dinput/msf1f_5.png",,,application/octet-stream,png
sv2512.png,"0000-00-00 00:00:00","0000-00-00 00:00:00","0000-00-00 00:00:00","0000-00-00 00:00:00",0,Unallocated,,unknown,"/img_jo-2009-11-16.E01/vol_vol2/WINDOWS/system32/DirectX/Dinput/sv2512.png",,,application/octet-stream,png
wininet.dll,"2008-04-14 14:00:00 EET","2009-11-10 02:38:50 EET","2009-11-10 02:37:58 EET","2008-04-14 14:00:00 EET",666112,Unallocated,Allocated,unknown,"/img_jo-2009-11-16.E01/vol_vol2/WINDOWS/system32/wininet.dll",,,application/x-msdownload,dll
wmspdmod.dll,"2008-04-14 14:00:00 EET","2009-11-10 01:57:57 EET","2009-11-10 01:57:56 EET","2008-04-14 14:00:00 EET",485376,Unallocated,Allocated,unknown,"/img_jo-2009-11-16.E01/vol_vol2/WINDOWS/system32/wmspdmod.dll",,,application/x-msdownload,dll
dsound.vxd,"0000-00-00 00:00:00","0000-00-00 00:00:00","0000-00-00 00:00:00","0000-00-00 00:00:00",0,Unallocated,,unknown,"/img_jo-2009-11-16.E01/vol_vol2/WINDOWS/system32/dsound.vxd",,,application/octet-stream,vxd
es.dll,"2008-04-14 14:00:00 EET","2009-11-10 02:38:40 EET","2009-11-10 02:37:58 EET","2008-04-14 14:00:00 EET",246272,Unallocated,Allocated,unknown,"/img_jo-2009-11-16.E01/vol_vol2/WINDOWS/system32/es.dll",,,application/x-msdownload,dll
dx8vb.dll,"0000-00-00 00:00:00","0000-00-00 00:00:00","0000-00-00 00:00:00","0000-00-00 00:00:00",0,Unallocated,,unknown,"/img_jo-2009-11-16.E01/vol_vol2/WINDOWS/system32/dx8vb.dll",,,application/octet-stream,dll
dxtmsft.dll,"2008-04-14 14:00:00 EET","2009-11-10 02:38:47 EET","2009-11-10 01:47:21 EET","2008-04-14 14:00:00 EET",357888,Unallocated,Allocated,unknown,"/img_jo-2009-11-16.E01/vol_vol2/WINDOWS/system32/dxtmsft.dll",,,application/x-msdownload,dll
dxtrans.dll,"2008-04-14 14:00:00 EET","2009-11-10 02:38:47 EET","2009-11-10 01:47:21 EET","2008-04-14 14:00:00 EET",205312,Unallocated,Allocated,unknown,"/img_jo-2009-11-16.E01/vol_vol2/WINDOWS/system32/dxtrans.dll",,,application/x-msdownload,dll
html.iec,"0000-00-00 00:00:00","0000-00-00 00:00:00","0000-00-00 00:00:00","0000-00-00 00:00:00",0,Unallocated,,unknown,"/img_jo-2009-11-16.E01/vol_vol2/WINDOWS/system32/html.iec",,,application/octet-stream,iec
ialmrnt5.dll,"0000-00-00 00:00:00","0000-00-00 00:00:00","0000-00-00 00:00:00","0000-00-00 00:00:00",0,Unallocated,,unknown,"/img_jo-2009-11-16.E01/vol_vol2/WINDOWS/system32/ialmrnt5.dll",,,application/octet-stream,dll
inetcomm.dll,"2008-04-14 14:00:00 EET","2009-11-09 04:05:56 EET","2009-11-09 08:20:10 EET","2009-11-09 02:24:44 EET",691712,Unallocated,Allocated,unknown,"/img_jo-2009-11-16.E01/vol_vol2/WINDOWS/system32/inetcomm.dll",,,application/x-msdownload,dll
msapsspc.dll,"0000-00-00 00:00:00","0000-00-00 00:00:00","0000-00-00 00:00:00","0000-00-00 00:00:00",0,Unallocated,,unknown,"/img_jo-2009-11-16.E01/vol_vol2/WINDOWS/system32/msapsspc.dll",,,application/octet-stream,dll
mscms.dll,"2008-04-14 14:00:00 EET","2009-11-09 04:06:16 EET","2009-11-09 08:18:56 EET","2008-04-14 14:00:00 EET",73728,Unallocated,Allocated,unknown,"/img_jo-2009-11-16.E01/vol_vol2/WINDOWS/system32/mscms.dll",,,application/x-msdownload,dll
msratelc.dll,"0000-00-00 00:00:00","0000-00-00 00:00:00","0000-00-00 00:00:00","0000-00-00 00:00:00",0,Unallocated,,unknown,"/img_jo-2009-11-16.E01/vol_vol2/WINDOWS/system32/msratelc.dll",,,application/octet-stream,dll
msrating.dll,"2008-04-14 14:00:00 EET","2009-11-10 02:38:49 EET","2009-11-09 08:18:57 EET","2008-04-14 14:00:00 EET",146432,Unallocated,Allocated,unknown,"/img_jo-2009-11-16.E01/vol_vol2/WINDOWS/system32/msrating.dll",,,application/x-msdownload,dll
sessmgr.exe,"0000-00-00 00:00:00","0000-00-00 00:00:00","0000-00-00 00:00:00","0000-00-00 00:00:00",0,Unallocated,,unknown,"/img_jo-2009-11-16.E01/vol_vol2/WINDOWS/system32/sessmgr.exe",,,application/octet-stream,exe
SET1F2.tmp,"0000-00-00 00:00:00","0000-00-00 00:00:00","0000-00-00 00:00:00","0000-00-00 00:00:00",0,Unallocated,,unknown,"/img_jo-2009-11-16.E01/vol_vol2/WINDOWS/system32/SET1F2.tmp",,,application/octet-stream,tmp
SET1F3.tmp,"0000-00-00 00:00:00","0000-00-00 00:00:00","0000-00-00 00:00:00","0000-00-00 00:00:00",0,Unallocated,,unknown,"/img_jo-2009-11-16.E01/vol_vol2/WINDOWS/system32/SET1F3.tmp",,,application/octet-stream,tmp
SET1F5.tmp,"0000-00-00 00:00:00","0000-00-00 00:00:00","0000-00-00 00:00:00","0000-00-00 00:00:00",0,Unallocated,,unknown,"/img_jo-2009-11-16.E01/vol_vol2/WINDOWS/system32/SET1F5.tmp",,,application/octet-stream,tmp
SET1F8.tmp,"2009-03-08 14:33:02 EET","2009-11-10 02:38:47 EET","2009-11-11 22:02:01 EET","2008-04-14 14:00:00 EET",125952,Unallocated,Allocated,unknown,"/img_jo-2009-11-16.E01/vol_vol2/WINDOWS/system32/SET1F8.tmp",,,application/x-msdownload,tmp
SET1F9.tmp,"2009-03-08 14:33:08 EET","2009-11-10 02:38:47 EET","2009-11-11 22:02:01 EET","2008-04-14 14:00:00 EET",229376,Unallocated,Allocated,unknown,"/img_jo-2009-11-16.E01/vol_vol2/WINDOWS/system32/SET1F9.tmp",,,application/x-msdownload,tmp
SET1FA.tmp,"2009-03-08 14:32:52 EET","2009-11-10 02:38:47 EET","2009-11-11 22:02:01 EET","2008-04-14 14:00:00 EET",163840,Unallocated,Allocated,unknown,"/img_jo-2009-11-16.E01/vol_vol2/WINDOWS/system32/SET1FA.tmp",,,application/x-msdownload,tmp
SET1FD.tmp,"0000-00-00 00:00:00","0000-00-00 00:00:00","0000-00-00 00:00:00","0000-00-00 00:00:00",0,Unallocated,,unknown,"/img_jo-2009-11-16.E01/vol_vol2/WINDOWS/system32/SET1FD.tmp",,,application/octet-stream,tmp
SET201.tmp,"0000-00-00 00:00:00","0000-00-00 00:00:00","0000-00-00 00:00:00","0000-00-00 00:00:00",0,Unallocated,,unknown,"/img_jo-2009-11-16.E01/vol_vol2/WINDOWS/system32/SET201.tmp",,,application/octet-stream,tmp
SET202.tmp,"2009-03-08 14:32:50 EET","2009-11-10 02:38:48 EET","2009-11-11 22:02:02 EET","2008-04-14 14:00:00 EET",55808,Unallocated,Allocated,unknown,"/img_jo-2009-11-16.E01/vol_vol2/WINDOWS/system32/SET202.tmp",,,application/x-msdownload,tmp
SET204.tmp,"2009-03-08 14:32:50 EET","2009-11-10 02:38:48 EET","2009-11-11 22:02:02 EET","2008-04-14 14:00:00 EET",71680,Unallocated,Allocated,unknown,"/img_jo-2009-11-16.E01/vol_vol2/WINDOWS/system32/SET204.tmp",,,application/x-msdownload,tmp
SET206.tmp,"2009-03-08 14:15:06 EET","2009-11-10 02:38:48 EET","2009-11-10 01:52:46 EET","2008-04-14 14:00:00 EET",57667,Unallocated,Allocated,unknown,"/img_jo-2009-11-16.E01/vol_vol2/WINDOWS/system32/SET206.tmp",,,text/plain,tmp
SET207.tmp,"2009-03-08 14:31:38 EET","2009-11-10 02:38:48 EET","2009-11-13 03:46:22 EET","2008-04-14 14:00:00 EET",34816,Unallocated,Allocated,unknown,"/img_jo-2009-11-16.E01/vol_vol2/WINDOWS/system32/SET207.tmp",,,application/x-msdownload,tmp
SET208.tmp,"0000-00-00 00:00:00","0000-00-00 00:00:00","0000-00-00 00:00:00","0000-00-00 00:00:00",0,Unallocated,,unknown,"/img_jo-2009-11-16.E01/vol_vol2/WINDOWS/system32/SET208.tmp",,,application/octet-stream,tmp
SET209.tmp,"2009-03-08 14:32:46 EET","2009-11-10 02:38:48 EET","2009-11-11 22:02:03 EET","2008-04-14 14:00:00 EET",94720,Unallocated,Allocated,unknown,"/img_jo-2009-11-16.E01/vol_vol2/WINDOWS/system32/SET209.tmp",,,application/x-msdownload,tmp
SET9C.tmp,"0000-00-00 00:00:00","0000-00-00 00:00:00","0000-00-00 00:00:00","0000-00-00 00:00:00",0,Unallocated,,unknown,"/img_jo-2009-11-16.E01/vol_vol2/WINDOWS/system32/SET9C.tmp",,,application/octet-stream,tmp
SETB2.tmp,"2008-06-20 20:46:57 EEST","2009-11-11 22:02:40 EET","2009-11-17 01:18:41 EET","2008-04-14 14:00:00 EET",245248,Unallocated,Allocated,unknown,"/img_jo-2009-11-16.E01/vol_vol2/WINDOWS/system32/SETB2.tmp",,,application/x-msdownload,tmp
SETB3.tmp,"2008-06-20 20:46:57 EEST","2009-11-11 22:02:37 EET","2009-11-17 01:18:41 EET","2008-04-14 14:00:00 EET",147968,Unallocated,Allocated,unknown,"/img_jo-2009-11-16.E01/vol_vol2/WINDOWS/system32/SETB3.tmp",,,application/x-msdownload,tmp
SETCA.tmp,"2008-07-07 23:26:58 EEST","2009-11-11 22:02:42 EET","2009-11-17 02:32:00 EET","2008-04-14 14:00:00 EET",253952,Unallocated,Allocated,unknown,"/img_jo-2009-11-16.E01/vol_vol2/WINDOWS/system32/SETCA.tmp",,,application/x-msdownload,tmp
SETD2.tmp,"2008-10-15 18:34:24 EET","2009-11-11 22:02:36 EET","2009-11-17 02:08:16 EET","2008-04-14 14:00:00 EET",337408,Unallocated,Allocated,unknown,"/img_jo-2009-11-16.E01/vol_vol2/WINDOWS/system32/SETD2.tmp",,,application/x-msdownload,tmp
SETD6.tmp,"2008-09-10 03:14:56 EET","2009-11-10 02:38:40 EET","2009-11-16 20:47:16 EET","2008-04-14 14:00:00 EET",1307648,Unallocated,Allocated,unknown,"/img_jo-2009-11-16.E01/vol_vol2/WINDOWS/system32/SETD6.tmp",,,application/x-msdownload,tmp
SETDF.tmp,"2008-10-23 14:36:14 EET","2009-11-11 22:02:36 EET","2009-11-17 02:08:10 EET","2008-04-14 14:00:00 EET",286720,Unallocated,Allocated,unknown,"/img_jo-2009-11-16.E01/vol_vol2/WINDOWS/system32/SETDF.tmp",,,application/x-msdownload,tmp
SETF6.tmp,"2008-06-17 22:02:19 EEST","2009-11-17 02:31:51 EET","2009-11-17 02:31:51 EET","2008-04-14 14:00:00 EET",8461312,Unallocated,Allocated,unknown,"/img_jo-2009-11-16.E01/vol_vol2/WINDOWS/system32/SETF6.tmp",,,application/x-msdownload,tmp
usrcntra.dll,"0000-00-00 00:00:00","0000-00-00 00:00:00","0000-00-00 00:00:00","0000-00-00 00:00:00",0,Unallocated,,unknown,"/img_jo-2009-11-16.E01/vol_vol2/WINDOWS/system32/usrcntra.dll",,,application/octet-stream,dll
winhttp.dll,"0000-00-00 00:00:00","0000-00-00 00:00:00","0000-00-00 00:00:00","0000-00-00 00:00:00",0,Unallocated,,unknown,"/img_jo-2009-11-16.E01/vol_vol2/WINDOWS/system32/winhttp.dll",,,application/octet-stream,dll
"wuauclt.exe.wusetup.4058593.bak","0000-00-00 00:00:00","0000-00-00 00:00:00","0000-00-00 00:00:00","0000-00-00 00:00:00",0,Unallocated,,unknown,"/img_jo-2009-11-16.E01/vol_vol2/WINDOWS/system32/wuauclt.exe.wusetup.4058593.bak",,,application/octet-stream,bak
xmllite.dll,"2008-04-14 14:00:00 EET","2009-11-10 01:48:18 EET","2009-11-09 08:19:25 EET","2008-04-14 14:00:00 EET",121856,Unallocated,Allocated,unknown,"/img_jo-2009-11-16.E01/vol_vol2/WINDOWS/system32/xmllite.dll",,,application/x-msdownload,dll
KB971633.cat,"0000-00-00 00:00:00","0000-00-00 00:00:00","0000-00-00 00:00:00","0000-00-00 00:00:00",0,Unallocated,,unknown,"/img_jo-2009-11-16.E01/vol_vol2/WINDOWS/system32/CatRoot/{F750E6C3-38EE-11D1-85E5-00C04FC295EE}/KB971633.cat",,,application/octet-stream,cat
mtsadmin.tlb,"0000-00-00 00:00:00","0000-00-00 00:00:00","0000-00-00 00:00:00","0000-00-00 00:00:00",0,Unallocated,,unknown,"/img_jo-2009-11-16.E01/vol_vol2/WINDOWS/system32/Com/mtsadmin.tlb",,,application/octet-stream,tlb
inetcomm.dll,"0000-00-00 00:00:00","0000-00-00 00:00:00","0000-00-00 00:00:00","0000-00-00 00:00:00",0,Unallocated,,unknown,"/img_jo-2009-11-16.E01/vol_vol2/WINDOWS/system32/inetcomm.dll",,,application/octet-stream,dll
xpsp3res.dll,"0000-00-00 00:00:00","0000-00-00 00:00:00","0000-00-00 00:00:00","0000-00-00 00:00:00",0,Unallocated,,unknown,"/img_jo-2009-11-16.E01/vol_vol2/WINDOWS/system32/xpsp3res.dll",,,application/octet-stream,dll
_000008_.tmp.dll,"2008-04-14 14:00:00 EET","2009-11-10 02:38:42 EET","2009-11-09 08:18:31 EET","2008-04-14 14:00:00 EET",343040,Unallocated,Allocated,unknown,"/img_jo-2009-11-16.E01/vol_vol2/WINDOWS/system32/_000008_.tmp.dll",,,application/x-msdownload,dll
_000009_.tmp.dll,"2008-04-14 14:00:00 EET","2009-11-10 02:38:42 EET","2009-11-09 08:18:24 EET","2008-04-14 14:00:00 EET",1845632,Unallocated,Allocated,unknown,"/img_jo-2009-11-16.E01/vol_vol2/WINDOWS/system32/_000009_.tmp.dll",,,application/x-msdownload,dll
_000019_.tmp.dll,"2008-04-14 14:00:00 EET","2009-11-10 02:38:41 EET","2009-11-09 08:18:25 EET","2008-04-14 14:00:00 EET",108544,Unallocated,Allocated,unknown,"/img_jo-2009-11-16.E01/vol_vol2/WINDOWS/system32/_000019_.tmp.dll",,,application/x-msdownload,dll
_000020_.tmp.dll,"2008-04-14 14:00:00 EET","2009-11-10 02:38:41 EET","2009-11-10 02:17:20 EET","2008-04-14 14:00:00 EET",706048,Unallocated,Allocated,unknown,"/img_jo-2009-11-16.E01/vol_vol2/WINDOWS/system32/_000020_.tmp.dll",,,application/x-msdownload,dll
_000021_.tmp.dll,"2008-04-14 14:00:00 EET","2009-11-10 02:38:41 EET","2009-11-09 08:18:26 EET","2008-04-14 14:00:00 EET",728064,Unallocated,Allocated,unknown,"/img_jo-2009-11-16.E01/vol_vol2/WINDOWS/system32/_000021_.tmp.dll",,,application/x-msdownload,dll
_000022_.tmp.dll,"2008-04-14 14:00:00 EET","2009-11-10 02:38:41 EET","2009-11-10 02:17:20 EET","2008-04-14 14:00:00 EET",617472,Unallocated,Allocated,unknown,"/img_jo-2009-11-16.E01/vol_vol2/WINDOWS/system32/_000022_.tmp.dll",,,application/x-msdownload,dll
ShellExt,"0000-00-00 00:00:00","0000-00-00 00:00:00","0000-00-00 00:00:00","0000-00-00 00:00:00",0,Unallocated,,unknown,"/img_jo-2009-11-16.E01/vol_vol2/WINDOWS/system32/ShellExt",,,application/octet-stream,
SET215.tmp,"0000-00-00 00:00:00","0000-00-00 00:00:00","0000-00-00 00:00:00","0000-00-00 00:00:00",0,Unallocated,,unknown,"/img_jo-2009-11-16.E01/vol_vol2/WINDOWS/system32/SET215.tmp",,,application/octet-stream,tmp
SET216.tmp,"0000-00-00 00:00:00","0000-00-00 00:00:00","0000-00-00 00:00:00","0000-00-00 00:00:00",0,Unallocated,,unknown,"/img_jo-2009-11-16.E01/vol_vol2/WINDOWS/system32/SET216.tmp",,,application/octet-stream,tmp
SET217.tmp,"2009-03-08 14:34:18 EET","2009-11-10 02:38:49 EET","2009-11-11 22:02:09 EET","2008-04-14 14:00:00 EET",193536,Unallocated,Allocated,unknown,"/img_jo-2009-11-16.E01/vol_vol2/WINDOWS/system32/SET217.tmp",,,application/x-msdownload,tmp
SET219.tmp,"2009-03-08 14:32:04 EET","2009-11-10 02:38:49 EET","2009-11-11 22:02:10 EET","2008-04-14 14:00:00 EET",611840,Unallocated,Allocated,unknown,"/img_jo-2009-11-16.E01/vol_vol2/WINDOWS/system32/SET219.tmp",,,application/x-msdownload,tmp
SET21A.tmp,"0000-00-00 00:00:00","0000-00-00 00:00:00","0000-00-00 00:00:00","0000-00-00 00:00:00",0,Unallocated,,unknown,"/img_jo-2009-11-16.E01/vol_vol2/WINDOWS/system32/SET21A.tmp",,,application/octet-stream,tmp
SET21B.tmp,"2009-03-08 14:31:36 EET","2009-11-10 02:38:49 EET","2009-11-13 03:46:22 EET","2008-04-14 14:00:00 EET",46592,Unallocated,Allocated,unknown,"/img_jo-2009-11-16.E01/vol_vol2/WINDOWS/system32/SET21B.tmp",,,application/x-msdownload,tmp
SET21C.tmp,"2009-03-08 14:30:56 EET","2009-11-10 02:38:49 EET","2009-11-11 22:09:02 EET","2008-04-14 14:00:00 EET",66560,Unallocated,Allocated,unknown,"/img_jo-2009-11-16.E01/vol_vol2/WINDOWS/system32/SET21C.tmp",,,application/x-msdownload,tmp
SET21E.tmp,"2009-03-08 14:34:28 EET","2009-11-17 02:21:11 EET","2009-11-13 06:48:59 EET","2008-04-14 14:00:00 EET",105984,Unallocated,Allocated,unknown,"/img_jo-2009-11-16.E01/vol_vol2/WINDOWS/system32/SET21E.tmp",,,application/x-msdownload,tmp
SET21F.tmp,"0000-00-00 00:00:00","0000-00-00 00:00:00","0000-00-00 00:00:00","0000-00-00 00:00:00",0,Unallocated,,unknown,"/img_jo-2009-11-16.E01/vol_vol2/WINDOWS/system32/SET21F.tmp",,,application/octet-stream,tmp
SET220.tmp,"2009-03-08 14:33:06 EET","2009-11-10 02:38:49 EET","2009-11-16 20:47:23 EET","2008-04-14 14:00:00 EET",420352,Unallocated,Allocated,unknown,"/img_jo-2009-11-16.E01/vol_vol2/WINDOWS/system32/SET220.tmp",,,application/x-msdownload,tmp
SET221.tmp,"2009-03-08 14:34:48 EET","2009-11-10 02:38:50 EET","2009-11-13 06:48:43 EET","2008-04-14 14:00:00 EET",236544,Unallocated,Allocated,unknown,"/img_jo-2009-11-16.E01/vol_vol2/WINDOWS/system32/SET221.tmp",,,application/x-msdownload,tmp
SET223.tmp,"0000-00-00 00:00:00","0000-00-00 00:00:00","0000-00-00 00:00:00","0000-00-00 00:00:00",0,Unallocated,,unknown,"/img_jo-2009-11-16.E01/vol_vol2/WINDOWS/system32/SET223.tmp",,,application/octet-stream,tmp
SET247.tmp,"2009-08-29 10:08:21 EET","2009-11-11 22:02:41 EET","2009-11-17 02:21:10 EET","2008-04-14 14:00:00 EET",916480,Unallocated,Allocated,unknown,"/img_jo-2009-11-16.E01/vol_vol2/WINDOWS/system32/SET247.tmp",,,application/x-msdownload,tmp
SET2B7.tmp,"0000-00-00 00:00:00","0000-00-00 00:00:00","0000-00-00 00:00:00","0000-00-00 00:00:00",0,Unallocated,,unknown,"/img_jo-2009-11-16.E01/vol_vol2/WINDOWS/system32/SET2B7.tmp",,,application/octet-stream,tmp
SET2C7.tmp,"0000-00-00 00:00:00","0000-00-00 00:00:00","0000-00-00 00:00:00","0000-00-00 00:00:00",0,Unallocated,,unknown,"/img_jo-2009-11-16.E01/vol_vol2/WINDOWS/system32/SET2C7.tmp",,,application/octet-stream,tmp
SETF6.tmp,"0000-00-00 00:00:00","0000-00-00 00:00:00","0000-00-00 00:00:00","0000-00-00 00:00:00",0,Unallocated,,unknown,"/img_jo-2009-11-16.E01/vol_vol2/WINDOWS/system32/SETF6.tmp",,,application/octet-stream,tmp
"084b7a32-affc-48d0-9260-2addff96c788.tmp","0000-00-00 00:00:00","0000-00-00 00:00:00","0000-00-00 00:00:00","0000-00-00 00:00:00",0,Unallocated,,unknown,"/img_jo-2009-11-16.E01/vol_vol2/WINDOWS/Temp/084b7a32-affc-48d0-9260-2addff96c788.tmp",,,application/octet-stream,tmp
"5e867fb2-7020-4663-90f1-05556ef70e21.tmp","0000-00-00 00:00:00","0000-00-00 00:00:00","0000-00-00 00:00:00","0000-00-00 00:00:00",0,Unallocated,,unknown,"/img_jo-2009-11-16.E01/vol_vol2/WINDOWS/Temp/5e867fb2-7020-4663-90f1-05556ef70e21.tmp",,,application/octet-stream,tmp
"6142e035-dd5a-45a4-83ce-e899b547939b.tmp","0000-00-00 00:00:00","0000-00-00 00:00:00","0000-00-00 00:00:00","0000-00-00 00:00:00",0,Unallocated,,unknown,"/img_jo-2009-11-16.E01/vol_vol2/WINDOWS/Temp/6142e035-dd5a-45a4-83ce-e899b547939b.tmp",,,application/octet-stream,tmp
"705fa3d2-be3f-4fc1-88df-7fa2a413560c.tmp","0000-00-00 00:00:00","0000-00-00 00:00:00","0000-00-00 00:00:00","0000-00-00 00:00:00",0,Unallocated,,unknown,"/img_jo-2009-11-16.E01/vol_vol2/WINDOWS/Temp/705fa3d2-be3f-4fc1-88df-7fa2a413560c.tmp",,,application/octet-stream,tmp
"7574f338-93b2-43c7-b615-66583e0f0418.tmp","0000-00-00 00:00:00","0000-00-00 00:00:00","0000-00-00 00:00:00","0000-00-00 00:00:00",0,Unallocated,,unknown,"/img_jo-2009-11-16.E01/vol_vol2/WINDOWS/Temp/7574f338-93b2-43c7-b615-66583e0f0418.tmp",,,application/octet-stream,tmp
"75e161ca-4078-4738-a86d-d4ad642b070f.tmp","0000-00-00 00:00:00","0000-00-00 00:00:00","0000-00-00 00:00:00","0000-00-00 00:00:00",0,Unallocated,,unknown,"/img_jo-2009-11-16.E01/vol_vol2/WINDOWS/Temp/75e161ca-4078-4738-a86d-d4ad642b070f.tmp",,,application/octet-stream,tmp
"794c83fc-a424-4bae-8f22-f64660a3153c.tmp","0000-00-00 00:00:00","0000-00-00 00:00:00","0000-00-00 00:00:00","0000-00-00 00:00:00",0,Unallocated,,unknown,"/img_jo-2009-11-16.E01/vol_vol2/WINDOWS/Temp/794c83fc-a424-4bae-8f22-f64660a3153c.tmp",,,application/octet-stream,tmp
"b2e682b1-0c77-45ad-9e6c-131a008e9425.tmp","0000-00-00 00:00:00","0000-00-00 00:00:00","0000-00-00 00:00:00","0000-00-00 00:00:00",0,Unallocated,,unknown,"/img_jo-2009-11-16.E01/vol_vol2/WINDOWS/Temp/b2e682b1-0c77-45ad-9e6c-131a008e9425.tmp",,,application/octet-stream,tmp
"c138711a-9860-4f7c-95bc-22cf9a74219a.tmp","0000-00-00 00:00:00","0000-00-00 00:00:00","0000-00-00 00:00:00","0000-00-00 00:00:00",0,Unallocated,,unknown,"/img_jo-2009-11-16.E01/vol_vol2/WINDOWS/Temp/c138711a-9860-4f7c-95bc-22cf9a74219a.tmp",,,application/octet-stream,tmp
"d45c1f33-938d-445f-b85a-1fc4ab63268c.tmp","0000-00-00 00:00:00","0000-00-00 00:00:00","0000-00-00 00:00:00","0000-00-00 00:00:00",0,Unallocated,,unknown,"/img_jo-2009-11-16.E01/vol_vol2/WINDOWS/Temp/d45c1f33-938d-445f-b85a-1fc4ab63268c.tmp",,,application/octet-stream,tmp
"e21cce48-152d-47b6-b35e-ac45df0efa7d.tmp","0000-00-00 00:00:00","0000-00-00 00:00:00","0000-00-00 00:00:00","0000-00-00 00:00:00",0,Unallocated,,unknown,"/img_jo-2009-11-16.E01/vol_vol2/WINDOWS/Temp/e21cce48-152d-47b6-b35e-ac45df0efa7d.tmp",,,application/octet-stream,tmp
"e94b71ca-4f42-4502-bdfc-da9d3015fb38.tmp","0000-00-00 00:00:00","0000-00-00 00:00:00","0000-00-00 00:00:00","0000-00-00 00:00:00",0,Unallocated,,unknown,"/img_jo-2009-11-16.E01/vol_vol2/WINDOWS/Temp/e94b71ca-4f42-4502-bdfc-da9d3015fb38.tmp",,,application/octet-stream,tmp
"f191a4c5-c644-4555-8ec4-72ae95bca306.tmp","0000-00-00 00:00:00","0000-00-00 00:00:00","0000-00-00 00:00:00","0000-00-00 00:00:00",0,Unallocated,,unknown,"/img_jo-2009-11-16.E01/vol_vol2/WINDOWS/Temp/f191a4c5-c644-4555-8ec4-72ae95bca306.tmp",,,application/octet-stream,tmp
"f2d38d79-d901-4496-a091-85807b799e01.tmp","0000-00-00 00:00:00","0000-00-00 00:00:00","0000-00-00 00:00:00","0000-00-00 00:00:00",0,Unallocated,,unknown,"/img_jo-2009-11-16.E01/vol_vol2/WINDOWS/Temp/f2d38d79-d901-4496-a091-85807b799e01.tmp",,,application/octet-stream,tmp
"0e69c5d6-eac4-4ec9-8f19-d9b18bc9dea7.tmp","0000-00-00 00:00:00","0000-00-00 00:00:00","0000-00-00 00:00:00","0000-00-00 00:00:00",0,Unallocated,,unknown,"/img_jo-2009-11-16.E01/vol_vol2/WINDOWS/Temp/0e69c5d6-eac4-4ec9-8f19-d9b18bc9dea7.tmp",,,application/octet-stream,tmp
"0e92c756-d4cc-4ecb-abe1-ee2af9f2073b","0000-00-00 00:00:00","0000-00-00 00:00:00","0000-00-00 00:00:00","0000-00-00 00:00:00",0,Unallocated,,unknown,"/img_jo-2009-11-16.E01/vol_vol2/WINDOWS/Temp/0e92c756-d4cc-4ecb-abe1-ee2af9f2073b",,,application/octet-stream,
"0f10720b-3355-4cc2-bf5e-ae6389b41151.tmp","0000-00-00 00:00:00","0000-00-00 00:00:00","0000-00-00 00:00:00","0000-00-00 00:00:00",0,Unallocated,,unknown,"/img_jo-2009-11-16.E01/vol_vol2/WINDOWS/Temp/0f10720b-3355-4cc2-bf5e-ae6389b41151.tmp",,,application/octet-stream,tmp
"16cf78f4-4961-45c0-8971-5e5a4c33f638.tmp","0000-00-00 00:00:00","0000-00-00 00:00:00","0000-00-00 00:00:00","0000-00-00 00:00:00",0,Unallocated,,unknown,"/img_jo-2009-11-16.E01/vol_vol2/WINDOWS/Temp/16cf78f4-4961-45c0-8971-5e5a4c33f638.tmp",,,application/octet-stream,tmp
"16eb25f9-e327-4755-8fa1-55f0eeb29af9.tmp","0000-00-00 00:00:00","0000-00-00 00:00:00","0000-00-00 00:00:00","0000-00-00 00:00:00",0,Unallocated,,unknown,"/img_jo-2009-11-16.E01/vol_vol2/WINDOWS/Temp/16eb25f9-e327-4755-8fa1-55f0eeb29af9.tmp",,,application/octet-stream,tmp
"6e329bf0-31e2-415c-b4bd-a0737b0ccbe6","0000-00-00 00:00:00","0000-00-00 00:00:00","0000-00-00 00:00:00","0000-00-00 00:00:00",0,Unallocated,,unknown,"/img_jo-2009-11-16.E01/vol_vol2/WINDOWS/Temp/6e329bf0-31e2-415c-b4bd-a0737b0ccbe6",,,application/octet-stream,
"6ee51b96-fdb3-422f-8c39-173eb6f8e6ef.tmp","0000-00-00 00:00:00","0000-00-00 00:00:00","0000-00-00 00:00:00","0000-00-00 00:00:00",0,Unallocated,,unknown,"/img_jo-2009-11-16.E01/vol_vol2/WINDOWS/Temp/6ee51b96-fdb3-422f-8c39-173eb6f8e6ef.tmp",,,application/octet-stream,tmp
"71113b8d-543a-459f-9455-ded0853b4f5e.tmp","0000-00-00 00:00:00","0000-00-00 00:00:00","0000-00-00 00:00:00","0000-00-00 00:00:00",0,Unallocated,,unknown,"/img_jo-2009-11-16.E01/vol_vol2/WINDOWS/Temp/71113b8d-543a-459f-9455-ded0853b4f5e.tmp",,,application/octet-stream,tmp
"ce792974-320c-41da-83ca-63baff4854e8.tmp","0000-00-00 00:00:00","0000-00-00 00:00:00","0000-00-00 00:00:00","0000-00-00 00:00:00",0,Unallocated,,unknown,"/img_jo-2009-11-16.E01/vol_vol2/WINDOWS/Temp/ce792974-320c-41da-83ca-63baff4854e8.tmp",,,application/octet-stream,tmp
"27a38b2a-f592-40a4-8d74-49daa8ae79f5.tmp","0000-00-00 00:00:00","0000-00-00 00:00:00","0000-00-00 00:00:00","0000-00-00 00:00:00",0,Unallocated,,unknown,"/img_jo-2009-11-16.E01/vol_vol2/WINDOWS/Temp/27a38b2a-f592-40a4-8d74-49daa8ae79f5.tmp",,,application/octet-stream,tmp
"36c32b7a-ebaa-49a9-a2f6-b10e3a1eab03","0000-00-00 00:00:00","0000-00-00 00:00:00","0000-00-00 00:00:00","0000-00-00 00:00:00",0,Unallocated,,unknown,"/img_jo-2009-11-16.E01/vol_vol2/WINDOWS/Temp/36c32b7a-ebaa-49a9-a2f6-b10e3a1eab03",,,application/octet-stream,
"879dec3a-cd0c-478f-92ba-5b1930631511.tmp","0000-00-00 00:00:00","0000-00-00 00:00:00","0000-00-00 00:00:00","0000-00-00 00:00:00",0,Unallocated,,unknown,"/img_jo-2009-11-16.E01/vol_vol2/WINDOWS/Temp/879dec3a-cd0c-478f-92ba-5b1930631511.tmp",,,application/octet-stream,tmp
"8b16319d-4ecd-4fbe-be43-d1c252eaf936.tmp","0000-00-00 00:00:00","0000-00-00 00:00:00","0000-00-00 00:00:00","0000-00-00 00:00:00",0,Unallocated,,unknown,"/img_jo-2009-11-16.E01/vol_vol2/WINDOWS/Temp/8b16319d-4ecd-4fbe-be43-d1c252eaf936.tmp",,,application/octet-stream,tmp
"4fb2e719-43f5-4f73-8c54-7596d89295e9.tmp","0000-00-00 00:00:00","0000-00-00 00:00:00","0000-00-00 00:00:00","0000-00-00 00:00:00",0,Unallocated,,unknown,"/img_jo-2009-11-16.E01/vol_vol2/WINDOWS/Temp/4fb2e719-43f5-4f73-8c54-7596d89295e9.tmp",,,application/octet-stream,tmp
"99bf60b4-be7a-4a20-9eb9-d899a9754895.tmp","0000-00-00 00:00:00","0000-00-00 00:00:00","0000-00-00 00:00:00","0000-00-00 00:00:00",0,Unallocated,,unknown,"/img_jo-2009-11-16.E01/vol_vol2/WINDOWS/Temp/99bf60b4-be7a-4a20-9eb9-d899a9754895.tmp",,,application/octet-stream,tmp
"a1d7ba2f-6247-4e85-afaf-2595c0f98fc1.tmp","0000-00-00 00:00:00","0000-00-00 00:00:00","0000-00-00 00:00:00","0000-00-00 00:00:00",0,Unallocated,,unknown,"/img_jo-2009-11-16.E01/vol_vol2/WINDOWS/Temp/a1d7ba2f-6247-4e85-afaf-2595c0f98fc1.tmp",,,application/octet-stream,tmp
"eeacd0ba-afa6-4f75-afd3-6270c3428ad5.tmp","0000-00-00 00:00:00","0000-00-00 00:00:00","0000-00-00 00:00:00","0000-00-00 00:00:00",0,Unallocated,,unknown,"/img_jo-2009-11-16.E01/vol_vol2/WINDOWS/Temp/eeacd0ba-afa6-4f75-afd3-6270c3428ad5.tmp",,,application/octet-stream,tmp
"ee4791a9-ae28-4f87-858a-310d32047e30.tmp","0000-00-00 00:00:00","0000-00-00 00:00:00","0000-00-00 00:00:00","0000-00-00 00:00:00",0,Unallocated,,unknown,"/img_jo-2009-11-16.E01/vol_vol2/WINDOWS/Temp/ee4791a9-ae28-4f87-858a-310d32047e30.tmp",,,application/octet-stream,tmp
"f10f1883-9e6d-4cba-8167-f8ae4194e0e2.tmp","0000-00-00 00:00:00","0000-00-00 00:00:00","0000-00-00 00:00:00","0000-00-00 00:00:00",0,Unallocated,,unknown,"/img_jo-2009-11-16.E01/vol_vol2/WINDOWS/Temp/f10f1883-9e6d-4cba-8167-f8ae4194e0e2.tmp",,,application/octet-stream,tmp
"fff0bd66-6fb7-47b2-b141-d964fdf478a4.tmp","0000-00-00 00:00:00","0000-00-00 00:00:00","0000-00-00 00:00:00","0000-00-00 00:00:00",0,Unallocated,,unknown,"/img_jo-2009-11-16.E01/vol_vol2/WINDOWS/Temp/fff0bd66-6fb7-47b2-b141-d964fdf478a4.tmp",,,application/octet-stream,tmp
Perflib_Perfdata_568.dat,"0000-00-00 00:00:00","0000-00-00 00:00:00","0000-00-00 00:00:00","0000-00-00 00:00:00",0,Unallocated,,unknown,"/img_jo-2009-11-16.E01/vol_vol2/WINDOWS/Temp/Perflib_Perfdata_568.dat",,,application/octet-stream,dat
"32ede7e4-e005-4401-8274-689e776c4118.tmp","0000-00-00 00:00:00","0000-00-00 00:00:00","0000-00-00 00:00:00","0000-00-00 00:00:00",0,Unallocated,,unknown,"/img_jo-2009-11-16.E01/vol_vol2/WINDOWS/Temp/32ede7e4-e005-4401-8274-689e776c4118.tmp",,,application/octet-stream,tmp
"3d895a38-5ca6-468d-847a-f98675d36cf6.tmp","0000-00-00 00:00:00","0000-00-00 00:00:00","0000-00-00 00:00:00","0000-00-00 00:00:00",0,Unallocated,,unknown,"/img_jo-2009-11-16.E01/vol_vol2/WINDOWS/Temp/3d895a38-5ca6-468d-847a-f98675d36cf6.tmp",,,application/octet-stream,tmp
"7292141b-d3f7-42d6-bb28-ffd5b59b475d.tmp","0000-00-00 00:00:00","0000-00-00 00:00:00","0000-00-00 00:00:00","0000-00-00 00:00:00",0,Unallocated,,unknown,"/img_jo-2009-11-16.E01/vol_vol2/WINDOWS/Temp/7292141b-d3f7-42d6-bb28-ffd5b59b475d.tmp",,,application/octet-stream,tmp
"915c573e-31d4-4a59-abc5-b4dbbb8e6fb0.tmp","0000-00-00 00:00:00","0000-00-00 00:00:00","0000-00-00 00:00:00","0000-00-00 00:00:00",0,Unallocated,,unknown,"/img_jo-2009-11-16.E01/vol_vol2/WINDOWS/Temp/915c573e-31d4-4a59-abc5-b4dbbb8e6fb0.tmp",,,application/octet-stream,tmp
"aa1d0bdf-3a95-4182-94fe-94477ddaf870.tmp","0000-00-00 00:00:00","0000-00-00 00:00:00","0000-00-00 00:00:00","0000-00-00 00:00:00",0,Unallocated,,unknown,"/img_jo-2009-11-16.E01/vol_vol2/WINDOWS/Temp/aa1d0bdf-3a95-4182-94fe-94477ddaf870.tmp",,,application/octet-stream,tmp
"87e78ac8-4cfb-491e-b9a6-cff45a97c110.tmp","2009-11-17 02:07:26 EET","2009-11-17 02:07:26 EET","2009-11-17 02:07:26 EET","2009-11-17 02:03:30 EET",0,Unallocated,Unallocated,unknown,"/img_jo-2009-11-16.E01/vol_vol2/WINDOWS/Temp/87e78ac8-4cfb-491e-b9a6-cff45a97c110.tmp",,,application/octet-stream,tmp
"65ea2d5d-9684-4d98-8415-14f563d8712a.tmp","2009-11-17 02:07:24 EET","2009-11-17 02:07:24 EET","2009-11-17 02:07:24 EET","2009-11-17 02:02:51 EET",0,Unallocated,Unallocated,unknown,"/img_jo-2009-11-16.E01/vol_vol2/WINDOWS/Temp/65ea2d5d-9684-4d98-8415-14f563d8712a.tmp",,,application/octet-stream,tmp
"e9be15f8-485e-4dac-a88c-c813e449bedd.tmp","2009-11-17 02:07:26 EET","2009-11-17 02:07:26 EET","2009-11-17 02:07:26 EET","2009-11-17 02:07:25 EET",0,Unallocated,Unallocated,unknown,"/img_jo-2009-11-16.E01/vol_vol2/WINDOWS/Temp/e9be15f8-485e-4dac-a88c-c813e449bedd.tmp",,,application/octet-stream,tmp
"eeacd0ba-afa6-4f75-afd3-6270c3428ad5.tmp","2009-11-17 02:07:25 EET","2009-11-17 02:07:25 EET","2009-11-17 02:07:25 EET","2009-11-17 02:07:25 EET",0,Unallocated,Unallocated,unknown,"/img_jo-2009-11-16.E01/vol_vol2/WINDOWS/Temp/eeacd0ba-afa6-4f75-afd3-6270c3428ad5.tmp",,,application/octet-stream,tmp
"x86_policy.8.0.Microsoft.VC80.MFCLOC_1fc8b3b9a1e18e3b_x-ww_caeee150","0000-00-00 00:00:00","0000-00-00 00:00:00","0000-00-00 00:00:00","0000-00-00 00:00:00",0,Unallocated,,unknown,"/img_jo-2009-11-16.E01/vol_vol2/WINDOWS/WinSxS/Policies/x86_policy.8.0.Microsoft.VC80.MFCLOC_1fc8b3b9a1e18e3b_x-ww_caeee150",,,application/octet-stream,
serife.fon,"0000-00-00 00:00:00","0000-00-00 00:00:00","0000-00-00 00:00:00","0000-00-00 00:00:00",0,Unallocated,,unknown,"/img_jo-2009-11-16.E01/vol_vol2/WINDOWS/Fonts/serife.fon",,,application/octet-stream,fon
vga863.fon,"0000-00-00 00:00:00","0000-00-00 00:00:00","0000-00-00 00:00:00","0000-00-00 00:00:00",0,Unallocated,,unknown,"/img_jo-2009-11-16.E01/vol_vol2/WINDOWS/Fonts/vga863.fon",,,application/octet-stream,fon
agt041d.hlp,"0000-00-00 00:00:00","0000-00-00 00:00:00","0000-00-00 00:00:00","0000-00-00 00:00:00",0,Unallocated,,unknown,"/img_jo-2009-11-16.E01/vol_vol2/WINDOWS/Help/agt041d.hlp",,,application/octet-stream,hlp
img136.jpg,"0000-00-00 00:00:00","0000-00-00 00:00:00","0000-00-00 00:00:00","0000-00-00 00:00:00",0,Unallocated,,unknown,"/img_jo-2009-11-16.E01/vol_vol2/WINDOWS/Help/Tours/htmlTour/img136.jpg",,,application/octet-stream,jpg
nav_safe_easy.gif,"0000-00-00 00:00:00","0000-00-00 00:00:00","0000-00-00 00:00:00","0000-00-00 00:00:00",0,Unallocated,,unknown,"/img_jo-2009-11-16.E01/vol_vol2/WINDOWS/Help/Tours/htmlTour/nav_safe_easy.gif",,,application/octet-stream,gif
ieakmmc.chm,"0000-00-00 00:00:00","0000-00-00 00:00:00","0000-00-00 00:00:00","0000-00-00 00:00:00",0,Unallocated,,unknown,"/img_jo-2009-11-16.E01/vol_vol2/WINDOWS/Help/ieakmmc.chm",,,application/octet-stream,chm
ieeula.chm,"0000-00-00 00:00:00","0000-00-00 00:00:00","0000-00-00 00:00:00","0000-00-00 00:00:00",0,Unallocated,,unknown,"/img_jo-2009-11-16.E01/vol_vol2/WINDOWS/Help/ieeula.chm",,,application/octet-stream,chm
iesupp.chm,"0000-00-00 00:00:00","0000-00-00 00:00:00","0000-00-00 00:00:00","0000-00-00 00:00:00",0,Unallocated,,unknown,"/img_jo-2009-11-16.E01/vol_vol2/WINDOWS/Help/iesupp.chm",,,application/octet-stream,chm
osk.chm,"0000-00-00 00:00:00","0000-00-00 00:00:00","0000-00-00 00:00:00","0000-00-00 00:00:00",0,Unallocated,,unknown,"/img_jo-2009-11-16.E01/vol_vol2/WINDOWS/Help/osk.chm",,,application/octet-stream,chm
"wuauhelp.chm.wusetup.4068609.bak","0000-00-00 00:00:00","0000-00-00 00:00:00","0000-00-00 00:00:00","0000-00-00 00:00:00",0,Unallocated,,unknown,"/img_jo-2009-11-16.E01/vol_vol2/WINDOWS/Help/wuauhelp.chm.wusetup.4068609.bak",,,application/octet-stream,bak
appmig.inf,"0000-00-00 00:00:00","0000-00-00 00:00:00","0000-00-00 00:00:00","0000-00-00 00:00:00",0,Unallocated,,unknown,"/img_jo-2009-11-16.E01/vol_vol2/WINDOWS/inf/appmig.inf",,,application/octet-stream,inf
cyyport.PNF,"0000-00-00 00:00:00","0000-00-00 00:00:00","0000-00-00 00:00:00","0000-00-00 00:00:00",0,Unallocated,,unknown,"/img_jo-2009-11-16.E01/vol_vol2/WINDOWS/inf/cyyport.PNF",,,application/octet-stream,pnf
ieaccess.inf,"0000-00-00 00:00:00","0000-00-00 00:00:00","0000-00-00 00:00:00","0000-00-00 00:00:00",0,Unallocated,,unknown,"/img_jo-2009-11-16.E01/vol_vol2/WINDOWS/inf/ieaccess.inf",,,application/octet-stream,inf
INFCACHE.1,"0000-00-00 00:00:00","0000-00-00 00:00:00","0000-00-00 00:00:00","0000-00-00 00:00:00",0,Unallocated,,unknown,"/img_jo-2009-11-16.E01/vol_vol2/WINDOWS/inf/INFCACHE.1",,,application/octet-stream,1
mdmmod.PNF,"0000-00-00 00:00:00","0000-00-00 00:00:00","0000-00-00 00:00:00","0000-00-00 00:00:00",0,Unallocated,,unknown,"/img_jo-2009-11-16.E01/vol_vol2/WINDOWS/inf/mdmmod.PNF",,,application/octet-stream,pnf
netpsa.PNF,"0000-00-00 00:00:00","0000-00-00 00:00:00","0000-00-00 00:00:00","0000-00-00 00:00:00",0,Unallocated,,unknown,"/img_jo-2009-11-16.E01/vol_vol2/WINDOWS/inf/netpsa.PNF",,,application/octet-stream,pnf
shl_img.PNF,"0000-00-00 00:00:00","0000-00-00 00:00:00","0000-00-00 00:00:00","0000-00-00 00:00:00",0,Unallocated,,unknown,"/img_jo-2009-11-16.E01/vol_vol2/WINDOWS/inf/shl_img.PNF",,,application/octet-stream,pnf
slip.inf,"0000-00-00 00:00:00","0000-00-00 00:00:00","0000-00-00 00:00:00","0000-00-00 00:00:00",0,Unallocated,,unknown,"/img_jo-2009-11-16.E01/vol_vol2/WINDOWS/inf/slip.inf",,,application/octet-stream,inf
wdma_rip.inf,"0000-00-00 00:00:00","0000-00-00 00:00:00","0000-00-00 00:00:00","0000-00-00 00:00:00",0,Unallocated,,unknown,"/img_jo-2009-11-16.E01/vol_vol2/WINDOWS/inf/wdma_rip.inf",,,application/octet-stream,inf
wtv3.inf,"0000-00-00 00:00:00","0000-00-00 00:00:00","0000-00-00 00:00:00","0000-00-00 00:00:00",0,Unallocated,,unknown,"/img_jo-2009-11-16.E01/vol_vol2/WINDOWS/inf/wtv3.inf",,,application/octet-stream,inf
wuau.adm,"0000-00-00 00:00:00","0000-00-00 00:00:00","0000-00-00 00:00:00","0000-00-00 00:00:00",0,Unallocated,,unknown,"/img_jo-2009-11-16.E01/vol_vol2/WINDOWS/inf/wuau.adm",,,application/octet-stream,adm
gameport.PNF,"0000-00-00 00:00:00","0000-00-00 00:00:00","0000-00-00 00:00:00","0000-00-00 00:00:00",0,Unallocated,,unknown,"/img_jo-2009-11-16.E01/vol_vol2/WINDOWS/inf/gameport.PNF",,,application/octet-stream,pnf
xscan_xp.PNF,"0000-00-00 00:00:00","0000-00-00 00:00:00","0000-00-00 00:00:00","0000-00-00 00:00:00",0,Unallocated,,unknown,"/img_jo-2009-11-16.E01/vol_vol2/WINDOWS/inf/xscan_xp.PNF",,,application/octet-stream,pnf
input.PNF,"0000-00-00 00:00:00","0000-00-00 00:00:00","0000-00-00 00:00:00","0000-00-00 00:00:00",0,Unallocated,,unknown,"/img_jo-2009-11-16.E01/vol_vol2/WINDOWS/inf/input.PNF",,,application/octet-stream,pnf
OneX_v1.xsd,"0000-00-00 00:00:00","0000-00-00 00:00:00","0000-00-00 00:00:00","0000-00-00 00:00:00",0,Unallocated,,unknown,"/img_jo-2009-11-16.E01/vol_vol2/WINDOWS/L2Schemas/OneX_v1.xsd",,,application/octet-stream,xsd
LastGood,"0000-00-00 00:00:00","0000-00-00 00:00:00","0000-00-00 00:00:00","0000-00-00 00:00:00",0,Unallocated,,unknown,"/img_jo-2009-11-16.E01/vol_vol2/WINDOWS/LastGood",,,application/octet-stream,
_default.pif,"0000-00-00 00:00:00","0000-00-00 00:00:00","0000-00-00 00:00:00","0000-00-00 00:00:00",0,Unallocated,,unknown,"/img_jo-2009-11-16.E01/vol_vol2/WINDOWS/_default.pif",,,application/octet-stream,pif
KB957097.log,"0000-00-00 00:00:00","0000-00-00 00:00:00","0000-00-00 00:00:00","0000-00-00 00:00:00",0,Unallocated,,unknown,"/img_jo-2009-11-16.E01/vol_vol2/WINDOWS/KB957097.log",,,application/octet-stream,log
KB959426.log,"0000-00-00 00:00:00","0000-00-00 00:00:00","0000-00-00 00:00:00","0000-00-00 00:00:00",0,Unallocated,,unknown,"/img_jo-2009-11-16.E01/vol_vol2/WINDOWS/KB959426.log",,,application/octet-stream,log
msmqinst.log,"0000-00-00 00:00:00","0000-00-00 00:00:00","0000-00-00 00:00:00","0000-00-00 00:00:00",0,Unallocated,,unknown,"/img_jo-2009-11-16.E01/vol_vol2/WINDOWS/msmqinst.log",,,application/octet-stream,log
appstart.ani,"0000-00-00 00:00:00","0000-00-00 00:00:00","0000-00-00 00:00:00","0000-00-00 00:00:00",0,Unallocated,,unknown,"/img_jo-2009-11-16.E01/vol_vol2/WINDOWS/Cursors/appstart.ani",,,application/octet-stream,ani
cross_il.cur,"0000-00-00 00:00:00","0000-00-00 00:00:00","0000-00-00 00:00:00","0000-00-00 00:00:00",0,Unallocated,,unknown,"/img_jo-2009-11-16.E01/vol_vol2/WINDOWS/Cursors/cross_il.cur",,,application/octet-stream,cur
igfxdo.dll,"0000-00-00 00:00:00","0000-00-00 00:00:00","0000-00-00 00:00:00","0000-00-00 00:00:00",0,Unallocated,,unknown,"/img_jo-2009-11-16.E01/vol_vol2/WINDOWS/Drivers/Intel/Graphics/win2000/igfxdo.dll",,,application/octet-stream,dll
sysmain.sdb,"0000-00-00 00:00:00","0000-00-00 00:00:00","0000-00-00 00:00:00","0000-00-00 00:00:00",0,Unallocated,,unknown,"/img_jo-2009-11-16.E01/vol_vol2/WINDOWS/AppPatch/sysmain.sdb",,,application/octet-stream,sdb
KB971486.log,"0000-00-00 00:00:00","0000-00-00 00:00:00","0000-00-00 00:00:00","0000-00-00 00:00:00",0,Unallocated,,unknown,"/img_jo-2009-11-16.E01/vol_vol2/WINDOWS/KB971486.log",,,application/octet-stream,log
