Source,Type,Path,"Created Date"
"/img_jo-2009-11-16.E01/vol_vol2/Documents and Settings/Administrator/Application Data/OpenOffice.org/3/user/gallery/sg100.sdv",File,"/img_jo-2009-11-16.E01/vol_vol2/Documents and Settings/Administrator/Application Data/OpenOffice.org/3/user/gallery/sg100.sdv","2009-11-10 02:58:21 EET"
"/img_jo-2009-11-16.E01/vol_vol2/Documents and Settings/Administrator/Application Data/OpenOffice.org/3/user/gallery/sg30.sdv",File,"/img_jo-2009-11-16.E01/vol_vol2/Documents and Settings/Administrator/Application Data/OpenOffice.org/3/user/gallery/sg30.sdv","2009-11-10 02:58:21 EET"
"/img_jo-2009-11-16.E01/vol_vol2/Documents and Settings/Administrator/Application Data/OpenOffice.org/3/user/uno_packages/cache/log.txt",File,"/img_jo-2009-11-16.E01/vol_vol2/Documents and Settings/Administrator/Application Data/OpenOffice.org/3/user/uno_packages/cache/log.txt","2009-11-10 03:24:34 EET"
"/img_jo-2009-11-16.E01/vol_vol2/Documents and Settings/Administrator/Cookies/index.dat",File,"/img_jo-2009-11-16.E01/vol_vol2/Documents and Settings/Administrator/Cookies/index.dat","2009-11-10 21:15:55 EET"
"/img_jo-2009-11-16.E01/vol_vol2/Documents and Settings/Administrator/Desktop/OpenOffice.org 3.1 (en-US) Installation Files/readmes/readme_en-US.html",File,"/img_jo-2009-11-16.E01/vol_vol2/Documents and Settings/Administrator/Desktop/OpenOffice.org 3.1 (en-US) Installation Files/readmes/readme_en-US.html","2009-11-10 02:54:04 EET"
"/img_jo-2009-11-16.E01/vol_vol2/Documents and Settings/Administrator/Desktop/OpenOffice.org 3.1 (en-US) Installation Files/readmes/readme_en-US.txt",File,"/img_jo-2009-11-16.E01/vol_vol2/Documents and Settings/Administrator/Desktop/OpenOffice.org 3.1 (en-US) Installation Files/readmes/readme_en-US.txt","2009-11-10 02:54:04 EET"
"/img_jo-2009-11-16.E01/vol_vol2/Documents and Settings/Administrator/Local Settings/Application Data/Microsoft/Feeds/FeedsStore.feedsdb-ms",File,"/img_jo-2009-11-16.E01/vol_vol2/Documents and Settings/Administrator/Local Settings/Application Data/Microsoft/Feeds/FeedsStore.feedsdb-ms","2009-11-10 03:08:53 EET"
"/img_jo-2009-11-16.E01/vol_vol2/Documents and Settings/Administrator/Local Settings/Application Data/Microsoft/Internet Explorer/Recovery/Active/RecoveryStore.{460326F8-CD96-11DE-9E6C-000BDB6358A6}.dat",File,"/img_jo-2009-11-16.E01/vol_vol2/Documents and Settings/Administrator/Local Settings/Application Data/Microsoft/Internet Explorer/Recovery/Active/RecoveryStore.{460326F8-CD96-11DE-9E6C-000BDB6358A6}.dat","2009-11-10 03:20:15 EET"
"/img_jo-2009-11-16.E01/vol_vol2/Documents and Settings/Administrator/Local Settings/Application Data/Microsoft/Internet Explorer/Recovery/Active/{460326F9-CD96-11DE-9E6C-000BDB6358A6}.dat",File,"/img_jo-2009-11-16.E01/vol_vol2/Documents and Settings/Administrator/Local Settings/Application Data/Microsoft/Internet Explorer/Recovery/Active/{460326F9-CD96-11DE-9E6C-000BDB6358A6}.dat","2009-11-10 03:13:52 EET"
"/img_jo-2009-11-16.E01/vol_vol2/Documents and Settings/Administrator/Local Settings/Application Data/Microsoft/Internet Explorer/Recovery/Active/{591D1E04-CD96-11DE-9E6C-000BDB6358A6}.dat",File,"/img_jo-2009-11-16.E01/vol_vol2/Documents and Settings/Administrator/Local Settings/Application Data/Microsoft/Internet Explorer/Recovery/Active/{591D1E04-CD96-11DE-9E6C-000BDB6358A6}.dat","2009-11-10 03:20:13 EET"
"/img_jo-2009-11-16.E01/vol_vol2/Documents and Settings/Administrator/Local Settings/Temp/AVGDownloadManager/packages/12/AVGIDSAgent.exe",File,"/img_jo-2009-11-16.E01/vol_vol2/Documents and Settings/Administrator/Local Settings/Temp/AVGDownloadManager/packages/12/AVGIDSAgent.exe","2009-11-09 03:15:09 EET"
"/img_jo-2009-11-16.E01/vol_vol2/Documents and Settings/Administrator/Local Settings/Temp/AVGDownloadManager/packages/27/avgdiagex.exe",File,"/img_jo-2009-11-16.E01/vol_vol2/Documents and Settings/Administrator/Local Settings/Temp/AVGDownloadManager/packages/27/avgdiagex.exe","2009-11-09 03:15:58 EET"
"/img_jo-2009-11-16.E01/vol_vol2/Documents and Settings/Administrator/Local Settings/Temp/AVGDownloadManager/packages/5/winspamcatcher.dll",File,"/img_jo-2009-11-16.E01/vol_vol2/Documents and Settings/Administrator/Local Settings/Temp/AVGDownloadManager/packages/5/winspamcatcher.dll","2009-11-09 03:15:00 EET"
"/img_jo-2009-11-16.E01/vol_vol2/Documents and Settings/Administrator/Local Settings/Temp/AVGDownloadManager/packages/60/avg9us.chm",File,"/img_jo-2009-11-16.E01/vol_vol2/Documents and Settings/Administrator/Local Settings/Temp/AVGDownloadManager/packages/60/avg9us.chm","2009-11-09 03:16:11 EET"
"/img_jo-2009-11-16.E01/vol_vol2/Documents and Settings/Administrator/Local Settings/Temp/AVGDownloadManager/packages/60/avgas9us.chm",File,"/img_jo-2009-11-16.E01/vol_vol2/Documents and Settings/Administrator/Local Settings/Temp/AVGDownloadManager/packages/60/avgas9us.chm","2009-11-09 03:16:11 EET"
"/img_jo-2009-11-16.E01/vol_vol2/Documents and Settings/Administrator/Local Settings/Temp/AVGDownloadManager/packages/60/avgsm9us.chm",File,"/img_jo-2009-11-16.E01/vol_vol2/Documents and Settings/Administrator/Local Settings/Temp/AVGDownloadManager/packages/60/avgsm9us.chm","2009-11-09 03:16:11 EET"
"/img_jo-2009-11-16.E01/vol_vol2/Documents and Settings/Administrator/Local Settings/Temp/AVGDownloadManager/packages/60/contacts_us.html",File,"/img_jo-2009-11-16.E01/vol_vol2/Documents and Settings/Administrator/Local Settings/Temp/AVGDownloadManager/packages/60/contacts_us.html","2009-11-09 03:16:11 EET"
"/img_jo-2009-11-16.E01/vol_vol2/Documents and Settings/Administrator/Local Settings/Temp/AVGDownloadManager/packages/64/avgrsx.exe",File,"/img_jo-2009-11-16.E01/vol_vol2/Documents and Settings/Administrator/Local Settings/Temp/AVGDownloadManager/packages/64/avgrsx.exe","2009-11-09 03:15:46 EET"
"/img_jo-2009-11-16.E01/vol_vol2/Documents and Settings/Administrator/Local Settings/Temp/AVGDownloadManager/packages/65/avgssff.dll",File,"/img_jo-2009-11-16.E01/vol_vol2/Documents and Settings/Administrator/Local Settings/Temp/AVGDownloadManager/packages/65/avgssff.dll","2009-11-09 02:53:11 EET"
"/img_jo-2009-11-16.E01/vol_vol2/Documents and Settings/Administrator/Local Settings/Temp/AVGDownloadManager/packages/65/avguiadv.dll",File,"/img_jo-2009-11-16.E01/vol_vol2/Documents and Settings/Administrator/Local Settings/Temp/AVGDownloadManager/packages/65/avguiadv.dll","2009-11-09 02:53:00 EET"
"/img_jo-2009-11-16.E01/vol_vol2/Documents and Settings/Administrator/Local Settings/Temp/~DF1416.tmp",File,"/img_jo-2009-11-16.E01/vol_vol2/Documents and Settings/Administrator/Local Settings/Temp/~DF1416.tmp","2009-11-09 02:54:28 EET"
"/img_jo-2009-11-16.E01/vol_vol2/Documents and Settings/Administrator/Local Settings/Temp/~DF1E24.tmp",File,"/img_jo-2009-11-16.E01/vol_vol2/Documents and Settings/Administrator/Local Settings/Temp/~DF1E24.tmp","2009-11-09 03:01:03 EET"
"/img_jo-2009-11-16.E01/vol_vol2/Documents and Settings/Administrator/Local Settings/Temp/~DF4228.tmp",File,"/img_jo-2009-11-16.E01/vol_vol2/Documents and Settings/Administrator/Local Settings/Temp/~DF4228.tmp","2009-11-09 03:16:56 EET"
"/img_jo-2009-11-16.E01/vol_vol2/Documents and Settings/Administrator/Local Settings/Temporary Internet Files/Content.IE5/7F4YU7SD/Reporting[1].htm",File,"/img_jo-2009-11-16.E01/vol_vol2/Documents and Settings/Administrator/Local Settings/Temporary Internet Files/Content.IE5/7F4YU7SD/Reporting[1].htm","2009-11-09 03:35:19 EET"
"/img_jo-2009-11-16.E01/vol_vol2/Documents and Settings/Administrator/Local Settings/Temporary Internet Files/Content.IE5/7F4YU7SD/footer[1].htm",File,"/img_jo-2009-11-16.E01/vol_vol2/Documents and Settings/Administrator/Local Settings/Temporary Internet Files/Content.IE5/7F4YU7SD/footer[1].htm","2009-11-10 03:14:14 EET"
"/img_jo-2009-11-16.E01/vol_vol2/Documents and Settings/Administrator/Local Settings/Temporary Internet Files/Content.IE5/7F4YU7SD/toc[1].htm",File,"/img_jo-2009-11-16.E01/vol_vol2/Documents and Settings/Administrator/Local Settings/Temporary Internet Files/Content.IE5/7F4YU7SD/toc[1].htm","2009-11-10 03:14:14 EET"
"/img_jo-2009-11-16.E01/vol_vol2/Documents and Settings/Administrator/Local Settings/Temporary Internet Files/Content.IE5/7F4YU7SD/mstoolbar[1].htm",File,"/img_jo-2009-11-16.E01/vol_vol2/Documents and Settings/Administrator/Local Settings/Temporary Internet Files/Content.IE5/7F4YU7SD/mstoolbar[1].htm","2009-11-10 03:14:14 EET"
"/img_jo-2009-11-16.E01/vol_vol2/Documents and Settings/Administrator/Local Settings/Temporary Internet Files/Content.IE5/EGJBGFJG/prototype[2].js",File,"/img_jo-2009-11-16.E01/vol_vol2/Documents and Settings/Administrator/Local Settings/Temporary Internet Files/Content.IE5/EGJBGFJG/prototype[2].js","2009-11-09 02:52:29 EET"
"/img_jo-2009-11-16.E01/vol_vol2/Documents and Settings/Administrator/Local Settings/Temporary Internet Files/Content.IE5/EGJBGFJG/R79733[1].EXE",File,"/img_jo-2009-11-16.E01/vol_vol2/Documents and Settings/Administrator/Local Settings/Temporary Internet Files/Content.IE5/EGJBGFJG/R79733[1].EXE","2009-11-09 03:25:16 EET"
"/img_jo-2009-11-16.E01/vol_vol2/Documents and Settings/Administrator/Local Settings/Temporary Internet Files/Content.IE5/EGJBGFJG/s_code[1].js",File,"/img_jo-2009-11-16.E01/vol_vol2/Documents and Settings/Administrator/Local Settings/Temporary Internet Files/Content.IE5/EGJBGFJG/s_code[1].js","2009-11-10 02:45:08 EET"
"/img_jo-2009-11-16.E01/vol_vol2/Documents and Settings/Administrator/Local Settings/Temporary Internet Files/Content.IE5/EGJBGFJG/InstallStatus[1].htm",File,"/img_jo-2009-11-16.E01/vol_vol2/Documents and Settings/Administrator/Local Settings/Temporary Internet Files/Content.IE5/EGJBGFJG/InstallStatus[1].htm","2009-11-10 03:20:13 EET"
"/img_jo-2009-11-16.E01/vol_vol2/Documents and Settings/Administrator/Local Settings/Temporary Internet Files/Content.IE5/EGJBGFJG/default[2].htm",File,"/img_jo-2009-11-16.E01/vol_vol2/Documents and Settings/Administrator/Local Settings/Temporary Internet Files/Content.IE5/EGJBGFJG/default[2].htm","2009-11-10 03:14:12 EET"
"/img_jo-2009-11-16.E01/vol_vol2/Documents and Settings/Administrator/Local Settings/Temporary Internet Files/Content.IE5/index.dat",File,"/img_jo-2009-11-16.E01/vol_vol2/Documents and Settings/Administrator/Local Settings/Temporary Internet Files/Content.IE5/index.dat","2009-11-10 21:15:55 EET"
"/img_jo-2009-11-16.E01/vol_vol2/Documents and Settings/Administrator/Local Settings/Temporary Internet Files/Content.IE5/N2GK2TA1/jquery-1.2.2e[1].js",File,"/img_jo-2009-11-16.E01/vol_vol2/Documents and Settings/Administrator/Local Settings/Temporary Internet Files/Content.IE5/N2GK2TA1/jquery-1.2.2e[1].js","2009-11-09 02:51:19 EET"
"/img_jo-2009-11-16.E01/vol_vol2/Documents and Settings/Administrator/Local Settings/Temporary Internet Files/Content.IE5/N2GK2TA1/s_code_dell_vh20_6[1].js",File,"/img_jo-2009-11-16.E01/vol_vol2/Documents and Settings/Administrator/Local Settings/Temporary Internet Files/Content.IE5/N2GK2TA1/s_code_dell_vh20_6[1].js","2009-11-09 02:51:20 EET"
"/img_jo-2009-11-16.E01/vol_vol2/Documents and Settings/Administrator/Local Settings/Temporary Internet Files/Content.IE5/N2GK2TA1/default[2].htm",File,"/img_jo-2009-11-16.E01/vol_vol2/Documents and Settings/Administrator/Local Settings/Temporary Internet Files/Content.IE5/N2GK2TA1/default[2].htm","2009-11-09 03:33:36 EET"
"/img_jo-2009-11-16.E01/vol_vol2/Documents and Settings/Administrator/Local Settings/Temporary Internet Files/Content.IE5/N2GK2TA1/news[1].htm",File,"/img_jo-2009-11-16.E01/vol_vol2/Documents and Settings/Administrator/Local Settings/Temporary Internet Files/Content.IE5/N2GK2TA1/news[1].htm","2009-11-10 03:14:19 EET"
"/img_jo-2009-11-16.E01/vol_vol2/Documents and Settings/Administrator/Local Settings/Temporary Internet Files/Content.IE5/N2GK2TA1/OOo_3.1.1_Win32Intel_install_wJRE_en-US[1].exe",File,"/img_jo-2009-11-16.E01/vol_vol2/Documents and Settings/Administrator/Local Settings/Temporary Internet Files/Content.IE5/N2GK2TA1/OOo_3.1.1_Win32Intel_install_wJRE_en-US[1].exe","2009-11-10 02:53:28 EET"
"/img_jo-2009-11-16.E01/vol_vol2/Documents and Settings/Administrator/Local Settings/Temporary Internet Files/Content.IE5/N2GK2TA1/windowsupdate.microsoft[1].htm",File,"/img_jo-2009-11-16.E01/vol_vol2/Documents and Settings/Administrator/Local Settings/Temporary Internet Files/Content.IE5/N2GK2TA1/windowsupdate.microsoft[1].htm","2009-11-09 03:33:33 EET"
"/img_jo-2009-11-16.E01/vol_vol2/Documents and Settings/Administrator/Local Settings/Temporary Internet Files/Content.IE5/YX6N8K1L/mstoolbar[1].htm",File,"/img_jo-2009-11-16.E01/vol_vol2/Documents and Settings/Administrator/Local Settings/Temporary Internet Files/Content.IE5/YX6N8K1L/mstoolbar[1].htm","2009-11-09 03:33:40 EET"
"/img_jo-2009-11-16.E01/vol_vol2/Documents and Settings/Administrator/Local Settings/Temporary Internet Files/Content.IE5/YX6N8K1L/osd3[1].xml",File,"/img_jo-2009-11-16.E01/vol_vol2/Documents and Settings/Administrator/Local Settings/Temporary Internet Files/Content.IE5/YX6N8K1L/osd3[1].xml","2009-11-10 02:44:59 EET"
"/img_jo-2009-11-16.E01/vol_vol2/Documents and Settings/Administrator/Local Settings/Temporary Internet Files/Content.IE5/YX6N8K1L/prototype[2].js",File,"/img_jo-2009-11-16.E01/vol_vol2/Documents and Settings/Administrator/Local Settings/Temporary Internet Files/Content.IE5/YX6N8K1L/prototype[2].js","2009-11-09 02:51:29 EET"
"/img_jo-2009-11-16.E01/vol_vol2/Documents and Settings/Administrator/Local Settings/Temporary Internet Files/Content.IE5/YX6N8K1L/resultslist[1].htm",File,"/img_jo-2009-11-16.E01/vol_vol2/Documents and Settings/Administrator/Local Settings/Temporary Internet Files/Content.IE5/YX6N8K1L/resultslist[1].htm","2009-11-09 03:39:44 EET"
"/img_jo-2009-11-16.E01/vol_vol2/Documents and Settings/Administrator/Local Settings/Temporary Internet Files/Content.IE5/YX6N8K1L/footer[1].htm",File,"/img_jo-2009-11-16.E01/vol_vol2/Documents and Settings/Administrator/Local Settings/Temporary Internet Files/Content.IE5/YX6N8K1L/footer[1].htm","2009-11-09 03:33:40 EET"
"/img_jo-2009-11-16.E01/vol_vol2/Documents and Settings/Administrator/Local Settings/Temporary Internet Files/Content.IE5/YX6N8K1L/blank[1].htm",File,"/img_jo-2009-11-16.E01/vol_vol2/Documents and Settings/Administrator/Local Settings/Temporary Internet Files/Content.IE5/YX6N8K1L/blank[1].htm","2009-11-09 03:33:41 EET"
"/img_jo-2009-11-16.E01/vol_vol2/Documents and Settings/Administrator/Local Settings/Temporary Internet Files/Content.IE5/YX6N8K1L/InstallStatus[1].htm",File,"/img_jo-2009-11-16.E01/vol_vol2/Documents and Settings/Administrator/Local Settings/Temporary Internet Files/Content.IE5/YX6N8K1L/InstallStatus[1].htm","2009-11-09 03:39:38 EET"
"/img_jo-2009-11-16.E01/vol_vol2/Documents and Settings/Administrator/Local Settings/Temporary Internet Files/Content.IE5/YX6N8K1L/default[1].htm",File,"/img_jo-2009-11-16.E01/vol_vol2/Documents and Settings/Administrator/Local Settings/Temporary Internet Files/Content.IE5/YX6N8K1L/default[1].htm","2009-11-10 03:14:13 EET"
"/img_jo-2009-11-16.E01/vol_vol2/Documents and Settings/Administrator/Local Settings/Temporary Internet Files/Content.IE5/YX6N8K1L/toc[1].htm",File,"/img_jo-2009-11-16.E01/vol_vol2/Documents and Settings/Administrator/Local Settings/Temporary Internet Files/Content.IE5/YX6N8K1L/toc[1].htm","2009-11-09 03:33:40 EET"
"/img_jo-2009-11-16.E01/vol_vol2/Documents and Settings/All Users/DRM/drmv2.lic",File,"/img_jo-2009-11-16.E01/vol_vol2/Documents and Settings/All Users/DRM/drmv2.lic","2009-11-09 02:30:09 EET"
"/img_jo-2009-11-16.E01/vol_vol2/Documents and Settings/All Users/DRM/drmv2.sst",File,"/img_jo-2009-11-16.E01/vol_vol2/Documents and Settings/All Users/DRM/drmv2.sst","2009-11-09 02:30:09 EET"
"/img_jo-2009-11-16.E01/vol_vol2/Documents and Settings/Jo/Application Data/Microsoft/Address Book/Jo.wab",File,"/img_jo-2009-11-16.E01/vol_vol2/Documents and Settings/Jo/Application Data/Microsoft/Address Book/Jo.wab","2009-11-17 02:10:19 EET"
"/img_jo-2009-11-16.E01/vol_vol2/Documents and Settings/Jo/Application Data/Microsoft/Address Book/Jo.wab~",File,"/img_jo-2009-11-16.E01/vol_vol2/Documents and Settings/Jo/Application Data/Microsoft/Address Book/Jo.wab~","2009-11-17 02:10:19 EET"
"/img_jo-2009-11-16.E01/vol_vol2/Documents and Settings/Jo/Application Data/Microsoft/CryptnetUrlCache/Content/74BFD122C0875EC75DBE5C6DB4C59019",File,"/img_jo-2009-11-16.E01/vol_vol2/Documents and Settings/Jo/Application Data/Microsoft/CryptnetUrlCache/Content/74BFD122C0875EC75DBE5C6DB4C59019","2009-11-13 03:50:11 EET"
"/img_jo-2009-11-16.E01/vol_vol2/Documents and Settings/Jo/Application Data/Microsoft/Internet Explorer/UserData/index.dat",File,"/img_jo-2009-11-16.E01/vol_vol2/Documents and Settings/Jo/Application Data/Microsoft/Internet Explorer/UserData/index.dat","2009-11-13 03:49:03 EET"
"/img_jo-2009-11-16.E01/vol_vol2/Documents and Settings/Jo/Application Data/Mozilla/Firefox/Profiles/4pglibt6.default/blocklist.xml",File,"/img_jo-2009-11-16.E01/vol_vol2/Documents and Settings/Jo/Application Data/Mozilla/Firefox/Profiles/4pglibt6.default/blocklist.xml","2009-11-16 20:57:30 EET"
"/img_jo-2009-11-16.E01/vol_vol2/Documents and Settings/Jo/Application Data/Mozilla/Firefox/Profiles/4pglibt6.default/compreg.dat",File,"/img_jo-2009-11-16.E01/vol_vol2/Documents and Settings/Jo/Application Data/Mozilla/Firefox/Profiles/4pglibt6.default/compreg.dat","2009-11-13 03:55:03 EET"
"/img_jo-2009-11-16.E01/vol_vol2/Documents and Settings/Jo/Application Data/Mozilla/Firefox/Profiles/4pglibt6.default/extensions/mozrepl@hyperstruct.net/chrome/content/espresso.el",File,"/img_jo-2009-11-16.E01/vol_vol2/Documents and Settings/Jo/Application Data/Mozilla/Firefox/Profiles/4pglibt6.default/extensions/mozrepl@hyperstruct.net/chrome/content/espresso.el","2009-11-13 03:55:00 EET"
"/img_jo-2009-11-16.E01/vol_vol2/Documents and Settings/Jo/Application Data/Mozilla/Firefox/Profiles/4pglibt6.default/extensions/mozrepl@hyperstruct.net/chrome/content/javascript.el",File,"/img_jo-2009-11-16.E01/vol_vol2/Documents and Settings/Jo/Application Data/Mozilla/Firefox/Profiles/4pglibt6.default/extensions/mozrepl@hyperstruct.net/chrome/content/javascript.el","2009-11-13 03:55:00 EET"
"/img_jo-2009-11-16.E01/vol_vol2/Documents and Settings/Jo/Application Data/Mozilla/Firefox/Profiles/4pglibt6.default/extensions/mozrepl@hyperstruct.net/chrome/content/overlay_impl.js",File,"/img_jo-2009-11-16.E01/vol_vol2/Documents and Settings/Jo/Application Data/Mozilla/Firefox/Profiles/4pglibt6.default/extensions/mozrepl@hyperstruct.net/chrome/content/overlay_impl.js","2009-11-13 03:55:01 EET"
"/img_jo-2009-11-16.E01/vol_vol2/Documents and Settings/Jo/Application Data/Mozilla/Firefox/Profiles/4pglibt6.default/extensions/mozrepl@hyperstruct.net/install.rdf",File,"/img_jo-2009-11-16.E01/vol_vol2/Documents and Settings/Jo/Application Data/Mozilla/Firefox/Profiles/4pglibt6.default/extensions/mozrepl@hyperstruct.net/install.rdf","2009-11-13 03:55:00 EET"
"/img_jo-2009-11-16.E01/vol_vol2/Documents and Settings/Jo/Application Data/Mozilla/Firefox/Profiles/4pglibt6.default/extensions.cache",File,"/img_jo-2009-11-16.E01/vol_vol2/Documents and Settings/Jo/Application Data/Mozilla/Firefox/Profiles/4pglibt6.default/extensions.cache","2009-11-13 03:55:01 EET"
"/img_jo-2009-11-16.E01/vol_vol2/Documents and Settings/Jo/Application Data/Mozilla/Firefox/Profiles/4pglibt6.default/extensions.ini",File,"/img_jo-2009-11-16.E01/vol_vol2/Documents and Settings/Jo/Application Data/Mozilla/Firefox/Profiles/4pglibt6.default/extensions.ini","2009-11-13 03:55:02 EET"
"/img_jo-2009-11-16.E01/vol_vol2/Documents and Settings/Jo/Application Data/Mozilla/Firefox/Profiles/4pglibt6.default/extensions.rdf",File,"/img_jo-2009-11-16.E01/vol_vol2/Documents and Settings/Jo/Application Data/Mozilla/Firefox/Profiles/4pglibt6.default/extensions.rdf","2009-11-13 03:55:02 EET"
"/img_jo-2009-11-16.E01/vol_vol2/Documents and Settings/Jo/Application Data/Mozilla/Firefox/Profiles/4pglibt6.default/formhistory.sqlite",File,"/img_jo-2009-11-16.E01/vol_vol2/Documents and Settings/Jo/Application Data/Mozilla/Firefox/Profiles/4pglibt6.default/formhistory.sqlite","2009-11-16 23:06:20 EET"
"/img_jo-2009-11-16.E01/vol_vol2/Documents and Settings/Jo/Application Data/Mozilla/Firefox/Profiles/4pglibt6.default/localstore.rdf",File,"/img_jo-2009-11-16.E01/vol_vol2/Documents and Settings/Jo/Application Data/Mozilla/Firefox/Profiles/4pglibt6.default/localstore.rdf","2009-11-17 02:10:18 EET"
"/img_jo-2009-11-16.E01/vol_vol2/Documents and Settings/Jo/Application Data/Mozilla/Firefox/Profiles/4pglibt6.default/xpti.dat",File,"/img_jo-2009-11-16.E01/vol_vol2/Documents and Settings/Jo/Application Data/Mozilla/Firefox/Profiles/4pglibt6.default/xpti.dat","2009-11-13 03:55:02 EET"
"/img_jo-2009-11-16.E01/vol_vol2/Documents and Settings/Jo/Application Data/Mozilla/Firefox/Profiles/4pglibt6.default/prefs.js",File,"/img_jo-2009-11-16.E01/vol_vol2/Documents and Settings/Jo/Application Data/Mozilla/Firefox/Profiles/4pglibt6.default/prefs.js","2009-11-17 02:10:14 EET"
"/img_jo-2009-11-16.E01/vol_vol2/Documents and Settings/Jo/Application Data/Mozilla/Firefox/Profiles/4pglibt6.default/localstore.rdf",File,"/img_jo-2009-11-16.E01/vol_vol2/Documents and Settings/Jo/Application Data/Mozilla/Firefox/Profiles/4pglibt6.default/localstore.rdf","2009-11-16 23:08:46 EET"
"/img_jo-2009-11-16.E01/vol_vol2/Documents and Settings/Jo/Application Data/OpenOffice.org/3/user/gallery/sg100.sdv",File,"/img_jo-2009-11-16.E01/vol_vol2/Documents and Settings/Jo/Application Data/OpenOffice.org/3/user/gallery/sg100.sdv","2009-11-10 02:58:21 EET"
"/img_jo-2009-11-16.E01/vol_vol2/Documents and Settings/Jo/Application Data/OpenOffice.org/3/user/gallery/sg30.sdv",File,"/img_jo-2009-11-16.E01/vol_vol2/Documents and Settings/Jo/Application Data/OpenOffice.org/3/user/gallery/sg30.sdv","2009-11-10 02:58:21 EET"
"/img_jo-2009-11-16.E01/vol_vol2/Documents and Settings/Jo/Application Data/OpenOffice.org/3/user/uno_packages/cache/log.txt",File,"/img_jo-2009-11-16.E01/vol_vol2/Documents and Settings/Jo/Application Data/OpenOffice.org/3/user/uno_packages/cache/log.txt","2009-11-16 20:47:36 EET"
"/img_jo-2009-11-16.E01/vol_vol2/Documents and Settings/Jo/Cookies/index.dat",File,"/img_jo-2009-11-16.E01/vol_vol2/Documents and Settings/Jo/Cookies/index.dat","2009-11-16 21:33:25 EET"
"/img_jo-2009-11-16.E01/vol_vol2/Documents and Settings/Jo/Cookies/jo@c.bing[1].txt",File,"/img_jo-2009-11-16.E01/vol_vol2/Documents and Settings/Jo/Cookies/jo@c.bing[1].txt","2009-11-13 03:48:14 EET"
"/img_jo-2009-11-16.E01/vol_vol2/Documents and Settings/Jo/Cookies/jo@www.bing[1].txt",File,"/img_jo-2009-11-16.E01/vol_vol2/Documents and Settings/Jo/Cookies/jo@www.bing[1].txt","2009-11-13 03:48:12 EET"
"/img_jo-2009-11-16.E01/vol_vol2/Documents and Settings/Jo/Local Settings/Application Data/Identities/{6226B2BC-C598-414A-A877-8BA23A53727D}/Microsoft/Outlook Express/Inbox.dbx",File,"/img_jo-2009-11-16.E01/vol_vol2/Documents and Settings/Jo/Local Settings/Application Data/Identities/{6226B2BC-C598-414A-A877-8BA23A53727D}/Microsoft/Outlook Express/Inbox.dbx","2009-11-17 02:10:19 EET"
"/img_jo-2009-11-16.E01/vol_vol2/Documents and Settings/Jo/Local Settings/Application Data/Identities/{6226B2BC-C598-414A-A877-8BA23A53727D}/Microsoft/Outlook Express/Outbox.dbx",File,"/img_jo-2009-11-16.E01/vol_vol2/Documents and Settings/Jo/Local Settings/Application Data/Identities/{6226B2BC-C598-414A-A877-8BA23A53727D}/Microsoft/Outlook Express/Outbox.dbx","2009-11-17 02:10:19 EET"
"/img_jo-2009-11-16.E01/vol_vol2/Documents and Settings/Jo/Local Settings/Application Data/Identities/{6226B2BC-C598-414A-A877-8BA23A53727D}/Microsoft/Outlook Express/Sent Items.dbx",File,"/img_jo-2009-11-16.E01/vol_vol2/Documents and Settings/Jo/Local Settings/Application Data/Identities/{6226B2BC-C598-414A-A877-8BA23A53727D}/Microsoft/Outlook Express/Sent Items.dbx","2009-11-16 22:54:38 EET"
"/img_jo-2009-11-16.E01/vol_vol2/Documents and Settings/Jo/Local Settings/Application Data/Microsoft/Feeds/FeedsStore.feedsdb-ms",File,"/img_jo-2009-11-16.E01/vol_vol2/Documents and Settings/Jo/Local Settings/Application Data/Microsoft/Feeds/FeedsStore.feedsdb-ms","2009-11-13 03:52:20 EET"
"/img_jo-2009-11-16.E01/vol_vol2/Documents and Settings/Jo/Local Settings/Application Data/Microsoft/Internet Explorer/Recovery/Last Active/RecoveryStore.{2D0057C4-CFF7-11DE-9E70-000BDB6358A6}.dat",File,"/img_jo-2009-11-16.E01/vol_vol2/Documents and Settings/Jo/Local Settings/Application Data/Microsoft/Internet Explorer/Recovery/Last Active/RecoveryStore.{2D0057C4-CFF7-11DE-9E70-000BDB6358A6}.dat","2009-11-13 03:52:20 EET"
"/img_jo-2009-11-16.E01/vol_vol2/Documents and Settings/Jo/Local Settings/Application Data/Microsoft/Internet Explorer/Recovery/Last Active/{2D0057C5-CFF7-11DE-9E70-000BDB6358A6}.dat",File,"/img_jo-2009-11-16.E01/vol_vol2/Documents and Settings/Jo/Local Settings/Application Data/Microsoft/Internet Explorer/Recovery/Last Active/{2D0057C5-CFF7-11DE-9E70-000BDB6358A6}.dat","2009-11-13 03:52:20 EET"
"/img_jo-2009-11-16.E01/vol_vol2/Documents and Settings/Jo/Local Settings/Application Data/Microsoft/Internet Explorer/Recovery/Last Active/{2D0057C6-CFF7-11DE-9E70-000BDB6358A6}.dat",File,"/img_jo-2009-11-16.E01/vol_vol2/Documents and Settings/Jo/Local Settings/Application Data/Microsoft/Internet Explorer/Recovery/Last Active/{2D0057C6-CFF7-11DE-9E70-000BDB6358A6}.dat","2009-11-13 03:52:20 EET"
"/img_jo-2009-11-16.E01/vol_vol2/Documents and Settings/Jo/Local Settings/Application Data/Mozilla/Firefox/Profiles/4pglibt6.default/Cache/30FADDE0d01",File,"/img_jo-2009-11-16.E01/vol_vol2/Documents and Settings/Jo/Local Settings/Application Data/Mozilla/Firefox/Profiles/4pglibt6.default/Cache/30FADDE0d01","2009-11-13 03:54:51 EET"
"/img_jo-2009-11-16.E01/vol_vol2/Documents and Settings/Jo/Local Settings/Application Data/Mozilla/Firefox/Profiles/4pglibt6.default/Cache/A2CD707Bd01",File,"/img_jo-2009-11-16.E01/vol_vol2/Documents and Settings/Jo/Local Settings/Application Data/Mozilla/Firefox/Profiles/4pglibt6.default/Cache/A2CD707Bd01","2009-11-17 02:02:30 EET"
"/img_jo-2009-11-16.E01/vol_vol2/Documents and Settings/Jo/Local Settings/Application Data/Mozilla/Firefox/Profiles/4pglibt6.default/Cache/E3619611d01",File,"/img_jo-2009-11-16.E01/vol_vol2/Documents and Settings/Jo/Local Settings/Application Data/Mozilla/Firefox/Profiles/4pglibt6.default/Cache/E3619611d01","2009-11-16 23:00:43 EET"
"/img_jo-2009-11-16.E01/vol_vol2/Documents and Settings/Jo/Local Settings/Application Data/Mozilla/Firefox/Profiles/4pglibt6.default/Cache/6412AC87d01",File,"/img_jo-2009-11-16.E01/vol_vol2/Documents and Settings/Jo/Local Settings/Application Data/Mozilla/Firefox/Profiles/4pglibt6.default/Cache/6412AC87d01","2009-11-17 02:08:59 EET"
"/img_jo-2009-11-16.E01/vol_vol2/Documents and Settings/Jo/Local Settings/Application Data/Mozilla/Firefox/Profiles/4pglibt6.default/Cache/AE6E28F1d01",File,"/img_jo-2009-11-16.E01/vol_vol2/Documents and Settings/Jo/Local Settings/Application Data/Mozilla/Firefox/Profiles/4pglibt6.default/Cache/AE6E28F1d01","2009-11-16 20:57:08 EET"
"/img_jo-2009-11-16.E01/vol_vol2/Documents and Settings/Jo/Local Settings/Application Data/Mozilla/Firefox/Profiles/4pglibt6.default/Cache/AF97D7B9d01",File,"/img_jo-2009-11-16.E01/vol_vol2/Documents and Settings/Jo/Local Settings/Application Data/Mozilla/Firefox/Profiles/4pglibt6.default/Cache/AF97D7B9d01","2009-11-17 02:02:32 EET"
"/img_jo-2009-11-16.E01/vol_vol2/Documents and Settings/Jo/Local Settings/Application Data/Mozilla/Firefox/Profiles/4pglibt6.default/Cache/B9177682d01",File,"/img_jo-2009-11-16.E01/vol_vol2/Documents and Settings/Jo/Local Settings/Application Data/Mozilla/Firefox/Profiles/4pglibt6.default/Cache/B9177682d01","2009-11-17 02:01:28 EET"
"/img_jo-2009-11-16.E01/vol_vol2/Documents and Settings/Jo/Local Settings/Application Data/Mozilla/Firefox/Profiles/4pglibt6.default/Cache/10662884d01",File,"/img_jo-2009-11-16.E01/vol_vol2/Documents and Settings/Jo/Local Settings/Application Data/Mozilla/Firefox/Profiles/4pglibt6.default/Cache/10662884d01","2009-11-17 02:08:41 EET"
"/img_jo-2009-11-16.E01/vol_vol2/Documents and Settings/Jo/Local Settings/Application Data/Mozilla/Firefox/Profiles/4pglibt6.default/Cache/D700B027d01",File,"/img_jo-2009-11-16.E01/vol_vol2/Documents and Settings/Jo/Local Settings/Application Data/Mozilla/Firefox/Profiles/4pglibt6.default/Cache/D700B027d01","2009-11-17 02:09:23 EET"
"/img_jo-2009-11-16.E01/vol_vol2/Documents and Settings/Jo/Local Settings/Application Data/Mozilla/Firefox/Profiles/4pglibt6.default/Cache/_CACHE_001_",File,"/img_jo-2009-11-16.E01/vol_vol2/Documents and Settings/Jo/Local Settings/Application Data/Mozilla/Firefox/Profiles/4pglibt6.default/Cache/_CACHE_001_","2009-11-17 02:10:17 EET"
"/img_jo-2009-11-16.E01/vol_vol2/Documents and Settings/Jo/Local Settings/Application Data/Mozilla/Firefox/Profiles/4pglibt6.default/Cache/_CACHE_002_",File,"/img_jo-2009-11-16.E01/vol_vol2/Documents and Settings/Jo/Local Settings/Application Data/Mozilla/Firefox/Profiles/4pglibt6.default/Cache/_CACHE_002_","2009-11-17 02:10:17 EET"
"/img_jo-2009-11-16.E01/vol_vol2/Documents and Settings/Jo/Local Settings/Application Data/Mozilla/Firefox/Profiles/4pglibt6.default/Cache/_CACHE_003_",File,"/img_jo-2009-11-16.E01/vol_vol2/Documents and Settings/Jo/Local Settings/Application Data/Mozilla/Firefox/Profiles/4pglibt6.default/Cache/_CACHE_003_","2009-11-17 02:10:17 EET"
"/img_jo-2009-11-16.E01/vol_vol2/Documents and Settings/Jo/Local Settings/Application Data/Mozilla/Firefox/Profiles/4pglibt6.default/Cache/7D7F62CFd01",File,"/img_jo-2009-11-16.E01/vol_vol2/Documents and Settings/Jo/Local Settings/Application Data/Mozilla/Firefox/Profiles/4pglibt6.default/Cache/7D7F62CFd01","2009-11-17 02:01:54 EET"
"/img_jo-2009-11-16.E01/vol_vol2/Documents and Settings/Jo/Local Settings/Application Data/Mozilla/Firefox/Profiles/4pglibt6.default/Cache/5F8C59B7d01",File,"/img_jo-2009-11-16.E01/vol_vol2/Documents and Settings/Jo/Local Settings/Application Data/Mozilla/Firefox/Profiles/4pglibt6.default/Cache/5F8C59B7d01","2009-11-17 02:02:12 EET"
"/img_jo-2009-11-16.E01/vol_vol2/Documents and Settings/Jo/Local Settings/Application Data/Mozilla/Firefox/Profiles/4pglibt6.default/Cache/51288CDDd01",File,"/img_jo-2009-11-16.E01/vol_vol2/Documents and Settings/Jo/Local Settings/Application Data/Mozilla/Firefox/Profiles/4pglibt6.default/Cache/51288CDDd01","2009-11-16 21:03:43 EET"
"/img_jo-2009-11-16.E01/vol_vol2/Documents and Settings/Jo/Local Settings/Application Data/Mozilla/Firefox/Profiles/4pglibt6.default/Cache/06683912d01",File,"/img_jo-2009-11-16.E01/vol_vol2/Documents and Settings/Jo/Local Settings/Application Data/Mozilla/Firefox/Profiles/4pglibt6.default/Cache/06683912d01","2009-11-17 02:02:03 EET"
"/img_jo-2009-11-16.E01/vol_vol2/Documents and Settings/Jo/Local Settings/Application Data/Mozilla/Firefox/Profiles/4pglibt6.default/Cache/B412B28Dd01",File,"/img_jo-2009-11-16.E01/vol_vol2/Documents and Settings/Jo/Local Settings/Application Data/Mozilla/Firefox/Profiles/4pglibt6.default/Cache/B412B28Dd01","2009-11-17 02:01:42 EET"
"/img_jo-2009-11-16.E01/vol_vol2/Documents and Settings/Jo/Local Settings/Application Data/Mozilla/Firefox/Profiles/4pglibt6.default/Cache/7164D482d01",File,"/img_jo-2009-11-16.E01/vol_vol2/Documents and Settings/Jo/Local Settings/Application Data/Mozilla/Firefox/Profiles/4pglibt6.default/Cache/7164D482d01","2009-11-17 02:09:09 EET"
"/img_jo-2009-11-16.E01/vol_vol2/Documents and Settings/Jo/Local Settings/Application Data/Mozilla/Firefox/Profiles/4pglibt6.default/Cache/CC6A98DEd01",File,"/img_jo-2009-11-16.E01/vol_vol2/Documents and Settings/Jo/Local Settings/Application Data/Mozilla/Firefox/Profiles/4pglibt6.default/Cache/CC6A98DEd01","2009-11-17 02:02:23 EET"
"/img_jo-2009-11-16.E01/vol_vol2/Documents and Settings/Jo/Local Settings/Application Data/Mozilla/Firefox/Profiles/4pglibt6.default/XPC.mfl",File,"/img_jo-2009-11-16.E01/vol_vol2/Documents and Settings/Jo/Local Settings/Application Data/Mozilla/Firefox/Profiles/4pglibt6.default/XPC.mfl","2009-11-16 20:56:16 EET"
"/img_jo-2009-11-16.E01/vol_vol2/Documents and Settings/Jo/Local Settings/Application Data/Mozilla/Firefox/Profiles/4pglibt6.default/XUL.mfl",File,"/img_jo-2009-11-16.E01/vol_vol2/Documents and Settings/Jo/Local Settings/Application Data/Mozilla/Firefox/Profiles/4pglibt6.default/XUL.mfl","2009-11-16 21:25:32 EET"
"/img_jo-2009-11-16.E01/vol_vol2/Documents and Settings/Jo/Local Settings/Temp/svbpn.tmp/svc0f.tmp",File,"/img_jo-2009-11-16.E01/vol_vol2/Documents and Settings/Jo/Local Settings/Temp/svbpn.tmp/svc0f.tmp","2009-11-17 02:10:06 EET"
"/img_jo-2009-11-16.E01/vol_vol2/Documents and Settings/Jo/Local Settings/Temporary Internet Files/Content.IE5/7F4YU7SD/osd3[1].xml",File,"/img_jo-2009-11-16.E01/vol_vol2/Documents and Settings/Jo/Local Settings/Temporary Internet Files/Content.IE5/7F4YU7SD/osd3[1].xml","2009-11-13 03:46:27 EET"
"/img_jo-2009-11-16.E01/vol_vol2/Documents and Settings/Jo/Local Settings/Temporary Internet Files/Content.IE5/7F4YU7SD/wbk21.tmp",File,"/img_jo-2009-11-16.E01/vol_vol2/Documents and Settings/Jo/Local Settings/Temporary Internet Files/Content.IE5/7F4YU7SD/wbk21.tmp","2009-11-16 22:53:29 EET"
"/img_jo-2009-11-16.E01/vol_vol2/Documents and Settings/Jo/Local Settings/Temporary Internet Files/Content.IE5/7F4YU7SD/wbk2D.tmp",File,"/img_jo-2009-11-16.E01/vol_vol2/Documents and Settings/Jo/Local Settings/Temporary Internet Files/Content.IE5/7F4YU7SD/wbk2D.tmp","2009-11-16 22:54:49 EET"
"/img_jo-2009-11-16.E01/vol_vol2/Documents and Settings/Jo/Local Settings/Temporary Internet Files/Content.IE5/index.dat",File,"/img_jo-2009-11-16.E01/vol_vol2/Documents and Settings/Jo/Local Settings/Temporary Internet Files/Content.IE5/index.dat","2009-11-16 21:33:25 EET"
"/img_jo-2009-11-16.E01/vol_vol2/Documents and Settings/Jo/Local Settings/Temporary Internet Files/Content.IE5/N2GK2TA1/mozilla-video-tools[1].js",File,"/img_jo-2009-11-16.E01/vol_vol2/Documents and Settings/Jo/Local Settings/Temporary Internet Files/Content.IE5/N2GK2TA1/mozilla-video-tools[1].js","2009-11-13 03:49:28 EET"
"/img_jo-2009-11-16.E01/vol_vol2/Documents and Settings/Jo/Local Settings/Temporary Internet Files/Content.IE5/N2GK2TA1/s_code[1].js",File,"/img_jo-2009-11-16.E01/vol_vol2/Documents and Settings/Jo/Local Settings/Temporary Internet Files/Content.IE5/N2GK2TA1/s_code[1].js","2009-11-13 03:46:46 EET"
"/img_jo-2009-11-16.E01/vol_vol2/Documents and Settings/Jo/Local Settings/Temporary Internet Files/Content.IE5/YX6N8K1L/Firefox%20Setup%203.5.5[1].exe",File,"/img_jo-2009-11-16.E01/vol_vol2/Documents and Settings/Jo/Local Settings/Temporary Internet Files/Content.IE5/YX6N8K1L/Firefox%20Setup%203.5.5[1].exe","2009-11-13 03:50:05 EET"
"/img_jo-2009-11-16.E01/vol_vol2/Documents and Settings/Jo/My Documents/Firefox Setup 3.5.5.exe",File,"/img_jo-2009-11-16.E01/vol_vol2/Documents and Settings/Jo/My Documents/Firefox Setup 3.5.5.exe","2009-11-13 03:50:22 EET"
"/img_jo-2009-11-16.E01/vol_vol2/Documents and Settings/Jo/NTUSER.DAT",File,"/img_jo-2009-11-16.E01/vol_vol2/Documents and Settings/Jo/NTUSER.DAT","2009-11-17 02:31:43 EET"
"/img_jo-2009-11-16.E01/vol_vol2/$Extend/$UsnJrnl:$J",File,"/img_jo-2009-11-16.E01/vol_vol2/$Extend/$UsnJrnl:$J","2009-11-09 03:17:02 EET"
"/img_jo-2009-11-16.E01/vol_vol2/$MFT",File,"/img_jo-2009-11-16.E01/vol_vol2/$MFT","2009-11-08 17:44:29 EET"
"/img_jo-2009-11-16.E01/vol_vol2/dell/drivers/R79733/Win2000/igfxrchs.lrc",File,"/img_jo-2009-11-16.E01/vol_vol2/dell/drivers/R79733/Win2000/igfxrchs.lrc","2009-11-09 03:25:25 EET"
"/img_jo-2009-11-16.E01/vol_vol2/dell/drivers/R79733/Win2000/igfxrcht.lrc",File,"/img_jo-2009-11-16.E01/vol_vol2/dell/drivers/R79733/Win2000/igfxrcht.lrc","2009-11-09 03:25:25 EET"
"/img_jo-2009-11-16.E01/vol_vol2/dell/drivers/R79733/Win2000/igfxrdeu.lrc",File,"/img_jo-2009-11-16.E01/vol_vol2/dell/drivers/R79733/Win2000/igfxrdeu.lrc","2009-11-09 03:25:25 EET"
"/img_jo-2009-11-16.E01/vol_vol2/dell/drivers/R79733/Win2000/igfxrenu.lrc",File,"/img_jo-2009-11-16.E01/vol_vol2/dell/drivers/R79733/Win2000/igfxrenu.lrc","2009-11-09 03:25:25 EET"
"/img_jo-2009-11-16.E01/vol_vol2/dell/drivers/R79733/Win2000/igfxresp.lrc",File,"/img_jo-2009-11-16.E01/vol_vol2/dell/drivers/R79733/Win2000/igfxresp.lrc","2009-11-09 03:25:25 EET"
"/img_jo-2009-11-16.E01/vol_vol2/dell/drivers/R79733/Win2000/igfxrfra.lrc",File,"/img_jo-2009-11-16.E01/vol_vol2/dell/drivers/R79733/Win2000/igfxrfra.lrc","2009-11-09 03:25:25 EET"
"/img_jo-2009-11-16.E01/vol_vol2/dell/drivers/R79733/Win2000/igfxrita.lrc",File,"/img_jo-2009-11-16.E01/vol_vol2/dell/drivers/R79733/Win2000/igfxrita.lrc","2009-11-09 03:25:25 EET"
"/img_jo-2009-11-16.E01/vol_vol2/dell/drivers/R79733/Win2000/igfxrjpn.lrc",File,"/img_jo-2009-11-16.E01/vol_vol2/dell/drivers/R79733/Win2000/igfxrjpn.lrc","2009-11-09 03:25:25 EET"
"/img_jo-2009-11-16.E01/vol_vol2/dell/drivers/R79733/Win2000/igfxrkor.lrc",File,"/img_jo-2009-11-16.E01/vol_vol2/dell/drivers/R79733/Win2000/igfxrkor.lrc","2009-11-09 03:25:25 EET"
"/img_jo-2009-11-16.E01/vol_vol2/dell/drivers/R79733/Win2000/igfxrptb.lrc",File,"/img_jo-2009-11-16.E01/vol_vol2/dell/drivers/R79733/Win2000/igfxrptb.lrc","2009-11-09 03:25:25 EET"
"/img_jo-2009-11-16.E01/vol_vol2/dell/drivers/R79733/Win2000/igfxrtha.lrc",File,"/img_jo-2009-11-16.E01/vol_vol2/dell/drivers/R79733/Win2000/igfxrtha.lrc","2009-11-09 03:25:25 EET"
"/img_jo-2009-11-16.E01/vol_vol2/Program Files/AVG/AVG9/avg9us.chm",File,"/img_jo-2009-11-16.E01/vol_vol2/Program Files/AVG/AVG9/avg9us.chm","2009-11-09 03:16:11 EET"
"/img_jo-2009-11-16.E01/vol_vol2/Program Files/AVG/AVG9/avgas9us.chm",File,"/img_jo-2009-11-16.E01/vol_vol2/Program Files/AVG/AVG9/avgas9us.chm","2009-11-09 03:16:11 EET"
"/img_jo-2009-11-16.E01/vol_vol2/Program Files/AVG/AVG9/avgdiagex.exe",File,"/img_jo-2009-11-16.E01/vol_vol2/Program Files/AVG/AVG9/avgdiagex.exe","2009-11-09 03:15:58 EET"
"/img_jo-2009-11-16.E01/vol_vol2/Program Files/AVG/AVG9/avguiadv.dll",File,"/img_jo-2009-11-16.E01/vol_vol2/Program Files/AVG/AVG9/avguiadv.dll","2009-11-10 02:38:28 EET"
"/img_jo-2009-11-16.E01/vol_vol2/Program Files/AVG/AVG9/contacts_us.html",File,"/img_jo-2009-11-16.E01/vol_vol2/Program Files/AVG/AVG9/contacts_us.html","2009-11-09 03:16:11 EET"
"/img_jo-2009-11-16.E01/vol_vol2/Program Files/AVG/AVG9/avgrsx.exe",File,"/img_jo-2009-11-16.E01/vol_vol2/Program Files/AVG/AVG9/avgrsx.exe","2009-11-11 22:02:45 EET"
"/img_jo-2009-11-16.E01/vol_vol2/Program Files/AVG/AVG9/Identity Protection/Agent/Bin/AVGIDSAgent.exe",File,"/img_jo-2009-11-16.E01/vol_vol2/Program Files/AVG/AVG9/Identity Protection/Agent/Bin/AVGIDSAgent.exe","2009-11-11 22:02:48 EET"
"/img_jo-2009-11-16.E01/vol_vol2/Program Files/AVG/AVG9/winspamcatcher.dll",File,"/img_jo-2009-11-16.E01/vol_vol2/Program Files/AVG/AVG9/winspamcatcher.dll","2009-11-11 22:03:14 EET"
"/img_jo-2009-11-16.E01/vol_vol2/Program Files/Common Files/Microsoft Shared/Web Folders/MSOWS409.DLL",File,"/img_jo-2009-11-16.E01/vol_vol2/Program Files/Common Files/Microsoft Shared/Web Folders/MSOWS409.DLL","2009-11-09 02:41:40 EET"
"/img_jo-2009-11-16.E01/vol_vol2/Program Files/Internet Explorer/Connection Wizard/icwip.dun",File,"/img_jo-2009-11-16.E01/vol_vol2/Program Files/Internet Explorer/Connection Wizard/icwip.dun","2009-11-09 02:24:39 EET"
"/img_jo-2009-11-16.E01/vol_vol2/Program Files/Internet Explorer/Connection Wizard/icwx25a.dun",File,"/img_jo-2009-11-16.E01/vol_vol2/Program Files/Internet Explorer/Connection Wizard/icwx25a.dun","2009-11-09 02:24:39 EET"
"/img_jo-2009-11-16.E01/vol_vol2/Program Files/Internet Explorer/Connection Wizard/icwx25b.dun",File,"/img_jo-2009-11-16.E01/vol_vol2/Program Files/Internet Explorer/Connection Wizard/icwx25b.dun","2009-11-09 02:24:39 EET"
"/img_jo-2009-11-16.E01/vol_vol2/Program Files/Internet Explorer/Connection Wizard/icwx25c.dun",File,"/img_jo-2009-11-16.E01/vol_vol2/Program Files/Internet Explorer/Connection Wizard/icwx25c.dun","2009-11-09 02:24:39 EET"
"/img_jo-2009-11-16.E01/vol_vol2/Program Files/Java/jre6/lib/deploy/jqs/ff/chrome/content/overlay.js",File,"/img_jo-2009-11-16.E01/vol_vol2/Program Files/Java/jre6/lib/deploy/jqs/ff/chrome/content/overlay.js","2009-11-10 02:55:44 EET"
"/img_jo-2009-11-16.E01/vol_vol2/Program Files/Java/jre6/lib/deploy/jqs/ff/install.rdf",File,"/img_jo-2009-11-16.E01/vol_vol2/Program Files/Java/jre6/lib/deploy/jqs/ff/install.rdf","2009-11-10 02:55:44 EET"
"/img_jo-2009-11-16.E01/vol_vol2/Program Files/Java/jre6/lib/fonts/LucidaSansDemiBold.ttf",File,"/img_jo-2009-11-16.E01/vol_vol2/Program Files/Java/jre6/lib/fonts/LucidaSansDemiBold.ttf","2009-11-10 02:55:47 EET"
"/img_jo-2009-11-16.E01/vol_vol2/Program Files/Java/jre6/lib/fonts/LucidaSansRegular.ttf",File,"/img_jo-2009-11-16.E01/vol_vol2/Program Files/Java/jre6/lib/fonts/LucidaSansRegular.ttf","2009-11-10 02:55:47 EET"
"/img_jo-2009-11-16.E01/vol_vol2/Program Files/Java/jre6/lib/resources.jar",File,"/img_jo-2009-11-16.E01/vol_vol2/Program Files/Java/jre6/lib/resources.jar","2009-11-10 03:29:50 EET"
"/img_jo-2009-11-16.E01/vol_vol2/Program Files/Java/jre6/lib/security/cacerts",File,"/img_jo-2009-11-16.E01/vol_vol2/Program Files/Java/jre6/lib/security/cacerts","2009-11-10 03:30:10 EET"
"/img_jo-2009-11-16.E01/vol_vol2/Program Files/Java/jre6/THIRDPARTYLICENSEREADME.txt",File,"/img_jo-2009-11-16.E01/vol_vol2/Program Files/Java/jre6/THIRDPARTYLICENSEREADME.txt","2009-11-10 02:55:36 EET"
"/img_jo-2009-11-16.E01/vol_vol2/Program Files/Messenger/msgslang.dll",File,"/img_jo-2009-11-16.E01/vol_vol2/Program Files/Messenger/msgslang.dll","2009-11-09 02:21:03 EET"
"/img_jo-2009-11-16.E01/vol_vol2/Program Files/Messenger/msmsgs.exe",File,"/img_jo-2009-11-16.E01/vol_vol2/Program Files/Messenger/msmsgs.exe","2009-11-13 06:49:21 EET"
"/img_jo-2009-11-16.E01/vol_vol2/Program Files/Mozilla Firefox/plc4.dll",File,"/img_jo-2009-11-16.E01/vol_vol2/Program Files/Mozilla Firefox/plc4.dll","2009-11-13 03:50:25 EET"
"/img_jo-2009-11-16.E01/vol_vol2/Program Files/Mozilla Firefox/AccessibleMarshal.dll",File,"/img_jo-2009-11-16.E01/vol_vol2/Program Files/Mozilla Firefox/AccessibleMarshal.dll","2009-11-13 03:50:25 EET"
"/img_jo-2009-11-16.E01/vol_vol2/Program Files/Mozilla Firefox/application.ini",File,"/img_jo-2009-11-16.E01/vol_vol2/Program Files/Mozilla Firefox/application.ini","2009-11-13 03:50:25 EET"
"/img_jo-2009-11-16.E01/vol_vol2/Program Files/Mozilla Firefox/blocklist.xml",File,"/img_jo-2009-11-16.E01/vol_vol2/Program Files/Mozilla Firefox/blocklist.xml","2009-11-13 03:50:24 EET"
"/img_jo-2009-11-16.E01/vol_vol2/Program Files/Mozilla Firefox/chrome/browser.jar",File,"/img_jo-2009-11-16.E01/vol_vol2/Program Files/Mozilla Firefox/chrome/browser.jar","2009-11-13 03:50:24 EET"
"/img_jo-2009-11-16.E01/vol_vol2/Program Files/Mozilla Firefox/chrome/classic.jar",File,"/img_jo-2009-11-16.E01/vol_vol2/Program Files/Mozilla Firefox/chrome/classic.jar","2009-11-13 03:50:24 EET"
"/img_jo-2009-11-16.E01/vol_vol2/Program Files/Mozilla Firefox/chrome/en-US.jar",File,"/img_jo-2009-11-16.E01/vol_vol2/Program Files/Mozilla Firefox/chrome/en-US.jar","2009-11-13 03:50:24 EET"
"/img_jo-2009-11-16.E01/vol_vol2/Program Files/Mozilla Firefox/chrome/pippki.jar",File,"/img_jo-2009-11-16.E01/vol_vol2/Program Files/Mozilla Firefox/chrome/pippki.jar","2009-11-13 03:50:24 EET"
"/img_jo-2009-11-16.E01/vol_vol2/Program Files/Mozilla Firefox/chrome/reporter.jar",File,"/img_jo-2009-11-16.E01/vol_vol2/Program Files/Mozilla Firefox/chrome/reporter.jar","2009-11-13 03:50:24 EET"
"/img_jo-2009-11-16.E01/vol_vol2/Program Files/Mozilla Firefox/chrome/toolkit.jar",File,"/img_jo-2009-11-16.E01/vol_vol2/Program Files/Mozilla Firefox/chrome/toolkit.jar","2009-11-13 03:50:24 EET"
"/img_jo-2009-11-16.E01/vol_vol2/Program Files/Mozilla Firefox/components/aboutCertError.js",File,"/img_jo-2009-11-16.E01/vol_vol2/Program Files/Mozilla Firefox/components/aboutCertError.js","2009-11-13 03:50:24 EET"
"/img_jo-2009-11-16.E01/vol_vol2/Program Files/Mozilla Firefox/components/aboutPrivateBrowsing.js",File,"/img_jo-2009-11-16.E01/vol_vol2/Program Files/Mozilla Firefox/components/aboutPrivateBrowsing.js","2009-11-13 03:50:24 EET"
"/img_jo-2009-11-16.E01/vol_vol2/Program Files/Mozilla Firefox/components/aboutRights.js",File,"/img_jo-2009-11-16.E01/vol_vol2/Program Files/Mozilla Firefox/components/aboutRights.js","2009-11-13 03:50:24 EET"
"/img_jo-2009-11-16.E01/vol_vol2/Program Files/Mozilla Firefox/components/aboutRobots.js",File,"/img_jo-2009-11-16.E01/vol_vol2/Program Files/Mozilla Firefox/components/aboutRobots.js","2009-11-13 03:50:24 EET"
"/img_jo-2009-11-16.E01/vol_vol2/Program Files/Mozilla Firefox/components/aboutSessionRestore.js",File,"/img_jo-2009-11-16.E01/vol_vol2/Program Files/Mozilla Firefox/components/aboutSessionRestore.js","2009-11-13 03:50:24 EET"
"/img_jo-2009-11-16.E01/vol_vol2/Program Files/Mozilla Firefox/components/browserdirprovider.dll",File,"/img_jo-2009-11-16.E01/vol_vol2/Program Files/Mozilla Firefox/components/browserdirprovider.dll","2009-11-13 03:50:25 EET"
"/img_jo-2009-11-16.E01/vol_vol2/Program Files/Mozilla Firefox/components/brwsrcmp.dll",File,"/img_jo-2009-11-16.E01/vol_vol2/Program Files/Mozilla Firefox/components/brwsrcmp.dll","2009-11-13 03:50:25 EET"
"/img_jo-2009-11-16.E01/vol_vol2/Program Files/Mozilla Firefox/components/FeedProcessor.js",File,"/img_jo-2009-11-16.E01/vol_vol2/Program Files/Mozilla Firefox/components/FeedProcessor.js","2009-11-13 03:50:24 EET"
"/img_jo-2009-11-16.E01/vol_vol2/Program Files/Mozilla Firefox/components/fuelApplication.js",File,"/img_jo-2009-11-16.E01/vol_vol2/Program Files/Mozilla Firefox/components/fuelApplication.js","2009-11-13 03:50:24 EET"
"/img_jo-2009-11-16.E01/vol_vol2/Program Files/Mozilla Firefox/components/nsBadCertHandler.js",File,"/img_jo-2009-11-16.E01/vol_vol2/Program Files/Mozilla Firefox/components/nsBadCertHandler.js","2009-11-13 03:50:25 EET"
"/img_jo-2009-11-16.E01/vol_vol2/Program Files/Mozilla Firefox/components/nsBlocklistService.js",File,"/img_jo-2009-11-16.E01/vol_vol2/Program Files/Mozilla Firefox/components/nsBlocklistService.js","2009-11-13 03:50:25 EET"
"/img_jo-2009-11-16.E01/vol_vol2/Program Files/Mozilla Firefox/components/nsContentDispatchChooser.js",File,"/img_jo-2009-11-16.E01/vol_vol2/Program Files/Mozilla Firefox/components/nsContentDispatchChooser.js","2009-11-13 03:50:25 EET"
"/img_jo-2009-11-16.E01/vol_vol2/Program Files/Mozilla Firefox/components/nsContentPrefService.js",File,"/img_jo-2009-11-16.E01/vol_vol2/Program Files/Mozilla Firefox/components/nsContentPrefService.js","2009-11-13 03:50:25 EET"
"/img_jo-2009-11-16.E01/vol_vol2/Program Files/Mozilla Firefox/components/nsDownloadManagerUI.js",File,"/img_jo-2009-11-16.E01/vol_vol2/Program Files/Mozilla Firefox/components/nsDownloadManagerUI.js","2009-11-13 03:50:25 EET"
"/img_jo-2009-11-16.E01/vol_vol2/Program Files/Mozilla Firefox/components/nsExtensionManager.js",File,"/img_jo-2009-11-16.E01/vol_vol2/Program Files/Mozilla Firefox/components/nsExtensionManager.js","2009-11-13 03:50:25 EET"
"/img_jo-2009-11-16.E01/vol_vol2/Program Files/Mozilla Firefox/components/nsHandlerService.js",File,"/img_jo-2009-11-16.E01/vol_vol2/Program Files/Mozilla Firefox/components/nsHandlerService.js","2009-11-13 03:50:25 EET"
"/img_jo-2009-11-16.E01/vol_vol2/Program Files/Mozilla Firefox/components/nsLivemarkService.js",File,"/img_jo-2009-11-16.E01/vol_vol2/Program Files/Mozilla Firefox/components/nsLivemarkService.js","2009-11-13 03:50:25 EET"
"/img_jo-2009-11-16.E01/vol_vol2/Program Files/Mozilla Firefox/components/nsLoginInfo.js",File,"/img_jo-2009-11-16.E01/vol_vol2/Program Files/Mozilla Firefox/components/nsLoginInfo.js","2009-11-13 03:50:25 EET"
"/img_jo-2009-11-16.E01/vol_vol2/Program Files/Mozilla Firefox/components/nsLoginManagerPrompter.js",File,"/img_jo-2009-11-16.E01/vol_vol2/Program Files/Mozilla Firefox/components/nsLoginManagerPrompter.js","2009-11-13 03:50:25 EET"
"/img_jo-2009-11-16.E01/vol_vol2/Program Files/Mozilla Firefox/components/nsPlacesDBFlush.js",File,"/img_jo-2009-11-16.E01/vol_vol2/Program Files/Mozilla Firefox/components/nsPlacesDBFlush.js","2009-11-13 03:50:25 EET"
"/img_jo-2009-11-16.E01/vol_vol2/Program Files/Mozilla Firefox/components/nsPlacesTransactionsService.js",File,"/img_jo-2009-11-16.E01/vol_vol2/Program Files/Mozilla Firefox/components/nsPlacesTransactionsService.js","2009-11-13 03:50:25 EET"
"/img_jo-2009-11-16.E01/vol_vol2/Program Files/Mozilla Firefox/components/nsPostUpdateWin.js",File,"/img_jo-2009-11-16.E01/vol_vol2/Program Files/Mozilla Firefox/components/nsPostUpdateWin.js","2009-11-13 03:50:25 EET"
"/img_jo-2009-11-16.E01/vol_vol2/Program Files/Mozilla Firefox/components/nsProxyAutoConfig.js",File,"/img_jo-2009-11-16.E01/vol_vol2/Program Files/Mozilla Firefox/components/nsProxyAutoConfig.js","2009-11-13 03:50:25 EET"
"/img_jo-2009-11-16.E01/vol_vol2/Program Files/Mozilla Firefox/components/nsSearchSuggestions.js",File,"/img_jo-2009-11-16.E01/vol_vol2/Program Files/Mozilla Firefox/components/nsSearchSuggestions.js","2009-11-13 03:50:25 EET"
"/img_jo-2009-11-16.E01/vol_vol2/Program Files/Mozilla Firefox/components/nsSessionStore.js",File,"/img_jo-2009-11-16.E01/vol_vol2/Program Files/Mozilla Firefox/components/nsSessionStore.js","2009-11-13 03:50:25 EET"
"/img_jo-2009-11-16.E01/vol_vol2/Program Files/Mozilla Firefox/components/nsSetDefaultBrowser.js",File,"/img_jo-2009-11-16.E01/vol_vol2/Program Files/Mozilla Firefox/components/nsSetDefaultBrowser.js","2009-11-13 03:50:25 EET"
"/img_jo-2009-11-16.E01/vol_vol2/Program Files/Mozilla Firefox/components/nsTaggingService.js",File,"/img_jo-2009-11-16.E01/vol_vol2/Program Files/Mozilla Firefox/components/nsTaggingService.js","2009-11-13 03:50:25 EET"
"/img_jo-2009-11-16.E01/vol_vol2/Program Files/Mozilla Firefox/components/nsTryToClose.js",File,"/img_jo-2009-11-16.E01/vol_vol2/Program Files/Mozilla Firefox/components/nsTryToClose.js","2009-11-13 03:50:25 EET"
"/img_jo-2009-11-16.E01/vol_vol2/Program Files/Mozilla Firefox/components/nsUpdateService.js",File,"/img_jo-2009-11-16.E01/vol_vol2/Program Files/Mozilla Firefox/components/nsUpdateService.js","2009-11-13 03:50:25 EET"
"/img_jo-2009-11-16.E01/vol_vol2/Program Files/Mozilla Firefox/components/nsUrlClassifierLib.js",File,"/img_jo-2009-11-16.E01/vol_vol2/Program Files/Mozilla Firefox/components/nsUrlClassifierLib.js","2009-11-13 03:50:25 EET"
"/img_jo-2009-11-16.E01/vol_vol2/Program Files/Mozilla Firefox/components/nsWebHandlerApp.js",File,"/img_jo-2009-11-16.E01/vol_vol2/Program Files/Mozilla Firefox/components/nsWebHandlerApp.js","2009-11-13 03:50:25 EET"
"/img_jo-2009-11-16.E01/vol_vol2/Program Files/Mozilla Firefox/components/pluginGlue.js",File,"/img_jo-2009-11-16.E01/vol_vol2/Program Files/Mozilla Firefox/components/pluginGlue.js","2009-11-13 03:50:25 EET"
"/img_jo-2009-11-16.E01/vol_vol2/Program Files/Mozilla Firefox/components/storage-Legacy.js",File,"/img_jo-2009-11-16.E01/vol_vol2/Program Files/Mozilla Firefox/components/storage-Legacy.js","2009-11-13 03:50:25 EET"
"/img_jo-2009-11-16.E01/vol_vol2/Program Files/Mozilla Firefox/components/storage-mozStorage.js",File,"/img_jo-2009-11-16.E01/vol_vol2/Program Files/Mozilla Firefox/components/storage-mozStorage.js","2009-11-13 03:50:25 EET"
"/img_jo-2009-11-16.E01/vol_vol2/Program Files/Mozilla Firefox/components/txEXSLTRegExFunctions.js",File,"/img_jo-2009-11-16.E01/vol_vol2/Program Files/Mozilla Firefox/components/txEXSLTRegExFunctions.js","2009-11-13 03:50:25 EET"
"/img_jo-2009-11-16.E01/vol_vol2/Program Files/Mozilla Firefox/components/nsLoginManager.js",File,"/img_jo-2009-11-16.E01/vol_vol2/Program Files/Mozilla Firefox/components/nsLoginManager.js","2009-11-13 03:50:25 EET"
"/img_jo-2009-11-16.E01/vol_vol2/Program Files/Mozilla Firefox/crashreporter.exe",File,"/img_jo-2009-11-16.E01/vol_vol2/Program Files/Mozilla Firefox/crashreporter.exe","2009-11-13 03:50:25 EET"
"/img_jo-2009-11-16.E01/vol_vol2/Program Files/Mozilla Firefox/defaults/autoconfig/prefcalls.js",File,"/img_jo-2009-11-16.E01/vol_vol2/Program Files/Mozilla Firefox/defaults/autoconfig/prefcalls.js","2009-11-13 03:50:25 EET"
"/img_jo-2009-11-16.E01/vol_vol2/Program Files/Mozilla Firefox/js3250.dll",File,"/img_jo-2009-11-16.E01/vol_vol2/Program Files/Mozilla Firefox/js3250.dll","2009-11-13 03:50:25 EET"
"/img_jo-2009-11-16.E01/vol_vol2/Program Files/Mozilla Firefox/modules/distribution.js",File,"/img_jo-2009-11-16.E01/vol_vol2/Program Files/Mozilla Firefox/modules/distribution.js","2009-11-13 03:50:24 EET"
"/img_jo-2009-11-16.E01/vol_vol2/Program Files/Mozilla Firefox/modules/DownloadLastDir.jsm",File,"/img_jo-2009-11-16.E01/vol_vol2/Program Files/Mozilla Firefox/modules/DownloadLastDir.jsm","2009-11-13 03:50:28 EET"
"/img_jo-2009-11-16.E01/vol_vol2/Program Files/Mozilla Firefox/modules/DownloadUtils.jsm",File,"/img_jo-2009-11-16.E01/vol_vol2/Program Files/Mozilla Firefox/modules/DownloadUtils.jsm","2009-11-13 03:50:28 EET"
"/img_jo-2009-11-16.E01/vol_vol2/Program Files/Mozilla Firefox/modules/ISO8601DateUtils.jsm",File,"/img_jo-2009-11-16.E01/vol_vol2/Program Files/Mozilla Firefox/modules/ISO8601DateUtils.jsm","2009-11-13 03:50:28 EET"
"/img_jo-2009-11-16.E01/vol_vol2/Program Files/Mozilla Firefox/modules/openLocationLastURL.jsm",File,"/img_jo-2009-11-16.E01/vol_vol2/Program Files/Mozilla Firefox/modules/openLocationLastURL.jsm","2009-11-13 03:50:28 EET"
"/img_jo-2009-11-16.E01/vol_vol2/Program Files/Mozilla Firefox/modules/PlacesDBUtils.jsm",File,"/img_jo-2009-11-16.E01/vol_vol2/Program Files/Mozilla Firefox/modules/PlacesDBUtils.jsm","2009-11-13 03:50:28 EET"
"/img_jo-2009-11-16.E01/vol_vol2/Program Files/Mozilla Firefox/modules/PluralForm.jsm",File,"/img_jo-2009-11-16.E01/vol_vol2/Program Files/Mozilla Firefox/modules/PluralForm.jsm","2009-11-13 03:50:28 EET"
"/img_jo-2009-11-16.E01/vol_vol2/Program Files/Mozilla Firefox/modules/SpatialNavigation.js",File,"/img_jo-2009-11-16.E01/vol_vol2/Program Files/Mozilla Firefox/modules/SpatialNavigation.js","2009-11-13 03:50:25 EET"
"/img_jo-2009-11-16.E01/vol_vol2/Program Files/Mozilla Firefox/modules/utils.js",File,"/img_jo-2009-11-16.E01/vol_vol2/Program Files/Mozilla Firefox/modules/utils.js","2009-11-13 03:50:25 EET"
"/img_jo-2009-11-16.E01/vol_vol2/Program Files/Mozilla Firefox/modules/WindowDraggingUtils.jsm",File,"/img_jo-2009-11-16.E01/vol_vol2/Program Files/Mozilla Firefox/modules/WindowDraggingUtils.jsm","2009-11-13 03:50:28 EET"
"/img_jo-2009-11-16.E01/vol_vol2/Program Files/Mozilla Firefox/modules/XPCOMUtils.jsm",File,"/img_jo-2009-11-16.E01/vol_vol2/Program Files/Mozilla Firefox/modules/XPCOMUtils.jsm","2009-11-13 03:50:28 EET"
"/img_jo-2009-11-16.E01/vol_vol2/Program Files/Mozilla Firefox/mozcrt19.dll",File,"/img_jo-2009-11-16.E01/vol_vol2/Program Files/Mozilla Firefox/mozcrt19.dll","2009-11-13 03:50:25 EET"
"/img_jo-2009-11-16.E01/vol_vol2/Program Files/Mozilla Firefox/nspr4.dll",File,"/img_jo-2009-11-16.E01/vol_vol2/Program Files/Mozilla Firefox/nspr4.dll","2009-11-13 03:50:25 EET"
"/img_jo-2009-11-16.E01/vol_vol2/Program Files/Mozilla Firefox/nss3.dll",File,"/img_jo-2009-11-16.E01/vol_vol2/Program Files/Mozilla Firefox/nss3.dll","2009-11-13 03:50:25 EET"
"/img_jo-2009-11-16.E01/vol_vol2/Program Files/Mozilla Firefox/nssckbi.dll",File,"/img_jo-2009-11-16.E01/vol_vol2/Program Files/Mozilla Firefox/nssckbi.dll","2009-11-13 03:50:25 EET"
"/img_jo-2009-11-16.E01/vol_vol2/Program Files/Mozilla Firefox/nssutil3.dll",File,"/img_jo-2009-11-16.E01/vol_vol2/Program Files/Mozilla Firefox/nssutil3.dll","2009-11-13 03:50:25 EET"
"/img_jo-2009-11-16.E01/vol_vol2/Program Files/Mozilla Firefox/uninstall/helper.exe",File,"/img_jo-2009-11-16.E01/vol_vol2/Program Files/Mozilla Firefox/uninstall/helper.exe","2009-11-13 03:50:25 EET"
"/img_jo-2009-11-16.E01/vol_vol2/Program Files/Mozilla Firefox/firefox.exe",File,"/img_jo-2009-11-16.E01/vol_vol2/Program Files/Mozilla Firefox/firefox.exe","2009-11-17 02:21:11 EET"
"/img_jo-2009-11-16.E01/vol_vol2/Program Files/Mozilla Firefox/greprefs/all.js",File,"/img_jo-2009-11-16.E01/vol_vol2/Program Files/Mozilla Firefox/greprefs/all.js","2009-11-13 03:50:24 EET"
"/img_jo-2009-11-16.E01/vol_vol2/Program Files/Mozilla Firefox/plds4.dll",File,"/img_jo-2009-11-16.E01/vol_vol2/Program Files/Mozilla Firefox/plds4.dll","2009-11-13 03:50:25 EET"
"/img_jo-2009-11-16.E01/vol_vol2/Program Files/Mozilla Firefox/plugins/npnul32.dll",File,"/img_jo-2009-11-16.E01/vol_vol2/Program Files/Mozilla Firefox/plugins/npnul32.dll","2009-11-13 03:50:25 EET"
"/img_jo-2009-11-16.E01/vol_vol2/Program Files/Mozilla Firefox/res/fonts/mathfont.properties",File,"/img_jo-2009-11-16.E01/vol_vol2/Program Files/Mozilla Firefox/res/fonts/mathfont.properties","2009-11-13 03:50:29 EET"
"/img_jo-2009-11-16.E01/vol_vol2/Program Files/Mozilla Firefox/res/fonts/mathfontStandardSymbolsL.properties",File,"/img_jo-2009-11-16.E01/vol_vol2/Program Files/Mozilla Firefox/res/fonts/mathfontStandardSymbolsL.properties","2009-11-13 03:50:29 EET"
"/img_jo-2009-11-16.E01/vol_vol2/Program Files/Mozilla Firefox/res/fonts/mathfontSTIXNonUnicode.properties",File,"/img_jo-2009-11-16.E01/vol_vol2/Program Files/Mozilla Firefox/res/fonts/mathfontSTIXNonUnicode.properties","2009-11-13 03:50:30 EET"
"/img_jo-2009-11-16.E01/vol_vol2/Program Files/Mozilla Firefox/res/fonts/mathfontSTIXSize1.properties",File,"/img_jo-2009-11-16.E01/vol_vol2/Program Files/Mozilla Firefox/res/fonts/mathfontSTIXSize1.properties","2009-11-13 03:50:30 EET"
"/img_jo-2009-11-16.E01/vol_vol2/Program Files/Mozilla Firefox/res/fonts/mathfontSymbol.properties",File,"/img_jo-2009-11-16.E01/vol_vol2/Program Files/Mozilla Firefox/res/fonts/mathfontSymbol.properties","2009-11-13 03:50:30 EET"
"/img_jo-2009-11-16.E01/vol_vol2/Program Files/Mozilla Firefox/res/fonts/mathfontUnicode.properties",File,"/img_jo-2009-11-16.E01/vol_vol2/Program Files/Mozilla Firefox/res/fonts/mathfontUnicode.properties","2009-11-13 03:50:30 EET"
"/img_jo-2009-11-16.E01/vol_vol2/Program Files/Mozilla Firefox/res/charsetData.properties",File,"/img_jo-2009-11-16.E01/vol_vol2/Program Files/Mozilla Firefox/res/charsetData.properties","2009-11-13 03:50:28 EET"
"/img_jo-2009-11-16.E01/vol_vol2/Program Files/Mozilla Firefox/res/contenteditable.css",File,"/img_jo-2009-11-16.E01/vol_vol2/Program Files/Mozilla Firefox/res/contenteditable.css","2009-11-13 03:50:24 EET"
"/img_jo-2009-11-16.E01/vol_vol2/Program Files/Mozilla Firefox/res/designmode.css",File,"/img_jo-2009-11-16.E01/vol_vol2/Program Files/Mozilla Firefox/res/designmode.css","2009-11-13 03:50:24 EET"
"/img_jo-2009-11-16.E01/vol_vol2/Program Files/Mozilla Firefox/res/dtd/mathml.dtd",File,"/img_jo-2009-11-16.E01/vol_vol2/Program Files/Mozilla Firefox/res/dtd/mathml.dtd","2009-11-13 03:50:27 EET"
"/img_jo-2009-11-16.E01/vol_vol2/Program Files/Mozilla Firefox/res/entityTables/mathml20.properties",File,"/img_jo-2009-11-16.E01/vol_vol2/Program Files/Mozilla Firefox/res/entityTables/mathml20.properties","2009-11-13 03:50:30 EET"
"/img_jo-2009-11-16.E01/vol_vol2/Program Files/Mozilla Firefox/res/html.css",File,"/img_jo-2009-11-16.E01/vol_vol2/Program Files/Mozilla Firefox/res/html.css","2009-11-13 03:50:24 EET"
"/img_jo-2009-11-16.E01/vol_vol2/Program Files/Mozilla Firefox/res/mathml.css",File,"/img_jo-2009-11-16.E01/vol_vol2/Program Files/Mozilla Firefox/res/mathml.css","2009-11-13 03:50:24 EET"
"/img_jo-2009-11-16.E01/vol_vol2/Program Files/Mozilla Firefox/res/viewsource.css",File,"/img_jo-2009-11-16.E01/vol_vol2/Program Files/Mozilla Firefox/res/viewsource.css","2009-11-13 03:50:24 EET"
"/img_jo-2009-11-16.E01/vol_vol2/Program Files/Mozilla Firefox/smime3.dll",File,"/img_jo-2009-11-16.E01/vol_vol2/Program Files/Mozilla Firefox/smime3.dll","2009-11-13 03:50:25 EET"
"/img_jo-2009-11-16.E01/vol_vol2/Program Files/Mozilla Firefox/sqlite3.dll",File,"/img_jo-2009-11-16.E01/vol_vol2/Program Files/Mozilla Firefox/sqlite3.dll","2009-11-13 03:50:25 EET"
"/img_jo-2009-11-16.E01/vol_vol2/Program Files/Mozilla Firefox/ssl3.dll",File,"/img_jo-2009-11-16.E01/vol_vol2/Program Files/Mozilla Firefox/ssl3.dll","2009-11-13 03:50:25 EET"
"/img_jo-2009-11-16.E01/vol_vol2/Program Files/Mozilla Firefox/updater.exe",File,"/img_jo-2009-11-16.E01/vol_vol2/Program Files/Mozilla Firefox/updater.exe","2009-11-13 03:50:25 EET"
"/img_jo-2009-11-16.E01/vol_vol2/Program Files/Mozilla Firefox/xpcom.dll",File,"/img_jo-2009-11-16.E01/vol_vol2/Program Files/Mozilla Firefox/xpcom.dll","2009-11-13 03:50:25 EET"
"/img_jo-2009-11-16.E01/vol_vol2/Program Files/Mozilla Firefox/xul.dll",File,"/img_jo-2009-11-16.E01/vol_vol2/Program Files/Mozilla Firefox/xul.dll","2009-11-13 03:50:27 EET"
"/img_jo-2009-11-16.E01/vol_vol2/Program Files/MSN/MSNCoreFiles/OOBE/market.mar",File,"/img_jo-2009-11-16.E01/vol_vol2/Program Files/MSN/MSNCoreFiles/OOBE/market.mar","2009-11-09 02:20:14 EET"
"/img_jo-2009-11-16.E01/vol_vol2/Program Files/MSN/MSNCoreFiles/OOBE/obemtllc.dll",File,"/img_jo-2009-11-16.E01/vol_vol2/Program Files/MSN/MSNCoreFiles/OOBE/obemtllc.dll","2009-11-09 02:20:14 EET"
"/img_jo-2009-11-16.E01/vol_vol2/Program Files/MSN/MSNCoreFiles/OOBE/obepopc.dll",File,"/img_jo-2009-11-16.E01/vol_vol2/Program Files/MSN/MSNCoreFiles/OOBE/obepopc.dll","2009-11-09 02:20:15 EET"
"/img_jo-2009-11-16.E01/vol_vol2/Program Files/MSN/MSNCoreFiles/OOBE/signup.mar",File,"/img_jo-2009-11-16.E01/vol_vol2/Program Files/MSN/MSNCoreFiles/OOBE/signup.mar","2009-11-09 02:20:15 EET"
"/img_jo-2009-11-16.E01/vol_vol2/Program Files/NetMeeting/nmwb.dll",File,"/img_jo-2009-11-16.E01/vol_vol2/Program Files/NetMeeting/nmwb.dll","2009-11-09 02:24:47 EET"
"/img_jo-2009-11-16.E01/vol_vol2/Program Files/OpenOffice.org 3/Basis/help/en/sbasic.ht",File,"/img_jo-2009-11-16.E01/vol_vol2/Program Files/OpenOffice.org 3/Basis/help/en/sbasic.ht","2009-11-10 02:58:40 EET"
"/img_jo-2009-11-16.E01/vol_vol2/Program Files/OpenOffice.org 3/Basis/help/en/sbasic.idxl/_0.cfs",File,"/img_jo-2009-11-16.E01/vol_vol2/Program Files/OpenOffice.org 3/Basis/help/en/sbasic.idxl/_0.cfs","2009-11-10 02:58:40 EET"
"/img_jo-2009-11-16.E01/vol_vol2/Program Files/OpenOffice.org 3/Basis/help/en/scalc.ht",File,"/img_jo-2009-11-16.E01/vol_vol2/Program Files/OpenOffice.org 3/Basis/help/en/scalc.ht","2009-11-10 02:58:41 EET"
"/img_jo-2009-11-16.E01/vol_vol2/Program Files/OpenOffice.org 3/Basis/help/en/scalc.idxl/_0.cfs",File,"/img_jo-2009-11-16.E01/vol_vol2/Program Files/OpenOffice.org 3/Basis/help/en/scalc.idxl/_0.cfs","2009-11-10 02:58:41 EET"
"/img_jo-2009-11-16.E01/vol_vol2/Program Files/OpenOffice.org 3/Basis/help/en/schart.idxl/_0.cfs",File,"/img_jo-2009-11-16.E01/vol_vol2/Program Files/OpenOffice.org 3/Basis/help/en/schart.idxl/_0.cfs","2009-11-10 02:58:41 EET"
"/img_jo-2009-11-16.E01/vol_vol2/Program Files/OpenOffice.org 3/Basis/help/en/shared.jar",File,"/img_jo-2009-11-16.E01/vol_vol2/Program Files/OpenOffice.org 3/Basis/help/en/shared.jar","2009-11-10 02:58:40 EET"
"/img_jo-2009-11-16.E01/vol_vol2/Program Files/OpenOffice.org 3/Basis/help/en/schart.ht",File,"/img_jo-2009-11-16.E01/vol_vol2/Program Files/OpenOffice.org 3/Basis/help/en/schart.ht","2009-11-10 02:58:41 EET"
"/img_jo-2009-11-16.E01/vol_vol2/Program Files/OpenOffice.org 3/Basis/help/en/sdatabase.ht",File,"/img_jo-2009-11-16.E01/vol_vol2/Program Files/OpenOffice.org 3/Basis/help/en/sdatabase.ht","2009-11-10 02:58:41 EET"
"/img_jo-2009-11-16.E01/vol_vol2/Program Files/OpenOffice.org 3/Basis/help/en/sdatabase.idxl/_0.cfs",File,"/img_jo-2009-11-16.E01/vol_vol2/Program Files/OpenOffice.org 3/Basis/help/en/sdatabase.idxl/_0.cfs","2009-11-10 02:58:41 EET"
"/img_jo-2009-11-16.E01/vol_vol2/Program Files/OpenOffice.org 3/Basis/help/en/sdraw.ht",File,"/img_jo-2009-11-16.E01/vol_vol2/Program Files/OpenOffice.org 3/Basis/help/en/sdraw.ht","2009-11-10 02:58:41 EET"
"/img_jo-2009-11-16.E01/vol_vol2/Program Files/OpenOffice.org 3/Basis/help/en/sdraw.idxl/_0.cfs",File,"/img_jo-2009-11-16.E01/vol_vol2/Program Files/OpenOffice.org 3/Basis/help/en/sdraw.idxl/_0.cfs","2009-11-10 02:58:41 EET"
"/img_jo-2009-11-16.E01/vol_vol2/Program Files/OpenOffice.org 3/Basis/help/en/simpress.ht",File,"/img_jo-2009-11-16.E01/vol_vol2/Program Files/OpenOffice.org 3/Basis/help/en/simpress.ht","2009-11-10 02:58:42 EET"
"/img_jo-2009-11-16.E01/vol_vol2/Program Files/OpenOffice.org 3/Basis/help/en/simpress.idxl/_0.cfs",File,"/img_jo-2009-11-16.E01/vol_vol2/Program Files/OpenOffice.org 3/Basis/help/en/simpress.idxl/_0.cfs","2009-11-10 02:58:42 EET"
"/img_jo-2009-11-16.E01/vol_vol2/Program Files/OpenOffice.org 3/Basis/help/en/smath.ht",File,"/img_jo-2009-11-16.E01/vol_vol2/Program Files/OpenOffice.org 3/Basis/help/en/smath.ht","2009-11-10 02:58:42 EET"
"/img_jo-2009-11-16.E01/vol_vol2/Program Files/OpenOffice.org 3/Basis/help/en/smath.idxl/_0.cfs",File,"/img_jo-2009-11-16.E01/vol_vol2/Program Files/OpenOffice.org 3/Basis/help/en/smath.idxl/_0.cfs","2009-11-10 02:58:43 EET"
"/img_jo-2009-11-16.E01/vol_vol2/Program Files/OpenOffice.org 3/Basis/help/en/swriter.ht",File,"/img_jo-2009-11-16.E01/vol_vol2/Program Files/OpenOffice.org 3/Basis/help/en/swriter.ht","2009-11-10 02:58:43 EET"
"/img_jo-2009-11-16.E01/vol_vol2/Program Files/OpenOffice.org 3/Basis/help/en/swriter.idxl/_0.cfs",File,"/img_jo-2009-11-16.E01/vol_vol2/Program Files/OpenOffice.org 3/Basis/help/en/swriter.idxl/_0.cfs","2009-11-10 02:58:43 EET"
"/img_jo-2009-11-16.E01/vol_vol2/Program Files/OpenOffice.org 3/Basis/help/main_transform.xsl",File,"/img_jo-2009-11-16.E01/vol_vol2/Program Files/OpenOffice.org 3/Basis/help/main_transform.xsl","2009-11-10 02:58:40 EET"
"/img_jo-2009-11-16.E01/vol_vol2/Program Files/OpenOffice.org 3/Basis/presets/gallery/sg100.sdv",File,"/img_jo-2009-11-16.E01/vol_vol2/Program Files/OpenOffice.org 3/Basis/presets/gallery/sg100.sdv","2009-11-10 02:58:21 EET"
"/img_jo-2009-11-16.E01/vol_vol2/Program Files/OpenOffice.org 3/Basis/presets/gallery/sg30.sdv",File,"/img_jo-2009-11-16.E01/vol_vol2/Program Files/OpenOffice.org 3/Basis/presets/gallery/sg30.sdv","2009-11-10 02:58:21 EET"
"/img_jo-2009-11-16.E01/vol_vol2/Program Files/OpenOffice.org 3/Basis/program/classes/bsh.jar",File,"/img_jo-2009-11-16.E01/vol_vol2/Program Files/OpenOffice.org 3/Basis/program/classes/bsh.jar","2009-11-10 02:58:54 EET"
"/img_jo-2009-11-16.E01/vol_vol2/Program Files/OpenOffice.org 3/Basis/program/components/addrbook.dll",File,"/img_jo-2009-11-16.E01/vol_vol2/Program Files/OpenOffice.org 3/Basis/program/components/addrbook.dll","2009-11-10 03:00:24 EET"
"/img_jo-2009-11-16.E01/vol_vol2/Program Files/OpenOffice.org 3/Basis/program/components/i18n.dll",File,"/img_jo-2009-11-16.E01/vol_vol2/Program Files/OpenOffice.org 3/Basis/program/components/i18n.dll","2009-11-10 03:00:25 EET"
"/img_jo-2009-11-16.E01/vol_vol2/Program Files/OpenOffice.org 3/Basis/program/components/mozldap.dll",File,"/img_jo-2009-11-16.E01/vol_vol2/Program Files/OpenOffice.org 3/Basis/program/components/mozldap.dll","2009-11-10 03:00:25 EET"
"/img_jo-2009-11-16.E01/vol_vol2/Program Files/OpenOffice.org 3/Basis/program/components/necko.dll",File,"/img_jo-2009-11-16.E01/vol_vol2/Program Files/OpenOffice.org 3/Basis/program/components/necko.dll","2009-11-10 03:00:26 EET"
"/img_jo-2009-11-16.E01/vol_vol2/Program Files/OpenOffice.org 3/Basis/program/components/pipnss.dll",File,"/img_jo-2009-11-16.E01/vol_vol2/Program Files/OpenOffice.org 3/Basis/program/components/pipnss.dll","2009-11-10 03:00:26 EET"
"/img_jo-2009-11-16.E01/vol_vol2/Program Files/OpenOffice.org 3/Basis/program/components/rdf.dll",File,"/img_jo-2009-11-16.E01/vol_vol2/Program Files/OpenOffice.org 3/Basis/program/components/rdf.dll","2009-11-10 03:00:26 EET"
"/img_jo-2009-11-16.E01/vol_vol2/Program Files/OpenOffice.org 3/Basis/program/components/uconv.dll",File,"/img_jo-2009-11-16.E01/vol_vol2/Program Files/OpenOffice.org 3/Basis/program/components/uconv.dll","2009-11-10 03:00:26 EET"
"/img_jo-2009-11-16.E01/vol_vol2/Program Files/OpenOffice.org 3/Basis/program/components/xpc3250.dll",File,"/img_jo-2009-11-16.E01/vol_vol2/Program Files/OpenOffice.org 3/Basis/program/components/xpc3250.dll","2009-11-10 03:00:27 EET"
"/img_jo-2009-11-16.E01/vol_vol2/Program Files/OpenOffice.org 3/Basis/program/components/xpcom_compat_c.dll",File,"/img_jo-2009-11-16.E01/vol_vol2/Program Files/OpenOffice.org 3/Basis/program/components/xpcom_compat_c.dll","2009-11-10 03:00:27 EET"
"/img_jo-2009-11-16.E01/vol_vol2/Program Files/OpenOffice.org 3/Basis/program/components/xppref32.dll",File,"/img_jo-2009-11-16.E01/vol_vol2/Program Files/OpenOffice.org 3/Basis/program/components/xppref32.dll","2009-11-10 03:00:27 EET"
"/img_jo-2009-11-16.E01/vol_vol2/Program Files/OpenOffice.org 3/Basis/program/defaults/autoconfig/prefcalls.js",File,"/img_jo-2009-11-16.E01/vol_vol2/Program Files/OpenOffice.org 3/Basis/program/defaults/autoconfig/prefcalls.js","2009-11-10 03:00:27 EET"
"/img_jo-2009-11-16.E01/vol_vol2/Program Files/OpenOffice.org 3/Basis/program/defaults/pref/browser-prefs.js",File,"/img_jo-2009-11-16.E01/vol_vol2/Program Files/OpenOffice.org 3/Basis/program/defaults/pref/browser-prefs.js","2009-11-10 03:00:27 EET"
"/img_jo-2009-11-16.E01/vol_vol2/Program Files/OpenOffice.org 3/Basis/program/greprefs/all.js",File,"/img_jo-2009-11-16.E01/vol_vol2/Program Files/OpenOffice.org 3/Basis/program/greprefs/all.js","2009-11-10 03:00:27 EET"
"/img_jo-2009-11-16.E01/vol_vol2/Program Files/OpenOffice.org 3/Basis/program/icudt40.dll",File,"/img_jo-2009-11-16.E01/vol_vol2/Program Files/OpenOffice.org 3/Basis/program/icudt40.dll","2009-11-10 02:59:31 EET"
"/img_jo-2009-11-16.E01/vol_vol2/Program Files/OpenOffice.org 3/Basis/program/libcurl.dll",File,"/img_jo-2009-11-16.E01/vol_vol2/Program Files/OpenOffice.org 3/Basis/program/libcurl.dll","2009-11-10 02:59:07 EET"
"/img_jo-2009-11-16.E01/vol_vol2/Program Files/OpenOffice.org 3/Basis/program/mailmerge.py",File,"/img_jo-2009-11-16.E01/vol_vol2/Program Files/OpenOffice.org 3/Basis/program/mailmerge.py","2009-11-10 03:00:57 EET"
"/img_jo-2009-11-16.E01/vol_vol2/Program Files/OpenOffice.org 3/Basis/program/mozabdrvmi.dll",File,"/img_jo-2009-11-16.E01/vol_vol2/Program Files/OpenOffice.org 3/Basis/program/mozabdrvmi.dll","2009-11-10 02:59:37 EET"
"/img_jo-2009-11-16.E01/vol_vol2/Program Files/OpenOffice.org 3/Basis/program/msgbsutl.dll",File,"/img_jo-2009-11-16.E01/vol_vol2/Program Files/OpenOffice.org 3/Basis/program/msgbsutl.dll","2009-11-10 03:00:27 EET"
"/img_jo-2009-11-16.E01/vol_vol2/Program Files/OpenOffice.org 3/Basis/program/python-core-2.6.1/lib/asynchat.py",File,"/img_jo-2009-11-16.E01/vol_vol2/Program Files/OpenOffice.org 3/Basis/program/python-core-2.6.1/lib/asynchat.py","2009-11-10 03:00:41 EET"
"/img_jo-2009-11-16.E01/vol_vol2/Program Files/OpenOffice.org 3/Basis/program/python-core-2.6.1/lib/asyncore.py",File,"/img_jo-2009-11-16.E01/vol_vol2/Program Files/OpenOffice.org 3/Basis/program/python-core-2.6.1/lib/asyncore.py","2009-11-10 03:00:34 EET"
"/img_jo-2009-11-16.E01/vol_vol2/Program Files/OpenOffice.org 3/Basis/program/python-core-2.6.1/lib/bsddb/dbrecio.py",File,"/img_jo-2009-11-16.E01/vol_vol2/Program Files/OpenOffice.org 3/Basis/program/python-core-2.6.1/lib/bsddb/dbrecio.py","2009-11-10 03:00:35 EET"
"/img_jo-2009-11-16.E01/vol_vol2/Program Files/OpenOffice.org 3/Basis/program/python-core-2.6.1/lib/bsddb/dbtables.py",File,"/img_jo-2009-11-16.E01/vol_vol2/Program Files/OpenOffice.org 3/Basis/program/python-core-2.6.1/lib/bsddb/dbtables.py","2009-11-10 03:00:35 EET"
"/img_jo-2009-11-16.E01/vol_vol2/Program Files/OpenOffice.org 3/Basis/program/python-core-2.6.1/lib/bsddb/dbutils.py",File,"/img_jo-2009-11-16.E01/vol_vol2/Program Files/OpenOffice.org 3/Basis/program/python-core-2.6.1/lib/bsddb/dbutils.py","2009-11-10 03:00:35 EET"
"/img_jo-2009-11-16.E01/vol_vol2/Program Files/OpenOffice.org 3/Basis/program/python-core-2.6.1/lib/codecs.py",File,"/img_jo-2009-11-16.E01/vol_vol2/Program Files/OpenOffice.org 3/Basis/program/python-core-2.6.1/lib/codecs.py","2009-11-10 03:00:41 EET"
"/img_jo-2009-11-16.E01/vol_vol2/Program Files/OpenOffice.org 3/Basis/program/python-core-2.6.1/lib/compiler/transformer.py",File,"/img_jo-2009-11-16.E01/vol_vol2/Program Files/OpenOffice.org 3/Basis/program/python-core-2.6.1/lib/compiler/transformer.py","2009-11-10 03:00:42 EET"
"/img_jo-2009-11-16.E01/vol_vol2/Program Files/OpenOffice.org 3/Basis/program/python-core-2.6.1/lib/Cookie.py",File,"/img_jo-2009-11-16.E01/vol_vol2/Program Files/OpenOffice.org 3/Basis/program/python-core-2.6.1/lib/Cookie.py","2009-11-10 03:00:39 EET"
"/img_jo-2009-11-16.E01/vol_vol2/Program Files/OpenOffice.org 3/Basis/program/python-core-2.6.1/lib/platform.py",File,"/img_jo-2009-11-16.E01/vol_vol2/Program Files/OpenOffice.org 3/Basis/program/python-core-2.6.1/lib/platform.py","2009-11-10 03:00:41 EET"
"/img_jo-2009-11-16.E01/vol_vol2/Program Files/OpenOffice.org 3/Basis/program/python-core-2.6.1/lib/poplib.py",File,"/img_jo-2009-11-16.E01/vol_vol2/Program Files/OpenOffice.org 3/Basis/program/python-core-2.6.1/lib/poplib.py","2009-11-10 03:00:53 EET"
"/img_jo-2009-11-16.E01/vol_vol2/Program Files/OpenOffice.org 3/Basis/program/python-core-2.6.1/lib/posixfile.py",File,"/img_jo-2009-11-16.E01/vol_vol2/Program Files/OpenOffice.org 3/Basis/program/python-core-2.6.1/lib/posixfile.py","2009-11-10 03:00:41 EET"
"/img_jo-2009-11-16.E01/vol_vol2/Program Files/OpenOffice.org 3/Basis/program/python-core-2.6.1/lib/pprint.py",File,"/img_jo-2009-11-16.E01/vol_vol2/Program Files/OpenOffice.org 3/Basis/program/python-core-2.6.1/lib/pprint.py","2009-11-10 03:00:36 EET"
"/img_jo-2009-11-16.E01/vol_vol2/Program Files/OpenOffice.org 3/Basis/program/python-core-2.6.1/lib/pydoc.py",File,"/img_jo-2009-11-16.E01/vol_vol2/Program Files/OpenOffice.org 3/Basis/program/python-core-2.6.1/lib/pydoc.py","2009-11-10 03:00:55 EET"
"/img_jo-2009-11-16.E01/vol_vol2/Program Files/OpenOffice.org 3/Basis/program/python-core-2.6.1/lib/re.py",File,"/img_jo-2009-11-16.E01/vol_vol2/Program Files/OpenOffice.org 3/Basis/program/python-core-2.6.1/lib/re.py","2009-11-10 03:00:53 EET"
"/img_jo-2009-11-16.E01/vol_vol2/Program Files/OpenOffice.org 3/Basis/program/python-core-2.6.1/lib/rfc822.py",File,"/img_jo-2009-11-16.E01/vol_vol2/Program Files/OpenOffice.org 3/Basis/program/python-core-2.6.1/lib/rfc822.py","2009-11-10 03:00:53 EET"
"/img_jo-2009-11-16.E01/vol_vol2/Program Files/OpenOffice.org 3/Basis/program/python-core-2.6.1/lib/sha.py",File,"/img_jo-2009-11-16.E01/vol_vol2/Program Files/OpenOffice.org 3/Basis/program/python-core-2.6.1/lib/sha.py","2009-11-10 03:00:35 EET"
"/img_jo-2009-11-16.E01/vol_vol2/Program Files/OpenOffice.org 3/Basis/program/python-core-2.6.1/lib/hashlib.py",File,"/img_jo-2009-11-16.E01/vol_vol2/Program Files/OpenOffice.org 3/Basis/program/python-core-2.6.1/lib/hashlib.py","2009-11-10 03:00:35 EET"
"/img_jo-2009-11-16.E01/vol_vol2/Program Files/OpenOffice.org 3/Basis/program/python-core-2.6.1/lib/idlelib/aboutDialog.py",File,"/img_jo-2009-11-16.E01/vol_vol2/Program Files/OpenOffice.org 3/Basis/program/python-core-2.6.1/lib/idlelib/aboutDialog.py","2009-11-10 03:00:42 EET"
"/img_jo-2009-11-16.E01/vol_vol2/Program Files/OpenOffice.org 3/Basis/program/python-core-2.6.1/lib/idlelib/ChangeLog",File,"/img_jo-2009-11-16.E01/vol_vol2/Program Files/OpenOffice.org 3/Basis/program/python-core-2.6.1/lib/idlelib/ChangeLog","2009-11-10 03:00:42 EET"
"/img_jo-2009-11-16.E01/vol_vol2/Program Files/OpenOffice.org 3/Basis/program/python-core-2.6.1/lib/idlelib/CREDITS.txt",File,"/img_jo-2009-11-16.E01/vol_vol2/Program Files/OpenOffice.org 3/Basis/program/python-core-2.6.1/lib/idlelib/CREDITS.txt","2009-11-10 03:00:42 EET"
"/img_jo-2009-11-16.E01/vol_vol2/Program Files/OpenOffice.org 3/Basis/program/python-core-2.6.1/lib/idlelib/EditorWindow.py",File,"/img_jo-2009-11-16.E01/vol_vol2/Program Files/OpenOffice.org 3/Basis/program/python-core-2.6.1/lib/idlelib/EditorWindow.py","2009-11-10 03:00:42 EET"
"/img_jo-2009-11-16.E01/vol_vol2/Program Files/OpenOffice.org 3/Basis/program/python-core-2.6.1/lib/idlelib/HISTORY.txt",File,"/img_jo-2009-11-16.E01/vol_vol2/Program Files/OpenOffice.org 3/Basis/program/python-core-2.6.1/lib/idlelib/HISTORY.txt","2009-11-10 03:00:42 EET"
"/img_jo-2009-11-16.E01/vol_vol2/Program Files/OpenOffice.org 3/Basis/program/python-core-2.6.1/lib/idlelib/IOBinding.py",File,"/img_jo-2009-11-16.E01/vol_vol2/Program Files/OpenOffice.org 3/Basis/program/python-core-2.6.1/lib/idlelib/IOBinding.py","2009-11-10 03:00:43 EET"
"/img_jo-2009-11-16.E01/vol_vol2/Program Files/OpenOffice.org 3/Basis/program/python-core-2.6.1/lib/idlelib/FormatParagraph.py",File,"/img_jo-2009-11-16.E01/vol_vol2/Program Files/OpenOffice.org 3/Basis/program/python-core-2.6.1/lib/idlelib/FormatParagraph.py","2009-11-10 03:00:43 EET"
"/img_jo-2009-11-16.E01/vol_vol2/Program Files/OpenOffice.org 3/Basis/program/python-core-2.6.1/lib/idlelib/README.txt",File,"/img_jo-2009-11-16.E01/vol_vol2/Program Files/OpenOffice.org 3/Basis/program/python-core-2.6.1/lib/idlelib/README.txt","2009-11-10 03:00:43 EET"
"/img_jo-2009-11-16.E01/vol_vol2/Program Files/OpenOffice.org 3/Basis/program/python-core-2.6.1/lib/imaplib.py",File,"/img_jo-2009-11-16.E01/vol_vol2/Program Files/OpenOffice.org 3/Basis/program/python-core-2.6.1/lib/imaplib.py","2009-11-10 03:00:56 EET"
"/img_jo-2009-11-16.E01/vol_vol2/Program Files/OpenOffice.org 3/Basis/program/python-core-2.6.1/lib/inspect.py",File,"/img_jo-2009-11-16.E01/vol_vol2/Program Files/OpenOffice.org 3/Basis/program/python-core-2.6.1/lib/inspect.py","2009-11-10 03:00:39 EET"
"/img_jo-2009-11-16.E01/vol_vol2/Program Files/OpenOffice.org 3/Basis/program/python-core-2.6.1/lib/io.py",File,"/img_jo-2009-11-16.E01/vol_vol2/Program Files/OpenOffice.org 3/Basis/program/python-core-2.6.1/lib/io.py","2009-11-10 03:00:35 EET"
"/img_jo-2009-11-16.E01/vol_vol2/Program Files/OpenOffice.org 3/Basis/program/python-core-2.6.1/lib/json/__init__.py",File,"/img_jo-2009-11-16.E01/vol_vol2/Program Files/OpenOffice.org 3/Basis/program/python-core-2.6.1/lib/json/__init__.py","2009-11-10 03:00:56 EET"
"/img_jo-2009-11-16.E01/vol_vol2/Program Files/OpenOffice.org 3/Basis/program/python-core-2.6.1/lib/lib-tk/Tix.py",File,"/img_jo-2009-11-16.E01/vol_vol2/Program Files/OpenOffice.org 3/Basis/program/python-core-2.6.1/lib/lib-tk/Tix.py","2009-11-10 03:00:41 EET"
"/img_jo-2009-11-16.E01/vol_vol2/Program Files/OpenOffice.org 3/Basis/program/python-core-2.6.1/lib/lib-tk/Tkinter.py",File,"/img_jo-2009-11-16.E01/vol_vol2/Program Files/OpenOffice.org 3/Basis/program/python-core-2.6.1/lib/lib-tk/Tkinter.py","2009-11-10 03:00:41 EET"
"/img_jo-2009-11-16.E01/vol_vol2/Program Files/OpenOffice.org 3/Basis/program/python-core-2.6.1/lib/lib-tk/tkSimpleDialog.py",File,"/img_jo-2009-11-16.E01/vol_vol2/Program Files/OpenOffice.org 3/Basis/program/python-core-2.6.1/lib/lib-tk/tkSimpleDialog.py","2009-11-10 03:00:41 EET"
"/img_jo-2009-11-16.E01/vol_vol2/Program Files/OpenOffice.org 3/Basis/program/python-core-2.6.1/lib/lib-tk/turtle.py",File,"/img_jo-2009-11-16.E01/vol_vol2/Program Files/OpenOffice.org 3/Basis/program/python-core-2.6.1/lib/lib-tk/turtle.py","2009-11-10 03:00:41 EET"
"/img_jo-2009-11-16.E01/vol_vol2/Program Files/OpenOffice.org 3/Basis/program/python-core-2.6.1/lib/lib2to3/Grammar.txt",File,"/img_jo-2009-11-16.E01/vol_vol2/Program Files/OpenOffice.org 3/Basis/program/python-core-2.6.1/lib/lib2to3/Grammar.txt","2009-11-10 03:00:56 EET"
"/img_jo-2009-11-16.E01/vol_vol2/Program Files/OpenOffice.org 3/Basis/program/python-core-2.6.1/lib/lib2to3/patcomp.py",File,"/img_jo-2009-11-16.E01/vol_vol2/Program Files/OpenOffice.org 3/Basis/program/python-core-2.6.1/lib/lib2to3/patcomp.py","2009-11-10 03:00:56 EET"
"/img_jo-2009-11-16.E01/vol_vol2/Program Files/OpenOffice.org 3/Basis/program/python-core-2.6.1/lib/lib2to3/pgen2/driver.py",File,"/img_jo-2009-11-16.E01/vol_vol2/Program Files/OpenOffice.org 3/Basis/program/python-core-2.6.1/lib/lib2to3/pgen2/driver.py","2009-11-10 03:00:56 EET"
"/img_jo-2009-11-16.E01/vol_vol2/Program Files/OpenOffice.org 3/Basis/program/python-core-2.6.1/lib/lib2to3/pgen2/tokenize.py",File,"/img_jo-2009-11-16.E01/vol_vol2/Program Files/OpenOffice.org 3/Basis/program/python-core-2.6.1/lib/lib2to3/pgen2/tokenize.py","2009-11-10 03:00:56 EET"
"/img_jo-2009-11-16.E01/vol_vol2/Program Files/OpenOffice.org 3/Basis/program/python-core-2.6.1/lib/lib2to3/pytree.py",File,"/img_jo-2009-11-16.E01/vol_vol2/Program Files/OpenOffice.org 3/Basis/program/python-core-2.6.1/lib/lib2to3/pytree.py","2009-11-10 03:00:56 EET"
"/img_jo-2009-11-16.E01/vol_vol2/Program Files/OpenOffice.org 3/Basis/program/python-core-2.6.1/lib/lib2to3/refactor.py",File,"/img_jo-2009-11-16.E01/vol_vol2/Program Files/OpenOffice.org 3/Basis/program/python-core-2.6.1/lib/lib2to3/refactor.py","2009-11-10 03:00:56 EET"
"/img_jo-2009-11-16.E01/vol_vol2/Program Files/OpenOffice.org 3/Basis/program/python-core-2.6.1/lib/locale.py",File,"/img_jo-2009-11-16.E01/vol_vol2/Program Files/OpenOffice.org 3/Basis/program/python-core-2.6.1/lib/locale.py","2009-11-10 03:00:41 EET"
"/img_jo-2009-11-16.E01/vol_vol2/Program Files/OpenOffice.org 3/Basis/program/python-core-2.6.1/lib/logging/__init__.py",File,"/img_jo-2009-11-16.E01/vol_vol2/Program Files/OpenOffice.org 3/Basis/program/python-core-2.6.1/lib/logging/__init__.py","2009-11-10 03:00:35 EET"
"/img_jo-2009-11-16.E01/vol_vol2/Program Files/OpenOffice.org 3/Basis/program/python-core-2.6.1/lib/tarfile.py",File,"/img_jo-2009-11-16.E01/vol_vol2/Program Files/OpenOffice.org 3/Basis/program/python-core-2.6.1/lib/tarfile.py","2009-11-10 03:00:41 EET"
"/img_jo-2009-11-16.E01/vol_vol2/Program Files/OpenOffice.org 3/Basis/program/python-core-2.6.1/lib/test/test_mailbox.py",File,"/img_jo-2009-11-16.E01/vol_vol2/Program Files/OpenOffice.org 3/Basis/program/python-core-2.6.1/lib/test/test_mailbox.py","2009-11-10 03:00:44 EET"
"/img_jo-2009-11-16.E01/vol_vol2/Program Files/OpenOffice.org 3/Basis/program/python-core-2.6.1/lib/test/test_MimeWriter.py",File,"/img_jo-2009-11-16.E01/vol_vol2/Program Files/OpenOffice.org 3/Basis/program/python-core-2.6.1/lib/test/test_MimeWriter.py","2009-11-10 03:00:44 EET"
"/img_jo-2009-11-16.E01/vol_vol2/Program Files/OpenOffice.org 3/Basis/program/python-core-2.6.1/lib/test/test_old_mailbox.py",File,"/img_jo-2009-11-16.E01/vol_vol2/Program Files/OpenOffice.org 3/Basis/program/python-core-2.6.1/lib/test/test_old_mailbox.py","2009-11-10 03:00:46 EET"
"/img_jo-2009-11-16.E01/vol_vol2/Program Files/OpenOffice.org 3/Basis/program/python-core-2.6.1/lib/test/test_xml_etree.py",File,"/img_jo-2009-11-16.E01/vol_vol2/Program Files/OpenOffice.org 3/Basis/program/python-core-2.6.1/lib/test/test_xml_etree.py","2009-11-10 03:00:48 EET"
"/img_jo-2009-11-16.E01/vol_vol2/Program Files/OpenOffice.org 3/Basis/program/python-core-2.6.1/lib/test/test_charmapcodec.py",File,"/img_jo-2009-11-16.E01/vol_vol2/Program Files/OpenOffice.org 3/Basis/program/python-core-2.6.1/lib/test/test_charmapcodec.py","2009-11-10 03:00:44 EET"
"/img_jo-2009-11-16.E01/vol_vol2/Program Files/OpenOffice.org 3/Basis/program/python-core-2.6.1/lib/test/test_hashlib.py",File,"/img_jo-2009-11-16.E01/vol_vol2/Program Files/OpenOffice.org 3/Basis/program/python-core-2.6.1/lib/test/test_hashlib.py","2009-11-10 03:00:44 EET"
"/img_jo-2009-11-16.E01/vol_vol2/Program Files/OpenOffice.org 3/Basis/program/python-core-2.6.1/lib/test/test_rfc822.py",File,"/img_jo-2009-11-16.E01/vol_vol2/Program Files/OpenOffice.org 3/Basis/program/python-core-2.6.1/lib/test/test_rfc822.py","2009-11-10 03:00:44 EET"
"/img_jo-2009-11-16.E01/vol_vol2/Program Files/OpenOffice.org 3/Basis/program/python-core-2.6.1/lib/test/test_smtplib.py",File,"/img_jo-2009-11-16.E01/vol_vol2/Program Files/OpenOffice.org 3/Basis/program/python-core-2.6.1/lib/test/test_smtplib.py","2009-11-10 03:00:44 EET"
"/img_jo-2009-11-16.E01/vol_vol2/Program Files/OpenOffice.org 3/Basis/program/python-core-2.6.1/lib/test/test_generators.py",File,"/img_jo-2009-11-16.E01/vol_vol2/Program Files/OpenOffice.org 3/Basis/program/python-core-2.6.1/lib/test/test_generators.py","2009-11-10 03:00:46 EET"
"/img_jo-2009-11-16.E01/vol_vol2/Program Files/OpenOffice.org 3/Basis/program/python-core-2.6.1/lib/test/test_getopt.py",File,"/img_jo-2009-11-16.E01/vol_vol2/Program Files/OpenOffice.org 3/Basis/program/python-core-2.6.1/lib/test/test_getopt.py","2009-11-10 03:00:47 EET"
"/img_jo-2009-11-16.E01/vol_vol2/Program Files/OpenOffice.org 3/Basis/program/python-core-2.6.1/lib/test/test_gettext.py",File,"/img_jo-2009-11-16.E01/vol_vol2/Program Files/OpenOffice.org 3/Basis/program/python-core-2.6.1/lib/test/test_gettext.py","2009-11-10 03:00:47 EET"
"/img_jo-2009-11-16.E01/vol_vol2/Program Files/OpenOffice.org 3/Basis/program/python-core-2.6.1/lib/test/test_pep292.py",File,"/img_jo-2009-11-16.E01/vol_vol2/Program Files/OpenOffice.org 3/Basis/program/python-core-2.6.1/lib/test/test_pep292.py","2009-11-10 03:00:46 EET"
"/img_jo-2009-11-16.E01/vol_vol2/Program Files/OpenOffice.org 3/Basis/program/python-core-2.6.1/lib/test/greyrgb.uue",File,"/img_jo-2009-11-16.E01/vol_vol2/Program Files/OpenOffice.org 3/Basis/program/python-core-2.6.1/lib/test/greyrgb.uue","2009-11-10 03:00:49 EET"
"/img_jo-2009-11-16.E01/vol_vol2/Program Files/OpenOffice.org 3/Basis/program/python-core-2.6.1/lib/test/test_textwrap.py",File,"/img_jo-2009-11-16.E01/vol_vol2/Program Files/OpenOffice.org 3/Basis/program/python-core-2.6.1/lib/test/test_textwrap.py","2009-11-10 03:00:50 EET"
"/img_jo-2009-11-16.E01/vol_vol2/Program Files/OpenOffice.org 3/Basis/program/python-core-2.6.1/lib/test/test_unicode.py",File,"/img_jo-2009-11-16.E01/vol_vol2/Program Files/OpenOffice.org 3/Basis/program/python-core-2.6.1/lib/test/test_unicode.py","2009-11-10 03:00:47 EET"
"/img_jo-2009-11-16.E01/vol_vol2/Program Files/OpenOffice.org 3/Basis/program/python-core-2.6.1/lib/test/test_urlparse.py",File,"/img_jo-2009-11-16.E01/vol_vol2/Program Files/OpenOffice.org 3/Basis/program/python-core-2.6.1/lib/test/test_urlparse.py","2009-11-10 03:00:46 EET"
"/img_jo-2009-11-16.E01/vol_vol2/Program Files/OpenOffice.org 3/Basis/program/python-core-2.6.1/lib/test/test_htmlparser.py",File,"/img_jo-2009-11-16.E01/vol_vol2/Program Files/OpenOffice.org 3/Basis/program/python-core-2.6.1/lib/test/test_htmlparser.py","2009-11-10 03:00:50 EET"
"/img_jo-2009-11-16.E01/vol_vol2/Program Files/OpenOffice.org 3/Basis/program/python-core-2.6.1/lib/test/test_httpservers.py",File,"/img_jo-2009-11-16.E01/vol_vol2/Program Files/OpenOffice.org 3/Basis/program/python-core-2.6.1/lib/test/test_httpservers.py","2009-11-10 03:00:48 EET"
"/img_jo-2009-11-16.E01/vol_vol2/Program Files/OpenOffice.org 3/Basis/program/python-core-2.6.1/lib/test/testcodec.py",File,"/img_jo-2009-11-16.E01/vol_vol2/Program Files/OpenOffice.org 3/Basis/program/python-core-2.6.1/lib/test/testcodec.py","2009-11-10 03:00:46 EET"
"/img_jo-2009-11-16.E01/vol_vol2/Program Files/OpenOffice.org 3/Basis/program/python-core-2.6.1/lib/test/README",File,"/img_jo-2009-11-16.E01/vol_vol2/Program Files/OpenOffice.org 3/Basis/program/python-core-2.6.1/lib/test/README","2009-11-10 03:00:49 EET"
"/img_jo-2009-11-16.E01/vol_vol2/Program Files/OpenOffice.org 3/Basis/program/python-core-2.6.1/lib/test/test_ucn.py",File,"/img_jo-2009-11-16.E01/vol_vol2/Program Files/OpenOffice.org 3/Basis/program/python-core-2.6.1/lib/test/test_ucn.py","2009-11-10 03:00:53 EET"
"/img_jo-2009-11-16.E01/vol_vol2/Program Files/OpenOffice.org 3/Basis/program/python-core-2.6.1/lib/test/test_unicodedata.py",File,"/img_jo-2009-11-16.E01/vol_vol2/Program Files/OpenOffice.org 3/Basis/program/python-core-2.6.1/lib/test/test_unicodedata.py","2009-11-10 03:00:52 EET"
"/img_jo-2009-11-16.E01/vol_vol2/Program Files/OpenOffice.org 3/Basis/program/python-core-2.6.1/lib/test/test_urllib2net.py",File,"/img_jo-2009-11-16.E01/vol_vol2/Program Files/OpenOffice.org 3/Basis/program/python-core-2.6.1/lib/test/test_urllib2net.py","2009-11-10 03:00:52 EET"
"/img_jo-2009-11-16.E01/vol_vol2/Program Files/OpenOffice.org 3/Basis/program/python-core-2.6.1/lib/test/test_optparse.py",File,"/img_jo-2009-11-16.E01/vol_vol2/Program Files/OpenOffice.org 3/Basis/program/python-core-2.6.1/lib/test/test_optparse.py","2009-11-10 03:00:52 EET"
"/img_jo-2009-11-16.E01/vol_vol2/Program Files/OpenOffice.org 3/Basis/program/python-core-2.6.1/lib/textwrap.py",File,"/img_jo-2009-11-16.E01/vol_vol2/Program Files/OpenOffice.org 3/Basis/program/python-core-2.6.1/lib/textwrap.py","2009-11-10 03:00:41 EET"
"/img_jo-2009-11-16.E01/vol_vol2/Program Files/OpenOffice.org 3/Basis/program/python-core-2.6.1/lib/tokenize.py",File,"/img_jo-2009-11-16.E01/vol_vol2/Program Files/OpenOffice.org 3/Basis/program/python-core-2.6.1/lib/tokenize.py","2009-11-10 03:00:35 EET"
"/img_jo-2009-11-16.E01/vol_vol2/Program Files/OpenOffice.org 3/Basis/program/python-core-2.6.1/lib/trace.py",File,"/img_jo-2009-11-16.E01/vol_vol2/Program Files/OpenOffice.org 3/Basis/program/python-core-2.6.1/lib/trace.py","2009-11-10 03:00:56 EET"
"/img_jo-2009-11-16.E01/vol_vol2/Program Files/OpenOffice.org 3/Basis/program/python-core-2.6.1/lib/urllib2.py",File,"/img_jo-2009-11-16.E01/vol_vol2/Program Files/OpenOffice.org 3/Basis/program/python-core-2.6.1/lib/urllib2.py","2009-11-10 03:00:35 EET"
"/img_jo-2009-11-16.E01/vol_vol2/Program Files/OpenOffice.org 3/Basis/program/python-core-2.6.1/lib/xml/dom/domreg.py",File,"/img_jo-2009-11-16.E01/vol_vol2/Program Files/OpenOffice.org 3/Basis/program/python-core-2.6.1/lib/xml/dom/domreg.py","2009-11-10 03:00:37 EET"
"/img_jo-2009-11-16.E01/vol_vol2/Program Files/OpenOffice.org 3/Basis/program/python-core-2.6.1/lib/xml/etree/ElementInclude.py",File,"/img_jo-2009-11-16.E01/vol_vol2/Program Files/OpenOffice.org 3/Basis/program/python-core-2.6.1/lib/xml/etree/ElementInclude.py","2009-11-10 03:00:37 EET"
"/img_jo-2009-11-16.E01/vol_vol2/Program Files/OpenOffice.org 3/Basis/program/python-core-2.6.1/lib/xml/etree/ElementPath.py",File,"/img_jo-2009-11-16.E01/vol_vol2/Program Files/OpenOffice.org 3/Basis/program/python-core-2.6.1/lib/xml/etree/ElementPath.py","2009-11-10 03:00:37 EET"
"/img_jo-2009-11-16.E01/vol_vol2/Program Files/OpenOffice.org 3/Basis/program/python-core-2.6.1/lib/xml/etree/ElementTree.py",File,"/img_jo-2009-11-16.E01/vol_vol2/Program Files/OpenOffice.org 3/Basis/program/python-core-2.6.1/lib/xml/etree/ElementTree.py","2009-11-10 03:00:37 EET"
"/img_jo-2009-11-16.E01/vol_vol2/Program Files/OpenOffice.org 3/Basis/program/python-core-2.6.1/lib/xmlrpclib.py",File,"/img_jo-2009-11-16.E01/vol_vol2/Program Files/OpenOffice.org 3/Basis/program/python-core-2.6.1/lib/xmlrpclib.py","2009-11-10 03:00:35 EET"
"/img_jo-2009-11-16.E01/vol_vol2/Program Files/OpenOffice.org 3/Basis/program/python-core-2.6.1/lib/uuid.py",File,"/img_jo-2009-11-16.E01/vol_vol2/Program Files/OpenOffice.org 3/Basis/program/python-core-2.6.1/lib/uuid.py","2009-11-10 03:00:36 EET"
"/img_jo-2009-11-16.E01/vol_vol2/Program Files/OpenOffice.org 3/Basis/program/python-core-2.6.1/lib/wsgiref.egg-info",File,"/img_jo-2009-11-16.E01/vol_vol2/Program Files/OpenOffice.org 3/Basis/program/python-core-2.6.1/lib/wsgiref.egg-info","2009-11-10 03:00:41 EET"
"/img_jo-2009-11-16.E01/vol_vol2/Program Files/OpenOffice.org 3/Basis/program/python-core-2.6.1/lib/smtpd.py",File,"/img_jo-2009-11-16.E01/vol_vol2/Program Files/OpenOffice.org 3/Basis/program/python-core-2.6.1/lib/smtpd.py","2009-11-10 03:00:43 EET"
"/img_jo-2009-11-16.E01/vol_vol2/Program Files/OpenOffice.org 3/Basis/program/python-core-2.6.1/lib/smtplib.py",File,"/img_jo-2009-11-16.E01/vol_vol2/Program Files/OpenOffice.org 3/Basis/program/python-core-2.6.1/lib/smtplib.py","2009-11-10 03:00:35 EET"
"/img_jo-2009-11-16.E01/vol_vol2/Program Files/OpenOffice.org 3/Basis/program/python-core-2.6.1/lib/SocketServer.py",File,"/img_jo-2009-11-16.E01/vol_vol2/Program Files/OpenOffice.org 3/Basis/program/python-core-2.6.1/lib/SocketServer.py","2009-11-10 03:00:55 EET"
"/img_jo-2009-11-16.E01/vol_vol2/Program Files/OpenOffice.org 3/Basis/program/python-core-2.6.1/lib/sqlite3/dbapi2.py",File,"/img_jo-2009-11-16.E01/vol_vol2/Program Files/OpenOffice.org 3/Basis/program/python-core-2.6.1/lib/sqlite3/dbapi2.py","2009-11-10 03:00:55 EET"
"/img_jo-2009-11-16.E01/vol_vol2/Program Files/OpenOffice.org 3/Basis/program/python-core-2.6.1/lib/sqlite3/dump.py",File,"/img_jo-2009-11-16.E01/vol_vol2/Program Files/OpenOffice.org 3/Basis/program/python-core-2.6.1/lib/sqlite3/dump.py","2009-11-10 03:00:55 EET"
"/img_jo-2009-11-16.E01/vol_vol2/Program Files/OpenOffice.org 3/Basis/program/python-core-2.6.1/lib/sqlite3/__init__.py",File,"/img_jo-2009-11-16.E01/vol_vol2/Program Files/OpenOffice.org 3/Basis/program/python-core-2.6.1/lib/sqlite3/__init__.py","2009-11-10 03:00:55 EET"
"/img_jo-2009-11-16.E01/vol_vol2/Program Files/OpenOffice.org 3/Basis/program/python-core-2.6.1/lib/subprocess.py",File,"/img_jo-2009-11-16.E01/vol_vol2/Program Files/OpenOffice.org 3/Basis/program/python-core-2.6.1/lib/subprocess.py","2009-11-10 03:00:35 EET"
"/img_jo-2009-11-16.E01/vol_vol2/Program Files/OpenOffice.org 3/Basis/program/python-core-2.6.1/lib/getopt.py",File,"/img_jo-2009-11-16.E01/vol_vol2/Program Files/OpenOffice.org 3/Basis/program/python-core-2.6.1/lib/getopt.py","2009-11-10 03:00:35 EET"
"/img_jo-2009-11-16.E01/vol_vol2/Program Files/OpenOffice.org 3/Basis/program/python-core-2.6.1/lib/distutils/command/bdist_rpm.py",File,"/img_jo-2009-11-16.E01/vol_vol2/Program Files/OpenOffice.org 3/Basis/program/python-core-2.6.1/lib/distutils/command/bdist_rpm.py","2009-11-10 03:00:41 EET"
"/img_jo-2009-11-16.E01/vol_vol2/Program Files/OpenOffice.org 3/Basis/program/python-core-2.6.1/lib/distutils/command/clean.py",File,"/img_jo-2009-11-16.E01/vol_vol2/Program Files/OpenOffice.org 3/Basis/program/python-core-2.6.1/lib/distutils/command/clean.py","2009-11-10 03:00:40 EET"
"/img_jo-2009-11-16.E01/vol_vol2/Program Files/OpenOffice.org 3/Basis/program/python-core-2.6.1/lib/distutils/README",File,"/img_jo-2009-11-16.E01/vol_vol2/Program Files/OpenOffice.org 3/Basis/program/python-core-2.6.1/lib/distutils/README","2009-11-10 03:00:39 EET"
"/img_jo-2009-11-16.E01/vol_vol2/Program Files/OpenOffice.org 3/Basis/program/python-core-2.6.1/lib/distutils/sysconfig.py",File,"/img_jo-2009-11-16.E01/vol_vol2/Program Files/OpenOffice.org 3/Basis/program/python-core-2.6.1/lib/distutils/sysconfig.py","2009-11-10 03:00:39 EET"
"/img_jo-2009-11-16.E01/vol_vol2/Program Files/OpenOffice.org 3/Basis/program/python-core-2.6.1/lib/distutils/__init__.py",File,"/img_jo-2009-11-16.E01/vol_vol2/Program Files/OpenOffice.org 3/Basis/program/python-core-2.6.1/lib/distutils/__init__.py","2009-11-10 03:00:39 EET"
"/img_jo-2009-11-16.E01/vol_vol2/Program Files/OpenOffice.org 3/Basis/program/python-core-2.6.1/lib/distutils/file_util.py",File,"/img_jo-2009-11-16.E01/vol_vol2/Program Files/OpenOffice.org 3/Basis/program/python-core-2.6.1/lib/distutils/file_util.py","2009-11-10 03:00:41 EET"
"/img_jo-2009-11-16.E01/vol_vol2/Program Files/OpenOffice.org 3/Basis/program/python-core-2.6.1/lib/doctest.py",File,"/img_jo-2009-11-16.E01/vol_vol2/Program Files/OpenOffice.org 3/Basis/program/python-core-2.6.1/lib/doctest.py","2009-11-10 03:00:35 EET"
"/img_jo-2009-11-16.E01/vol_vol2/Program Files/OpenOffice.org 3/Basis/program/python-core-2.6.1/lib/email/base64mime.py",File,"/img_jo-2009-11-16.E01/vol_vol2/Program Files/OpenOffice.org 3/Basis/program/python-core-2.6.1/lib/email/base64mime.py","2009-11-10 03:00:55 EET"
"/img_jo-2009-11-16.E01/vol_vol2/Program Files/OpenOffice.org 3/Basis/program/python-core-2.6.1/lib/email/charset.py",File,"/img_jo-2009-11-16.E01/vol_vol2/Program Files/OpenOffice.org 3/Basis/program/python-core-2.6.1/lib/email/charset.py","2009-11-10 03:00:55 EET"
"/img_jo-2009-11-16.E01/vol_vol2/Program Files/OpenOffice.org 3/Basis/program/python-core-2.6.1/lib/email/encoders.py",File,"/img_jo-2009-11-16.E01/vol_vol2/Program Files/OpenOffice.org 3/Basis/program/python-core-2.6.1/lib/email/encoders.py","2009-11-10 03:00:55 EET"
"/img_jo-2009-11-16.E01/vol_vol2/Program Files/OpenOffice.org 3/Basis/program/python-core-2.6.1/lib/email/errors.py",File,"/img_jo-2009-11-16.E01/vol_vol2/Program Files/OpenOffice.org 3/Basis/program/python-core-2.6.1/lib/email/errors.py","2009-11-10 03:00:55 EET"
"/img_jo-2009-11-16.E01/vol_vol2/Program Files/OpenOffice.org 3/Basis/program/python-core-2.6.1/lib/email/feedparser.py",File,"/img_jo-2009-11-16.E01/vol_vol2/Program Files/OpenOffice.org 3/Basis/program/python-core-2.6.1/lib/email/feedparser.py","2009-11-10 03:00:55 EET"
"/img_jo-2009-11-16.E01/vol_vol2/Program Files/OpenOffice.org 3/Basis/program/python-core-2.6.1/lib/email/generator.py",File,"/img_jo-2009-11-16.E01/vol_vol2/Program Files/OpenOffice.org 3/Basis/program/python-core-2.6.1/lib/email/generator.py","2009-11-10 03:00:55 EET"
"/img_jo-2009-11-16.E01/vol_vol2/Program Files/OpenOffice.org 3/Basis/program/python-core-2.6.1/lib/email/header.py",File,"/img_jo-2009-11-16.E01/vol_vol2/Program Files/OpenOffice.org 3/Basis/program/python-core-2.6.1/lib/email/header.py","2009-11-10 03:00:55 EET"
"/img_jo-2009-11-16.E01/vol_vol2/Program Files/OpenOffice.org 3/Basis/program/python-core-2.6.1/lib/email/iterators.py",File,"/img_jo-2009-11-16.E01/vol_vol2/Program Files/OpenOffice.org 3/Basis/program/python-core-2.6.1/lib/email/iterators.py","2009-11-10 03:00:55 EET"
"/img_jo-2009-11-16.E01/vol_vol2/Program Files/OpenOffice.org 3/Basis/program/python-core-2.6.1/lib/email/message.py",File,"/img_jo-2009-11-16.E01/vol_vol2/Program Files/OpenOffice.org 3/Basis/program/python-core-2.6.1/lib/email/message.py","2009-11-10 03:00:55 EET"
"/img_jo-2009-11-16.E01/vol_vol2/Program Files/OpenOffice.org 3/Basis/program/python-core-2.6.1/lib/email/mime/application.py",File,"/img_jo-2009-11-16.E01/vol_vol2/Program Files/OpenOffice.org 3/Basis/program/python-core-2.6.1/lib/email/mime/application.py","2009-11-10 03:00:55 EET"
"/img_jo-2009-11-16.E01/vol_vol2/Program Files/OpenOffice.org 3/Basis/program/python-core-2.6.1/lib/email/mime/audio.py",File,"/img_jo-2009-11-16.E01/vol_vol2/Program Files/OpenOffice.org 3/Basis/program/python-core-2.6.1/lib/email/mime/audio.py","2009-11-10 03:00:55 EET"
"/img_jo-2009-11-16.E01/vol_vol2/Program Files/OpenOffice.org 3/Basis/program/python-core-2.6.1/lib/email/mime/base.py",File,"/img_jo-2009-11-16.E01/vol_vol2/Program Files/OpenOffice.org 3/Basis/program/python-core-2.6.1/lib/email/mime/base.py","2009-11-10 03:00:55 EET"
"/img_jo-2009-11-16.E01/vol_vol2/Program Files/OpenOffice.org 3/Basis/program/python-core-2.6.1/lib/email/mime/image.py",File,"/img_jo-2009-11-16.E01/vol_vol2/Program Files/OpenOffice.org 3/Basis/program/python-core-2.6.1/lib/email/mime/image.py","2009-11-10 03:00:55 EET"
"/img_jo-2009-11-16.E01/vol_vol2/Program Files/OpenOffice.org 3/Basis/program/python-core-2.6.1/lib/email/mime/message.py",File,"/img_jo-2009-11-16.E01/vol_vol2/Program Files/OpenOffice.org 3/Basis/program/python-core-2.6.1/lib/email/mime/message.py","2009-11-10 03:00:55 EET"
"/img_jo-2009-11-16.E01/vol_vol2/Program Files/OpenOffice.org 3/Basis/program/python-core-2.6.1/lib/email/mime/multipart.py",File,"/img_jo-2009-11-16.E01/vol_vol2/Program Files/OpenOffice.org 3/Basis/program/python-core-2.6.1/lib/email/mime/multipart.py","2009-11-10 03:00:55 EET"
"/img_jo-2009-11-16.E01/vol_vol2/Program Files/OpenOffice.org 3/Basis/program/python-core-2.6.1/lib/email/mime/nonmultipart.py",File,"/img_jo-2009-11-16.E01/vol_vol2/Program Files/OpenOffice.org 3/Basis/program/python-core-2.6.1/lib/email/mime/nonmultipart.py","2009-11-10 03:00:55 EET"
"/img_jo-2009-11-16.E01/vol_vol2/Program Files/OpenOffice.org 3/Basis/program/python-core-2.6.1/lib/email/mime/text.py",File,"/img_jo-2009-11-16.E01/vol_vol2/Program Files/OpenOffice.org 3/Basis/program/python-core-2.6.1/lib/email/mime/text.py","2009-11-10 03:00:55 EET"
"/img_jo-2009-11-16.E01/vol_vol2/Program Files/OpenOffice.org 3/Basis/program/python-core-2.6.1/lib/email/parser.py",File,"/img_jo-2009-11-16.E01/vol_vol2/Program Files/OpenOffice.org 3/Basis/program/python-core-2.6.1/lib/email/parser.py","2009-11-10 03:00:55 EET"
"/img_jo-2009-11-16.E01/vol_vol2/Program Files/OpenOffice.org 3/Basis/program/python-core-2.6.1/lib/email/quoprimime.py",File,"/img_jo-2009-11-16.E01/vol_vol2/Program Files/OpenOffice.org 3/Basis/program/python-core-2.6.1/lib/email/quoprimime.py","2009-11-10 03:00:55 EET"
"/img_jo-2009-11-16.E01/vol_vol2/Program Files/OpenOffice.org 3/Basis/program/python-core-2.6.1/lib/email/utils.py",File,"/img_jo-2009-11-16.E01/vol_vol2/Program Files/OpenOffice.org 3/Basis/program/python-core-2.6.1/lib/email/utils.py","2009-11-10 03:00:55 EET"
"/img_jo-2009-11-16.E01/vol_vol2/Program Files/OpenOffice.org 3/Basis/program/python-core-2.6.1/lib/email/_parseaddr.py",File,"/img_jo-2009-11-16.E01/vol_vol2/Program Files/OpenOffice.org 3/Basis/program/python-core-2.6.1/lib/email/_parseaddr.py","2009-11-10 03:00:55 EET"
"/img_jo-2009-11-16.E01/vol_vol2/Program Files/OpenOffice.org 3/Basis/program/python-core-2.6.1/lib/email/__init__.py",File,"/img_jo-2009-11-16.E01/vol_vol2/Program Files/OpenOffice.org 3/Basis/program/python-core-2.6.1/lib/email/__init__.py","2009-11-10 03:00:55 EET"
"/img_jo-2009-11-16.E01/vol_vol2/Program Files/OpenOffice.org 3/Basis/program/python-core-2.6.1/lib/encodings/ascii.py",File,"/img_jo-2009-11-16.E01/vol_vol2/Program Files/OpenOffice.org 3/Basis/program/python-core-2.6.1/lib/encodings/ascii.py","2009-11-10 03:00:39 EET"
"/img_jo-2009-11-16.E01/vol_vol2/Program Files/OpenOffice.org 3/Basis/program/python-core-2.6.1/lib/encodings/base64_codec.py",File,"/img_jo-2009-11-16.E01/vol_vol2/Program Files/OpenOffice.org 3/Basis/program/python-core-2.6.1/lib/encodings/base64_codec.py","2009-11-10 03:00:39 EET"
"/img_jo-2009-11-16.E01/vol_vol2/Program Files/OpenOffice.org 3/Basis/program/python-core-2.6.1/lib/encodings/big5.py",File,"/img_jo-2009-11-16.E01/vol_vol2/Program Files/OpenOffice.org 3/Basis/program/python-core-2.6.1/lib/encodings/big5.py","2009-11-10 03:00:38 EET"
"/img_jo-2009-11-16.E01/vol_vol2/Program Files/OpenOffice.org 3/Basis/program/python-core-2.6.1/lib/encodings/big5hkscs.py",File,"/img_jo-2009-11-16.E01/vol_vol2/Program Files/OpenOffice.org 3/Basis/program/python-core-2.6.1/lib/encodings/big5hkscs.py","2009-11-10 03:00:38 EET"
"/img_jo-2009-11-16.E01/vol_vol2/Program Files/OpenOffice.org 3/Basis/program/python-core-2.6.1/lib/encodings/bz2_codec.py",File,"/img_jo-2009-11-16.E01/vol_vol2/Program Files/OpenOffice.org 3/Basis/program/python-core-2.6.1/lib/encodings/bz2_codec.py","2009-11-10 03:00:38 EET"
"/img_jo-2009-11-16.E01/vol_vol2/Program Files/OpenOffice.org 3/Basis/program/python-core-2.6.1/lib/encodings/charmap.py",File,"/img_jo-2009-11-16.E01/vol_vol2/Program Files/OpenOffice.org 3/Basis/program/python-core-2.6.1/lib/encodings/charmap.py","2009-11-10 03:00:39 EET"
"/img_jo-2009-11-16.E01/vol_vol2/Program Files/OpenOffice.org 3/Basis/program/python-core-2.6.1/lib/encodings/cp949.py",File,"/img_jo-2009-11-16.E01/vol_vol2/Program Files/OpenOffice.org 3/Basis/program/python-core-2.6.1/lib/encodings/cp949.py","2009-11-10 03:00:39 EET"
"/img_jo-2009-11-16.E01/vol_vol2/Program Files/OpenOffice.org 3/Basis/program/python-core-2.6.1/lib/encodings/euc_jis_2004.py",File,"/img_jo-2009-11-16.E01/vol_vol2/Program Files/OpenOffice.org 3/Basis/program/python-core-2.6.1/lib/encodings/euc_jis_2004.py","2009-11-10 03:00:39 EET"
"/img_jo-2009-11-16.E01/vol_vol2/Program Files/OpenOffice.org 3/Basis/program/python-core-2.6.1/lib/encodings/euc_jp.py",File,"/img_jo-2009-11-16.E01/vol_vol2/Program Files/OpenOffice.org 3/Basis/program/python-core-2.6.1/lib/encodings/euc_jp.py","2009-11-10 03:00:38 EET"
"/img_jo-2009-11-16.E01/vol_vol2/Program Files/OpenOffice.org 3/Basis/program/python-core-2.6.1/lib/encodings/euc_kr.py",File,"/img_jo-2009-11-16.E01/vol_vol2/Program Files/OpenOffice.org 3/Basis/program/python-core-2.6.1/lib/encodings/euc_kr.py","2009-11-10 03:00:38 EET"
"/img_jo-2009-11-16.E01/vol_vol2/Program Files/OpenOffice.org 3/Basis/program/python-core-2.6.1/lib/encodings/gb18030.py",File,"/img_jo-2009-11-16.E01/vol_vol2/Program Files/OpenOffice.org 3/Basis/program/python-core-2.6.1/lib/encodings/gb18030.py","2009-11-10 03:00:39 EET"
"/img_jo-2009-11-16.E01/vol_vol2/Program Files/OpenOffice.org 3/Basis/program/python-core-2.6.1/lib/encodings/gb2312.py",File,"/img_jo-2009-11-16.E01/vol_vol2/Program Files/OpenOffice.org 3/Basis/program/python-core-2.6.1/lib/encodings/gb2312.py","2009-11-10 03:00:38 EET"
"/img_jo-2009-11-16.E01/vol_vol2/Program Files/OpenOffice.org 3/Basis/program/python-core-2.6.1/lib/encodings/gbk.py",File,"/img_jo-2009-11-16.E01/vol_vol2/Program Files/OpenOffice.org 3/Basis/program/python-core-2.6.1/lib/encodings/gbk.py","2009-11-10 03:00:38 EET"
"/img_jo-2009-11-16.E01/vol_vol2/Program Files/OpenOffice.org 3/Basis/program/python-core-2.6.1/lib/encodings/johab.py",File,"/img_jo-2009-11-16.E01/vol_vol2/Program Files/OpenOffice.org 3/Basis/program/python-core-2.6.1/lib/encodings/johab.py","2009-11-10 03:00:38 EET"
"/img_jo-2009-11-16.E01/vol_vol2/Program Files/OpenOffice.org 3/Basis/program/python-core-2.6.1/lib/encodings/latin_1.py",File,"/img_jo-2009-11-16.E01/vol_vol2/Program Files/OpenOffice.org 3/Basis/program/python-core-2.6.1/lib/encodings/latin_1.py","2009-11-10 03:00:39 EET"
"/img_jo-2009-11-16.E01/vol_vol2/Program Files/OpenOffice.org 3/Basis/program/python-core-2.6.1/lib/encodings/rot_13.py",File,"/img_jo-2009-11-16.E01/vol_vol2/Program Files/OpenOffice.org 3/Basis/program/python-core-2.6.1/lib/encodings/rot_13.py","2009-11-10 03:00:38 EET"
"/img_jo-2009-11-16.E01/vol_vol2/Program Files/OpenOffice.org 3/Basis/program/python-core-2.6.1/lib/encodings/shift_jisx0213.py",File,"/img_jo-2009-11-16.E01/vol_vol2/Program Files/OpenOffice.org 3/Basis/program/python-core-2.6.1/lib/encodings/shift_jisx0213.py","2009-11-10 03:00:38 EET"
"/img_jo-2009-11-16.E01/vol_vol2/Program Files/OpenOffice.org 3/Basis/program/python-core-2.6.1/lib/encodings/uu_codec.py",File,"/img_jo-2009-11-16.E01/vol_vol2/Program Files/OpenOffice.org 3/Basis/program/python-core-2.6.1/lib/encodings/uu_codec.py","2009-11-10 03:00:37 EET"
"/img_jo-2009-11-16.E01/vol_vol2/Program Files/OpenOffice.org 3/Basis/program/python-core-2.6.1/lib/encodings/__init__.py",File,"/img_jo-2009-11-16.E01/vol_vol2/Program Files/OpenOffice.org 3/Basis/program/python-core-2.6.1/lib/encodings/__init__.py","2009-11-10 03:00:39 EET"
"/img_jo-2009-11-16.E01/vol_vol2/Program Files/OpenOffice.org 3/Basis/program/python-core-2.6.1/lib/encodings/hz.py",File,"/img_jo-2009-11-16.E01/vol_vol2/Program Files/OpenOffice.org 3/Basis/program/python-core-2.6.1/lib/encodings/hz.py","2009-11-10 03:00:38 EET"
"/img_jo-2009-11-16.E01/vol_vol2/Program Files/OpenOffice.org 3/Basis/program/python-core-2.6.1/lib/encodings/iso2022_jp.py",File,"/img_jo-2009-11-16.E01/vol_vol2/Program Files/OpenOffice.org 3/Basis/program/python-core-2.6.1/lib/encodings/iso2022_jp.py","2009-11-10 03:00:38 EET"
"/img_jo-2009-11-16.E01/vol_vol2/Program Files/OpenOffice.org 3/Basis/program/python-core-2.6.1/lib/encodings/iso2022_jp_1.py",File,"/img_jo-2009-11-16.E01/vol_vol2/Program Files/OpenOffice.org 3/Basis/program/python-core-2.6.1/lib/encodings/iso2022_jp_1.py","2009-11-10 03:00:39 EET"
"/img_jo-2009-11-16.E01/vol_vol2/Program Files/OpenOffice.org 3/Basis/program/python-core-2.6.1/lib/encodings/iso2022_jp_2.py",File,"/img_jo-2009-11-16.E01/vol_vol2/Program Files/OpenOffice.org 3/Basis/program/python-core-2.6.1/lib/encodings/iso2022_jp_2.py","2009-11-10 03:00:39 EET"
"/img_jo-2009-11-16.E01/vol_vol2/Program Files/OpenOffice.org 3/Basis/program/python-core-2.6.1/lib/encodings/iso2022_jp_2004.py",File,"/img_jo-2009-11-16.E01/vol_vol2/Program Files/OpenOffice.org 3/Basis/program/python-core-2.6.1/lib/encodings/iso2022_jp_2004.py","2009-11-10 03:00:38 EET"
"/img_jo-2009-11-16.E01/vol_vol2/Program Files/OpenOffice.org 3/Basis/program/python-core-2.6.1/lib/encodings/iso2022_jp_3.py",File,"/img_jo-2009-11-16.E01/vol_vol2/Program Files/OpenOffice.org 3/Basis/program/python-core-2.6.1/lib/encodings/iso2022_jp_3.py","2009-11-10 03:00:39 EET"
"/img_jo-2009-11-16.E01/vol_vol2/Program Files/OpenOffice.org 3/Basis/program/python-core-2.6.1/lib/encodings/iso2022_jp_ext.py",File,"/img_jo-2009-11-16.E01/vol_vol2/Program Files/OpenOffice.org 3/Basis/program/python-core-2.6.1/lib/encodings/iso2022_jp_ext.py","2009-11-10 03:00:38 EET"
"/img_jo-2009-11-16.E01/vol_vol2/Program Files/OpenOffice.org 3/Basis/program/python-core-2.6.1/lib/encodings/iso2022_kr.py",File,"/img_jo-2009-11-16.E01/vol_vol2/Program Files/OpenOffice.org 3/Basis/program/python-core-2.6.1/lib/encodings/iso2022_kr.py","2009-11-10 03:00:38 EET"
"/img_jo-2009-11-16.E01/vol_vol2/Program Files/OpenOffice.org 3/Basis/program/python-core-2.6.1/lib/encodings/mac_latin2.py",File,"/img_jo-2009-11-16.E01/vol_vol2/Program Files/OpenOffice.org 3/Basis/program/python-core-2.6.1/lib/encodings/mac_latin2.py","2009-11-10 03:00:38 EET"
"/img_jo-2009-11-16.E01/vol_vol2/Program Files/OpenOffice.org 3/Basis/program/python-core-2.6.1/lib/encodings/mbcs.py",File,"/img_jo-2009-11-16.E01/vol_vol2/Program Files/OpenOffice.org 3/Basis/program/python-core-2.6.1/lib/encodings/mbcs.py","2009-11-10 03:00:39 EET"
"/img_jo-2009-11-16.E01/vol_vol2/Program Files/OpenOffice.org 3/Basis/program/python-core-2.6.1/lib/encodings/palmos.py",File,"/img_jo-2009-11-16.E01/vol_vol2/Program Files/OpenOffice.org 3/Basis/program/python-core-2.6.1/lib/encodings/palmos.py","2009-11-10 03:00:37 EET"
"/img_jo-2009-11-16.E01/vol_vol2/Program Files/OpenOffice.org 3/Basis/program/python-core-2.6.1/lib/encodings/ptcp154.py",File,"/img_jo-2009-11-16.E01/vol_vol2/Program Files/OpenOffice.org 3/Basis/program/python-core-2.6.1/lib/encodings/ptcp154.py","2009-11-10 03:00:38 EET"
"/img_jo-2009-11-16.E01/vol_vol2/Program Files/OpenOffice.org 3/Basis/program/python-core-2.6.1/lib/encodings/raw_unicode_escape.py",File,"/img_jo-2009-11-16.E01/vol_vol2/Program Files/OpenOffice.org 3/Basis/program/python-core-2.6.1/lib/encodings/raw_unicode_escape.py","2009-11-10 03:00:39 EET"
"/img_jo-2009-11-16.E01/vol_vol2/Program Files/OpenOffice.org 3/Basis/program/python-core-2.6.1/lib/encodings/shift_jis.py",File,"/img_jo-2009-11-16.E01/vol_vol2/Program Files/OpenOffice.org 3/Basis/program/python-core-2.6.1/lib/encodings/shift_jis.py","2009-11-10 03:00:39 EET"
"/img_jo-2009-11-16.E01/vol_vol2/Program Files/OpenOffice.org 3/Basis/program/python-core-2.6.1/lib/encodings/utf_8.py",File,"/img_jo-2009-11-16.E01/vol_vol2/Program Files/OpenOffice.org 3/Basis/program/python-core-2.6.1/lib/encodings/utf_8.py","2009-11-10 03:00:39 EET"
"/img_jo-2009-11-16.E01/vol_vol2/Program Files/OpenOffice.org 3/Basis/program/python-core-2.6.1/lib/encodings/zlib_codec.py",File,"/img_jo-2009-11-16.E01/vol_vol2/Program Files/OpenOffice.org 3/Basis/program/python-core-2.6.1/lib/encodings/zlib_codec.py","2009-11-10 03:00:39 EET"
"/img_jo-2009-11-16.E01/vol_vol2/Program Files/OpenOffice.org 3/Basis/program/python-core-2.6.1/lib/encodings/cp932.py",File,"/img_jo-2009-11-16.E01/vol_vol2/Program Files/OpenOffice.org 3/Basis/program/python-core-2.6.1/lib/encodings/cp932.py","2009-11-10 03:00:39 EET"
"/img_jo-2009-11-16.E01/vol_vol2/Program Files/OpenOffice.org 3/Basis/program/python-core-2.6.1/lib/encodings/cp950.py",File,"/img_jo-2009-11-16.E01/vol_vol2/Program Files/OpenOffice.org 3/Basis/program/python-core-2.6.1/lib/encodings/cp950.py","2009-11-10 03:00:39 EET"
"/img_jo-2009-11-16.E01/vol_vol2/Program Files/OpenOffice.org 3/Basis/program/python-core-2.6.1/lib/encodings/euc_jisx0213.py",File,"/img_jo-2009-11-16.E01/vol_vol2/Program Files/OpenOffice.org 3/Basis/program/python-core-2.6.1/lib/encodings/euc_jisx0213.py","2009-11-10 03:00:39 EET"
"/img_jo-2009-11-16.E01/vol_vol2/Program Files/OpenOffice.org 3/Basis/program/python-core-2.6.1/lib/encodings/hex_codec.py",File,"/img_jo-2009-11-16.E01/vol_vol2/Program Files/OpenOffice.org 3/Basis/program/python-core-2.6.1/lib/encodings/hex_codec.py","2009-11-10 03:00:37 EET"
"/img_jo-2009-11-16.E01/vol_vol2/Program Files/OpenOffice.org 3/Basis/program/python-core-2.6.1/lib/encodings/shift_jis_2004.py",File,"/img_jo-2009-11-16.E01/vol_vol2/Program Files/OpenOffice.org 3/Basis/program/python-core-2.6.1/lib/encodings/shift_jis_2004.py","2009-11-10 03:00:39 EET"
"/img_jo-2009-11-16.E01/vol_vol2/Program Files/OpenOffice.org 3/Basis/program/python-core-2.6.1/lib/encodings/string_escape.py",File,"/img_jo-2009-11-16.E01/vol_vol2/Program Files/OpenOffice.org 3/Basis/program/python-core-2.6.1/lib/encodings/string_escape.py","2009-11-10 03:00:39 EET"
"/img_jo-2009-11-16.E01/vol_vol2/Program Files/OpenOffice.org 3/Basis/program/python-core-2.6.1/lib/encodings/undefined.py",File,"/img_jo-2009-11-16.E01/vol_vol2/Program Files/OpenOffice.org 3/Basis/program/python-core-2.6.1/lib/encodings/undefined.py","2009-11-10 03:00:39 EET"
"/img_jo-2009-11-16.E01/vol_vol2/Program Files/OpenOffice.org 3/Basis/program/python-core-2.6.1/lib/encodings/unicode_escape.py",File,"/img_jo-2009-11-16.E01/vol_vol2/Program Files/OpenOffice.org 3/Basis/program/python-core-2.6.1/lib/encodings/unicode_escape.py","2009-11-10 03:00:39 EET"
"/img_jo-2009-11-16.E01/vol_vol2/Program Files/OpenOffice.org 3/Basis/program/python-core-2.6.1/lib/encodings/unicode_internal.py",File,"/img_jo-2009-11-16.E01/vol_vol2/Program Files/OpenOffice.org 3/Basis/program/python-core-2.6.1/lib/encodings/unicode_internal.py","2009-11-10 03:00:39 EET"
"/img_jo-2009-11-16.E01/vol_vol2/Program Files/OpenOffice.org 3/Basis/program/python-core-2.6.1/lib/encodings/utf_16.py",File,"/img_jo-2009-11-16.E01/vol_vol2/Program Files/OpenOffice.org 3/Basis/program/python-core-2.6.1/lib/encodings/utf_16.py","2009-11-10 03:00:39 EET"
"/img_jo-2009-11-16.E01/vol_vol2/Program Files/OpenOffice.org 3/Basis/program/python-core-2.6.1/lib/encodings/utf_16_be.py",File,"/img_jo-2009-11-16.E01/vol_vol2/Program Files/OpenOffice.org 3/Basis/program/python-core-2.6.1/lib/encodings/utf_16_be.py","2009-11-10 03:00:39 EET"
"/img_jo-2009-11-16.E01/vol_vol2/Program Files/OpenOffice.org 3/Basis/program/python-core-2.6.1/lib/encodings/utf_16_le.py",File,"/img_jo-2009-11-16.E01/vol_vol2/Program Files/OpenOffice.org 3/Basis/program/python-core-2.6.1/lib/encodings/utf_16_le.py","2009-11-10 03:00:39 EET"
"/img_jo-2009-11-16.E01/vol_vol2/Program Files/OpenOffice.org 3/Basis/program/python-core-2.6.1/lib/encodings/utf_7.py",File,"/img_jo-2009-11-16.E01/vol_vol2/Program Files/OpenOffice.org 3/Basis/program/python-core-2.6.1/lib/encodings/utf_7.py","2009-11-10 03:00:39 EET"
"/img_jo-2009-11-16.E01/vol_vol2/Program Files/OpenOffice.org 3/Basis/program/python-core-2.6.1/lib/md5.py",File,"/img_jo-2009-11-16.E01/vol_vol2/Program Files/OpenOffice.org 3/Basis/program/python-core-2.6.1/lib/md5.py","2009-11-10 03:00:41 EET"
"/img_jo-2009-11-16.E01/vol_vol2/Program Files/OpenOffice.org 3/Basis/program/python-core-2.6.1/lib/optparse.py",File,"/img_jo-2009-11-16.E01/vol_vol2/Program Files/OpenOffice.org 3/Basis/program/python-core-2.6.1/lib/optparse.py","2009-11-10 03:00:41 EET"
"/img_jo-2009-11-16.E01/vol_vol2/Program Files/OpenOffice.org 3/Basis/program/python-core-2.6.1/lib/SimpleXMLRPCServer.py",File,"/img_jo-2009-11-16.E01/vol_vol2/Program Files/OpenOffice.org 3/Basis/program/python-core-2.6.1/lib/SimpleXMLRPCServer.py","2009-11-10 03:00:56 EET"
"/img_jo-2009-11-16.E01/vol_vol2/Program Files/OpenOffice.org 3/Basis/program/xpcom.dll",File,"/img_jo-2009-11-16.E01/vol_vol2/Program Files/OpenOffice.org 3/Basis/program/xpcom.dll","2009-11-10 03:00:29 EET"
"/img_jo-2009-11-16.E01/vol_vol2/Program Files/OpenOffice.org 3/Basis/share/autocorr/acor_cs-CZ.dat",File,"/img_jo-2009-11-16.E01/vol_vol2/Program Files/OpenOffice.org 3/Basis/share/autocorr/acor_cs-CZ.dat","2009-11-10 02:58:13 EET"
"/img_jo-2009-11-16.E01/vol_vol2/Program Files/OpenOffice.org 3/Basis/share/autocorr/acor_sk-SK.dat",File,"/img_jo-2009-11-16.E01/vol_vol2/Program Files/OpenOffice.org 3/Basis/share/autocorr/acor_sk-SK.dat","2009-11-10 02:58:14 EET"
"/img_jo-2009-11-16.E01/vol_vol2/Program Files/OpenOffice.org 3/Basis/share/dtd/math/1_01/math.dtd",File,"/img_jo-2009-11-16.E01/vol_vol2/Program Files/OpenOffice.org 3/Basis/share/dtd/math/1_01/math.dtd","2009-11-10 02:58:02 EET"
"/img_jo-2009-11-16.E01/vol_vol2/Program Files/OpenOffice.org 3/Basis/share/dtd/math/1_01/w3c_ipr_software_notice.html",File,"/img_jo-2009-11-16.E01/vol_vol2/Program Files/OpenOffice.org 3/Basis/share/dtd/math/1_01/w3c_ipr_software_notice.html","2009-11-10 02:58:44 EET"
"/img_jo-2009-11-16.E01/vol_vol2/Program Files/OpenOffice.org 3/Basis/share/fingerprint/fpdb.conf",File,"/img_jo-2009-11-16.E01/vol_vol2/Program Files/OpenOffice.org 3/Basis/share/fingerprint/fpdb.conf","2009-11-10 02:58:00 EET"
"/img_jo-2009-11-16.E01/vol_vol2/Program Files/OpenOffice.org 3/Basis/share/gallery/sg1.sdv",File,"/img_jo-2009-11-16.E01/vol_vol2/Program Files/OpenOffice.org 3/Basis/share/gallery/sg1.sdv","2009-11-10 02:58:21 EET"
"/img_jo-2009-11-16.E01/vol_vol2/Program Files/OpenOffice.org 3/Basis/share/gallery/sg2.sdv",File,"/img_jo-2009-11-16.E01/vol_vol2/Program Files/OpenOffice.org 3/Basis/share/gallery/sg2.sdv","2009-11-10 02:58:21 EET"
"/img_jo-2009-11-16.E01/vol_vol2/Program Files/OpenOffice.org 3/Basis/share/gallery/sg24.sdv",File,"/img_jo-2009-11-16.E01/vol_vol2/Program Files/OpenOffice.org 3/Basis/share/gallery/sg24.sdv","2009-11-10 02:58:21 EET"
"/img_jo-2009-11-16.E01/vol_vol2/Program Files/OpenOffice.org 3/Basis/share/gallery/sg25.sdv",File,"/img_jo-2009-11-16.E01/vol_vol2/Program Files/OpenOffice.org 3/Basis/share/gallery/sg25.sdv","2009-11-10 02:58:21 EET"
"/img_jo-2009-11-16.E01/vol_vol2/Program Files/OpenOffice.org 3/Basis/share/gallery/sg3.sdv",File,"/img_jo-2009-11-16.E01/vol_vol2/Program Files/OpenOffice.org 3/Basis/share/gallery/sg3.sdv","2009-11-10 02:58:21 EET"
"/img_jo-2009-11-16.E01/vol_vol2/Program Files/OpenOffice.org 3/Basis/share/gallery/sg36.sdv",File,"/img_jo-2009-11-16.E01/vol_vol2/Program Files/OpenOffice.org 3/Basis/share/gallery/sg36.sdv","2009-11-10 02:58:21 EET"
"/img_jo-2009-11-16.E01/vol_vol2/Program Files/OpenOffice.org 3/Basis/share/gallery/sg4.sdv",File,"/img_jo-2009-11-16.E01/vol_vol2/Program Files/OpenOffice.org 3/Basis/share/gallery/sg4.sdv","2009-11-10 02:58:21 EET"
"/img_jo-2009-11-16.E01/vol_vol2/Program Files/OpenOffice.org 3/Basis/share/gallery/sg9.sdv",File,"/img_jo-2009-11-16.E01/vol_vol2/Program Files/OpenOffice.org 3/Basis/share/gallery/sg9.sdv","2009-11-10 02:58:21 EET"
"/img_jo-2009-11-16.E01/vol_vol2/Program Files/OpenOffice.org 3/Basis/share/template/wizard/letter/cs/bus-elegant_l.ott",File,"/img_jo-2009-11-16.E01/vol_vol2/Program Files/OpenOffice.org 3/Basis/share/template/wizard/letter/cs/bus-elegant_l.ott","2009-11-10 02:58:28 EET"
"/img_jo-2009-11-16.E01/vol_vol2/Program Files/OpenOffice.org 3/Basis/share/template/wizard/letter/cs/bus-modern_l.ott",File,"/img_jo-2009-11-16.E01/vol_vol2/Program Files/OpenOffice.org 3/Basis/share/template/wizard/letter/cs/bus-modern_l.ott","2009-11-10 02:58:28 EET"
"/img_jo-2009-11-16.E01/vol_vol2/Program Files/OpenOffice.org 3/Basis/share/template/wizard/letter/cs/bus-office_l.ott",File,"/img_jo-2009-11-16.E01/vol_vol2/Program Files/OpenOffice.org 3/Basis/share/template/wizard/letter/cs/bus-office_l.ott","2009-11-10 02:58:28 EET"
"/img_jo-2009-11-16.E01/vol_vol2/Program Files/OpenOffice.org 3/Basis/share/template/wizard/letter/cs/off-elegant_l.ott",File,"/img_jo-2009-11-16.E01/vol_vol2/Program Files/OpenOffice.org 3/Basis/share/template/wizard/letter/cs/off-elegant_l.ott","2009-11-10 02:58:28 EET"
"/img_jo-2009-11-16.E01/vol_vol2/Program Files/OpenOffice.org 3/Basis/share/template/wizard/letter/cs/off-modern_l.ott",File,"/img_jo-2009-11-16.E01/vol_vol2/Program Files/OpenOffice.org 3/Basis/share/template/wizard/letter/cs/off-modern_l.ott","2009-11-10 02:58:28 EET"
"/img_jo-2009-11-16.E01/vol_vol2/Program Files/OpenOffice.org 3/Basis/share/template/wizard/letter/cs/off-office_l.ott",File,"/img_jo-2009-11-16.E01/vol_vol2/Program Files/OpenOffice.org 3/Basis/share/template/wizard/letter/cs/off-office_l.ott","2009-11-10 02:58:28 EET"
"/img_jo-2009-11-16.E01/vol_vol2/Program Files/OpenOffice.org 3/Basis/share/template/wizard/letter/cs/pri-bottle_l.ott",File,"/img_jo-2009-11-16.E01/vol_vol2/Program Files/OpenOffice.org 3/Basis/share/template/wizard/letter/cs/pri-bottle_l.ott","2009-11-10 02:58:28 EET"
"/img_jo-2009-11-16.E01/vol_vol2/Program Files/OpenOffice.org 3/Basis/share/template/wizard/letter/cs/pri-mail_l.ott",File,"/img_jo-2009-11-16.E01/vol_vol2/Program Files/OpenOffice.org 3/Basis/share/template/wizard/letter/cs/pri-mail_l.ott","2009-11-10 02:58:28 EET"
"/img_jo-2009-11-16.E01/vol_vol2/Program Files/OpenOffice.org 3/Basis/share/template/wizard/letter/cs/pri-marine_l.ott",File,"/img_jo-2009-11-16.E01/vol_vol2/Program Files/OpenOffice.org 3/Basis/share/template/wizard/letter/cs/pri-marine_l.ott","2009-11-10 02:58:28 EET"
"/img_jo-2009-11-16.E01/vol_vol2/Program Files/OpenOffice.org 3/Basis/share/template/wizard/letter/cs/pri-redline_l.ott",File,"/img_jo-2009-11-16.E01/vol_vol2/Program Files/OpenOffice.org 3/Basis/share/template/wizard/letter/cs/pri-redline_l.ott","2009-11-10 02:58:28 EET"
"/img_jo-2009-11-16.E01/vol_vol2/Program Files/OpenOffice.org 3/Basis/share/template/wizard/letter/hu/bus-elegant_l.ott",File,"/img_jo-2009-11-16.E01/vol_vol2/Program Files/OpenOffice.org 3/Basis/share/template/wizard/letter/hu/bus-elegant_l.ott","2009-11-10 02:58:29 EET"
"/img_jo-2009-11-16.E01/vol_vol2/Program Files/OpenOffice.org 3/Basis/share/template/wizard/letter/hu/bus-modern_l.ott",File,"/img_jo-2009-11-16.E01/vol_vol2/Program Files/OpenOffice.org 3/Basis/share/template/wizard/letter/hu/bus-modern_l.ott","2009-11-10 02:58:29 EET"
"/img_jo-2009-11-16.E01/vol_vol2/Program Files/OpenOffice.org 3/Basis/share/template/wizard/letter/hu/bus-office_l.ott",File,"/img_jo-2009-11-16.E01/vol_vol2/Program Files/OpenOffice.org 3/Basis/share/template/wizard/letter/hu/bus-office_l.ott","2009-11-10 02:58:29 EET"
"/img_jo-2009-11-16.E01/vol_vol2/Program Files/OpenOffice.org 3/Basis/share/template/wizard/letter/hu/off-elegant_l.ott",File,"/img_jo-2009-11-16.E01/vol_vol2/Program Files/OpenOffice.org 3/Basis/share/template/wizard/letter/hu/off-elegant_l.ott","2009-11-10 02:58:29 EET"
"/img_jo-2009-11-16.E01/vol_vol2/Program Files/OpenOffice.org 3/Basis/share/template/wizard/letter/hu/off-modern_l.ott",File,"/img_jo-2009-11-16.E01/vol_vol2/Program Files/OpenOffice.org 3/Basis/share/template/wizard/letter/hu/off-modern_l.ott","2009-11-10 02:58:29 EET"
"/img_jo-2009-11-16.E01/vol_vol2/Program Files/OpenOffice.org 3/Basis/share/template/wizard/letter/hu/off-office_l.ott",File,"/img_jo-2009-11-16.E01/vol_vol2/Program Files/OpenOffice.org 3/Basis/share/template/wizard/letter/hu/off-office_l.ott","2009-11-10 02:58:29 EET"
"/img_jo-2009-11-16.E01/vol_vol2/Program Files/OpenOffice.org 3/Basis/share/template/wizard/letter/hu/pri-bottle_l.ott",File,"/img_jo-2009-11-16.E01/vol_vol2/Program Files/OpenOffice.org 3/Basis/share/template/wizard/letter/hu/pri-bottle_l.ott","2009-11-10 02:58:29 EET"
"/img_jo-2009-11-16.E01/vol_vol2/Program Files/OpenOffice.org 3/Basis/share/template/wizard/letter/hu/pri-mail_l.ott",File,"/img_jo-2009-11-16.E01/vol_vol2/Program Files/OpenOffice.org 3/Basis/share/template/wizard/letter/hu/pri-mail_l.ott","2009-11-10 02:58:29 EET"
"/img_jo-2009-11-16.E01/vol_vol2/Program Files/OpenOffice.org 3/Basis/share/template/wizard/letter/hu/pri-marine_l.ott",File,"/img_jo-2009-11-16.E01/vol_vol2/Program Files/OpenOffice.org 3/Basis/share/template/wizard/letter/hu/pri-marine_l.ott","2009-11-10 02:58:29 EET"
"/img_jo-2009-11-16.E01/vol_vol2/Program Files/OpenOffice.org 3/Basis/share/template/wizard/letter/hu/pri-redline_l.ott",File,"/img_jo-2009-11-16.E01/vol_vol2/Program Files/OpenOffice.org 3/Basis/share/template/wizard/letter/hu/pri-redline_l.ott","2009-11-10 02:58:29 EET"
"/img_jo-2009-11-16.E01/vol_vol2/Program Files/OpenOffice.org 3/Basis/share/template/wizard/letter/nl/bus-elegant_l.ott",File,"/img_jo-2009-11-16.E01/vol_vol2/Program Files/OpenOffice.org 3/Basis/share/template/wizard/letter/nl/bus-elegant_l.ott","2009-11-10 02:58:30 EET"
"/img_jo-2009-11-16.E01/vol_vol2/Program Files/OpenOffice.org 3/Basis/share/template/wizard/letter/nl/bus-modern_l.ott",File,"/img_jo-2009-11-16.E01/vol_vol2/Program Files/OpenOffice.org 3/Basis/share/template/wizard/letter/nl/bus-modern_l.ott","2009-11-10 02:58:30 EET"
"/img_jo-2009-11-16.E01/vol_vol2/Program Files/OpenOffice.org 3/Basis/share/template/wizard/letter/nl/bus-office_l.ott",File,"/img_jo-2009-11-16.E01/vol_vol2/Program Files/OpenOffice.org 3/Basis/share/template/wizard/letter/nl/bus-office_l.ott","2009-11-10 02:58:30 EET"
"/img_jo-2009-11-16.E01/vol_vol2/Program Files/OpenOffice.org 3/Basis/share/template/wizard/letter/nl/off-elegant_l.ott",File,"/img_jo-2009-11-16.E01/vol_vol2/Program Files/OpenOffice.org 3/Basis/share/template/wizard/letter/nl/off-elegant_l.ott","2009-11-10 02:58:30 EET"
"/img_jo-2009-11-16.E01/vol_vol2/Program Files/OpenOffice.org 3/Basis/share/template/wizard/letter/nl/off-modern_l.ott",File,"/img_jo-2009-11-16.E01/vol_vol2/Program Files/OpenOffice.org 3/Basis/share/template/wizard/letter/nl/off-modern_l.ott","2009-11-10 02:58:30 EET"
"/img_jo-2009-11-16.E01/vol_vol2/Program Files/OpenOffice.org 3/Basis/share/template/wizard/letter/nl/off-office_l.ott",File,"/img_jo-2009-11-16.E01/vol_vol2/Program Files/OpenOffice.org 3/Basis/share/template/wizard/letter/nl/off-office_l.ott","2009-11-10 02:58:30 EET"
"/img_jo-2009-11-16.E01/vol_vol2/Program Files/OpenOffice.org 3/Basis/share/template/wizard/letter/nl/pri-bottle_l.ott",File,"/img_jo-2009-11-16.E01/vol_vol2/Program Files/OpenOffice.org 3/Basis/share/template/wizard/letter/nl/pri-bottle_l.ott","2009-11-10 02:58:30 EET"
"/img_jo-2009-11-16.E01/vol_vol2/Program Files/OpenOffice.org 3/Basis/share/template/wizard/letter/nl/pri-mail_l.ott",File,"/img_jo-2009-11-16.E01/vol_vol2/Program Files/OpenOffice.org 3/Basis/share/template/wizard/letter/nl/pri-mail_l.ott","2009-11-10 02:58:30 EET"
"/img_jo-2009-11-16.E01/vol_vol2/Program Files/OpenOffice.org 3/Basis/share/template/wizard/letter/nl/pri-marine_l.ott",File,"/img_jo-2009-11-16.E01/vol_vol2/Program Files/OpenOffice.org 3/Basis/share/template/wizard/letter/nl/pri-marine_l.ott","2009-11-10 02:58:30 EET"
"/img_jo-2009-11-16.E01/vol_vol2/Program Files/OpenOffice.org 3/Basis/share/template/wizard/letter/nl/pri-redline_l.ott",File,"/img_jo-2009-11-16.E01/vol_vol2/Program Files/OpenOffice.org 3/Basis/share/template/wizard/letter/nl/pri-redline_l.ott","2009-11-10 02:58:30 EET"
"/img_jo-2009-11-16.E01/vol_vol2/Program Files/OpenOffice.org 3/Basis/share/template/wizard/letter/pl/bus-elegant_l.ott",File,"/img_jo-2009-11-16.E01/vol_vol2/Program Files/OpenOffice.org 3/Basis/share/template/wizard/letter/pl/bus-elegant_l.ott","2009-11-10 02:58:30 EET"
"/img_jo-2009-11-16.E01/vol_vol2/Program Files/OpenOffice.org 3/Basis/share/template/wizard/letter/pl/bus-modern_l.ott",File,"/img_jo-2009-11-16.E01/vol_vol2/Program Files/OpenOffice.org 3/Basis/share/template/wizard/letter/pl/bus-modern_l.ott","2009-11-10 02:58:30 EET"
"/img_jo-2009-11-16.E01/vol_vol2/Program Files/OpenOffice.org 3/Basis/share/template/wizard/letter/pl/bus-office_l.ott",File,"/img_jo-2009-11-16.E01/vol_vol2/Program Files/OpenOffice.org 3/Basis/share/template/wizard/letter/pl/bus-office_l.ott","2009-11-10 02:58:30 EET"
"/img_jo-2009-11-16.E01/vol_vol2/Program Files/OpenOffice.org 3/Basis/share/template/wizard/letter/pl/off-elegant_l.ott",File,"/img_jo-2009-11-16.E01/vol_vol2/Program Files/OpenOffice.org 3/Basis/share/template/wizard/letter/pl/off-elegant_l.ott","2009-11-10 02:58:30 EET"
"/img_jo-2009-11-16.E01/vol_vol2/Program Files/OpenOffice.org 3/Basis/share/template/wizard/letter/pl/off-modern_l.ott",File,"/img_jo-2009-11-16.E01/vol_vol2/Program Files/OpenOffice.org 3/Basis/share/template/wizard/letter/pl/off-modern_l.ott","2009-11-10 02:58:30 EET"
"/img_jo-2009-11-16.E01/vol_vol2/Program Files/OpenOffice.org 3/Basis/share/template/wizard/letter/pl/off-office_l.ott",File,"/img_jo-2009-11-16.E01/vol_vol2/Program Files/OpenOffice.org 3/Basis/share/template/wizard/letter/pl/off-office_l.ott","2009-11-10 02:58:30 EET"
"/img_jo-2009-11-16.E01/vol_vol2/Program Files/OpenOffice.org 3/Basis/share/template/wizard/letter/pl/pri-bottle_l.ott",File,"/img_jo-2009-11-16.E01/vol_vol2/Program Files/OpenOffice.org 3/Basis/share/template/wizard/letter/pl/pri-bottle_l.ott","2009-11-10 02:58:30 EET"
"/img_jo-2009-11-16.E01/vol_vol2/Program Files/OpenOffice.org 3/Basis/share/template/wizard/letter/pl/pri-mail_l.ott",File,"/img_jo-2009-11-16.E01/vol_vol2/Program Files/OpenOffice.org 3/Basis/share/template/wizard/letter/pl/pri-mail_l.ott","2009-11-10 02:58:30 EET"
"/img_jo-2009-11-16.E01/vol_vol2/Program Files/OpenOffice.org 3/Basis/share/template/wizard/letter/pl/pri-marine_l.ott",File,"/img_jo-2009-11-16.E01/vol_vol2/Program Files/OpenOffice.org 3/Basis/share/template/wizard/letter/pl/pri-marine_l.ott","2009-11-10 02:58:30 EET"
"/img_jo-2009-11-16.E01/vol_vol2/Program Files/OpenOffice.org 3/Basis/share/template/wizard/letter/pl/pri-redline_l.ott",File,"/img_jo-2009-11-16.E01/vol_vol2/Program Files/OpenOffice.org 3/Basis/share/template/wizard/letter/pl/pri-redline_l.ott","2009-11-10 02:58:30 EET"
"/img_jo-2009-11-16.E01/vol_vol2/Program Files/OpenOffice.org 3/Basis/share/template/wizard/letter/sk/bus-elegant_l.ott",File,"/img_jo-2009-11-16.E01/vol_vol2/Program Files/OpenOffice.org 3/Basis/share/template/wizard/letter/sk/bus-elegant_l.ott","2009-11-10 02:58:30 EET"
"/img_jo-2009-11-16.E01/vol_vol2/Program Files/OpenOffice.org 3/Basis/share/template/wizard/letter/sk/bus-modern_l.ott",File,"/img_jo-2009-11-16.E01/vol_vol2/Program Files/OpenOffice.org 3/Basis/share/template/wizard/letter/sk/bus-modern_l.ott","2009-11-10 02:58:30 EET"
"/img_jo-2009-11-16.E01/vol_vol2/Program Files/OpenOffice.org 3/Basis/share/template/wizard/letter/sk/bus-office_l.ott",File,"/img_jo-2009-11-16.E01/vol_vol2/Program Files/OpenOffice.org 3/Basis/share/template/wizard/letter/sk/bus-office_l.ott","2009-11-10 02:58:30 EET"
"/img_jo-2009-11-16.E01/vol_vol2/Program Files/OpenOffice.org 3/Basis/share/template/wizard/letter/sk/off-elegant_l.ott",File,"/img_jo-2009-11-16.E01/vol_vol2/Program Files/OpenOffice.org 3/Basis/share/template/wizard/letter/sk/off-elegant_l.ott","2009-11-10 02:58:30 EET"
"/img_jo-2009-11-16.E01/vol_vol2/Program Files/OpenOffice.org 3/Basis/share/template/wizard/letter/sk/off-modern_l.ott",File,"/img_jo-2009-11-16.E01/vol_vol2/Program Files/OpenOffice.org 3/Basis/share/template/wizard/letter/sk/off-modern_l.ott","2009-11-10 02:58:30 EET"
"/img_jo-2009-11-16.E01/vol_vol2/Program Files/OpenOffice.org 3/Basis/share/template/wizard/letter/sk/off-office_l.ott",File,"/img_jo-2009-11-16.E01/vol_vol2/Program Files/OpenOffice.org 3/Basis/share/template/wizard/letter/sk/off-office_l.ott","2009-11-10 02:58:30 EET"
"/img_jo-2009-11-16.E01/vol_vol2/Program Files/OpenOffice.org 3/Basis/share/template/wizard/letter/sk/pri-bottle_l.ott",File,"/img_jo-2009-11-16.E01/vol_vol2/Program Files/OpenOffice.org 3/Basis/share/template/wizard/letter/sk/pri-bottle_l.ott","2009-11-10 02:58:30 EET"
"/img_jo-2009-11-16.E01/vol_vol2/Program Files/OpenOffice.org 3/Basis/share/template/wizard/letter/sk/pri-mail_l.ott",File,"/img_jo-2009-11-16.E01/vol_vol2/Program Files/OpenOffice.org 3/Basis/share/template/wizard/letter/sk/pri-mail_l.ott","2009-11-10 02:58:30 EET"
"/img_jo-2009-11-16.E01/vol_vol2/Program Files/OpenOffice.org 3/Basis/share/template/wizard/letter/sk/pri-marine_l.ott",File,"/img_jo-2009-11-16.E01/vol_vol2/Program Files/OpenOffice.org 3/Basis/share/template/wizard/letter/sk/pri-marine_l.ott","2009-11-10 02:58:30 EET"
"/img_jo-2009-11-16.E01/vol_vol2/Program Files/OpenOffice.org 3/Basis/share/template/wizard/letter/sk/pri-redline_l.ott",File,"/img_jo-2009-11-16.E01/vol_vol2/Program Files/OpenOffice.org 3/Basis/share/template/wizard/letter/sk/pri-redline_l.ott","2009-11-10 02:58:30 EET"
"/img_jo-2009-11-16.E01/vol_vol2/Program Files/OpenOffice.org 3/Basis/share/xslt/docbook/docbooktosoffheadings.xsl",File,"/img_jo-2009-11-16.E01/vol_vol2/Program Files/OpenOffice.org 3/Basis/share/xslt/docbook/docbooktosoffheadings.xsl","2009-11-10 03:01:21 EET"
"/img_jo-2009-11-16.E01/vol_vol2/Program Files/OpenOffice.org 3/Basis/share/xslt/docbook/sofftodocbookheadings.xsl",File,"/img_jo-2009-11-16.E01/vol_vol2/Program Files/OpenOffice.org 3/Basis/share/xslt/docbook/sofftodocbookheadings.xsl","2009-11-10 03:01:22 EET"
"/img_jo-2009-11-16.E01/vol_vol2/Program Files/OpenOffice.org 3/readme.html",File,"/img_jo-2009-11-16.E01/vol_vol2/Program Files/OpenOffice.org 3/readme.html","2009-11-10 02:57:57 EET"
"/img_jo-2009-11-16.E01/vol_vol2/Program Files/OpenOffice.org 3/readme.txt",File,"/img_jo-2009-11-16.E01/vol_vol2/Program Files/OpenOffice.org 3/readme.txt","2009-11-10 02:57:56 EET"
"/img_jo-2009-11-16.E01/vol_vol2/Program Files/OpenOffice.org 3/readmes/readme_en-US.html",File,"/img_jo-2009-11-16.E01/vol_vol2/Program Files/OpenOffice.org 3/readmes/readme_en-US.html","2009-11-10 02:57:54 EET"
"/img_jo-2009-11-16.E01/vol_vol2/Program Files/OpenOffice.org 3/readmes/readme_en-US.txt",File,"/img_jo-2009-11-16.E01/vol_vol2/Program Files/OpenOffice.org 3/readmes/readme_en-US.txt","2009-11-10 02:57:54 EET"
"/img_jo-2009-11-16.E01/vol_vol2/Program Files/OpenOffice.org 3/share/readme/readme_en-US.html",File,"/img_jo-2009-11-16.E01/vol_vol2/Program Files/OpenOffice.org 3/share/readme/readme_en-US.html","2009-11-10 02:57:57 EET"
"/img_jo-2009-11-16.E01/vol_vol2/Program Files/OpenOffice.org 3/share/readme/readme_en-US.txt",File,"/img_jo-2009-11-16.E01/vol_vol2/Program Files/OpenOffice.org 3/share/readme/readme_en-US.txt","2009-11-10 02:57:57 EET"
"/img_jo-2009-11-16.E01/vol_vol2/Program Files/OpenOffice.org 3/share/uno_packages/cache/uno_packages/49.tmp_/dict-en.oxt/changelog.txt",File,"/img_jo-2009-11-16.E01/vol_vol2/Program Files/OpenOffice.org 3/share/uno_packages/cache/uno_packages/49.tmp_/dict-en.oxt/changelog.txt","2009-11-10 03:02:04 EET"
"/img_jo-2009-11-16.E01/vol_vol2/Program Files/OpenOffice.org 3/share/uno_packages/cache/uno_packages/49.tmp_/dict-en.oxt/en_AU.aff",File,"/img_jo-2009-11-16.E01/vol_vol2/Program Files/OpenOffice.org 3/share/uno_packages/cache/uno_packages/49.tmp_/dict-en.oxt/en_AU.aff","2009-11-10 03:02:07 EET"
"/img_jo-2009-11-16.E01/vol_vol2/Program Files/OpenOffice.org 3/share/uno_packages/cache/uno_packages/49.tmp_/dict-en.oxt/README_en_AU.txt",File,"/img_jo-2009-11-16.E01/vol_vol2/Program Files/OpenOffice.org 3/share/uno_packages/cache/uno_packages/49.tmp_/dict-en.oxt/README_en_AU.txt","2009-11-10 03:02:04 EET"
"/img_jo-2009-11-16.E01/vol_vol2/Program Files/OpenOffice.org 3/share/uno_packages/cache/uno_packages/49.tmp_/dict-en.oxt/README_en_CA.txt",File,"/img_jo-2009-11-16.E01/vol_vol2/Program Files/OpenOffice.org 3/share/uno_packages/cache/uno_packages/49.tmp_/dict-en.oxt/README_en_CA.txt","2009-11-10 03:02:04 EET"
"/img_jo-2009-11-16.E01/vol_vol2/Program Files/OpenOffice.org 3/share/uno_packages/cache/uno_packages/49.tmp_/dict-en.oxt/README_en_GB.txt",File,"/img_jo-2009-11-16.E01/vol_vol2/Program Files/OpenOffice.org 3/share/uno_packages/cache/uno_packages/49.tmp_/dict-en.oxt/README_en_GB.txt","2009-11-10 03:02:04 EET"
"/img_jo-2009-11-16.E01/vol_vol2/Program Files/OpenOffice.org 3/share/uno_packages/cache/uno_packages/49.tmp_/dict-en.oxt/README_en_ZA.txt",File,"/img_jo-2009-11-16.E01/vol_vol2/Program Files/OpenOffice.org 3/share/uno_packages/cache/uno_packages/49.tmp_/dict-en.oxt/README_en_ZA.txt","2009-11-10 03:02:04 EET"
"/img_jo-2009-11-16.E01/vol_vol2/Program Files/OpenOffice.org 3/share/uno_packages/cache/uno_packages/49.tmp_/dict-en.oxt/README_hyph_en_US.txt",File,"/img_jo-2009-11-16.E01/vol_vol2/Program Files/OpenOffice.org 3/share/uno_packages/cache/uno_packages/49.tmp_/dict-en.oxt/README_hyph_en_US.txt","2009-11-10 03:02:04 EET"
"/img_jo-2009-11-16.E01/vol_vol2/Program Files/OpenOffice.org 3/share/uno_packages/cache/uno_packages/49.tmp_/dict-en.oxt/README_en_US.txt",File,"/img_jo-2009-11-16.E01/vol_vol2/Program Files/OpenOffice.org 3/share/uno_packages/cache/uno_packages/49.tmp_/dict-en.oxt/README_en_US.txt","2009-11-10 03:02:05 EET"
"/img_jo-2009-11-16.E01/vol_vol2/Program Files/OpenOffice.org 3/share/uno_packages/cache/uno_packages/4D.tmp_/dict-fr.oxt/README_hyph_fr.txt",File,"/img_jo-2009-11-16.E01/vol_vol2/Program Files/OpenOffice.org 3/share/uno_packages/cache/uno_packages/4D.tmp_/dict-fr.oxt/README_hyph_fr.txt","2009-11-10 03:02:30 EET"
"/img_jo-2009-11-16.E01/vol_vol2/Program Files/OpenOffice.org 3/share/uno_packages/cache/uno_packages/4D.tmp_/dict-fr.oxt/README_hyph_fr_FR.txt",File,"/img_jo-2009-11-16.E01/vol_vol2/Program Files/OpenOffice.org 3/share/uno_packages/cache/uno_packages/4D.tmp_/dict-fr.oxt/README_hyph_fr_FR.txt","2009-11-10 03:02:30 EET"
"/img_jo-2009-11-16.E01/vol_vol2/Program Files/OpenOffice.org 3/share/uno_packages/cache/uno_packages/4D.tmp_/dict-fr.oxt/README_th_fr_v2.txt",File,"/img_jo-2009-11-16.E01/vol_vol2/Program Files/OpenOffice.org 3/share/uno_packages/cache/uno_packages/4D.tmp_/dict-fr.oxt/README_th_fr_v2.txt","2009-11-10 03:02:31 EET"
"/img_jo-2009-11-16.E01/vol_vol2/Program Files/OpenOffice.org 3/THIRDPARTYLICENSEREADME.html",File,"/img_jo-2009-11-16.E01/vol_vol2/Program Files/OpenOffice.org 3/THIRDPARTYLICENSEREADME.html","2009-11-10 02:57:54 EET"
"/img_jo-2009-11-16.E01/vol_vol2/Program Files/Outlook Express/msoeres.dll",File,"/img_jo-2009-11-16.E01/vol_vol2/Program Files/Outlook Express/msoeres.dll","2009-11-09 02:24:43 EET"
"/img_jo-2009-11-16.E01/vol_vol2/Python26/DLLs/bz2.pyd",File,"/img_jo-2009-11-16.E01/vol_vol2/Python26/DLLs/bz2.pyd","2009-11-13 03:58:32 EET"
"/img_jo-2009-11-16.E01/vol_vol2/Python26/Doc/python264.chm",File,"/img_jo-2009-11-16.E01/vol_vol2/Python26/Doc/python264.chm","2009-11-13 03:59:19 EET"
"/img_jo-2009-11-16.E01/vol_vol2/Python26/include/codecs.h",File,"/img_jo-2009-11-16.E01/vol_vol2/Python26/include/codecs.h","2009-11-13 03:58:33 EET"
"/img_jo-2009-11-16.E01/vol_vol2/Python26/include/pyfpe.h",File,"/img_jo-2009-11-16.E01/vol_vol2/Python26/include/pyfpe.h","2009-11-13 03:58:34 EET"
"/img_jo-2009-11-16.E01/vol_vol2/Python26/include/pyconfig.h",File,"/img_jo-2009-11-16.E01/vol_vol2/Python26/include/pyconfig.h","2009-11-13 03:58:34 EET"
"/img_jo-2009-11-16.E01/vol_vol2/Python26/include/unicodeobject.h",File,"/img_jo-2009-11-16.E01/vol_vol2/Python26/include/unicodeobject.h","2009-11-13 03:58:34 EET"
"/img_jo-2009-11-16.E01/vol_vol2/Python26/Lib/asynchat.py",File,"/img_jo-2009-11-16.E01/vol_vol2/Python26/Lib/asynchat.py","2009-11-13 03:57:38 EET"
"/img_jo-2009-11-16.E01/vol_vol2/Python26/Lib/asyncore.py",File,"/img_jo-2009-11-16.E01/vol_vol2/Python26/Lib/asyncore.py","2009-11-13 03:57:38 EET"
"/img_jo-2009-11-16.E01/vol_vol2/Python26/Lib/bsddb/dbrecio.py",File,"/img_jo-2009-11-16.E01/vol_vol2/Python26/Lib/bsddb/dbrecio.py","2009-11-13 03:58:31 EET"
"/img_jo-2009-11-16.E01/vol_vol2/Python26/Lib/bsddb/dbtables.py",File,"/img_jo-2009-11-16.E01/vol_vol2/Python26/Lib/bsddb/dbtables.py","2009-11-13 03:58:31 EET"
"/img_jo-2009-11-16.E01/vol_vol2/Python26/Lib/bsddb/dbutils.py",File,"/img_jo-2009-11-16.E01/vol_vol2/Python26/Lib/bsddb/dbutils.py","2009-11-13 03:58:31 EET"
"/img_jo-2009-11-16.E01/vol_vol2/Python26/Lib/bsddb/test/test_dbtables.py",File,"/img_jo-2009-11-16.E01/vol_vol2/Python26/Lib/bsddb/test/test_dbtables.py","2009-11-13 03:58:32 EET"
"/img_jo-2009-11-16.E01/vol_vol2/Python26/Lib/codecs.py",File,"/img_jo-2009-11-16.E01/vol_vol2/Python26/Lib/codecs.py","2009-11-13 03:57:39 EET"
"/img_jo-2009-11-16.E01/vol_vol2/Python26/Lib/Cookie.py",File,"/img_jo-2009-11-16.E01/vol_vol2/Python26/Lib/Cookie.py","2009-11-13 03:57:39 EET"
"/img_jo-2009-11-16.E01/vol_vol2/Python26/Lib/compiler/transformer.py",File,"/img_jo-2009-11-16.E01/vol_vol2/Python26/Lib/compiler/transformer.py","2009-11-13 03:58:31 EET"
"/img_jo-2009-11-16.E01/vol_vol2/Python26/Lib/doctest.py",File,"/img_jo-2009-11-16.E01/vol_vol2/Python26/Lib/doctest.py","2009-11-13 03:57:39 EET"
"/img_jo-2009-11-16.E01/vol_vol2/Python26/Lib/distutils/command/bdist_rpm.py",File,"/img_jo-2009-11-16.E01/vol_vol2/Python26/Lib/distutils/command/bdist_rpm.py","2009-11-13 03:58:29 EET"
"/img_jo-2009-11-16.E01/vol_vol2/Python26/Lib/distutils/command/clean.py",File,"/img_jo-2009-11-16.E01/vol_vol2/Python26/Lib/distutils/command/clean.py","2009-11-13 03:58:29 EET"
"/img_jo-2009-11-16.E01/vol_vol2/Python26/Lib/distutils/file_util.py",File,"/img_jo-2009-11-16.E01/vol_vol2/Python26/Lib/distutils/file_util.py","2009-11-13 03:58:28 EET"
"/img_jo-2009-11-16.E01/vol_vol2/Python26/Lib/distutils/sysconfig.py",File,"/img_jo-2009-11-16.E01/vol_vol2/Python26/Lib/distutils/sysconfig.py","2009-11-13 03:58:29 EET"
"/img_jo-2009-11-16.E01/vol_vol2/Python26/Lib/distutils/__init__.py",File,"/img_jo-2009-11-16.E01/vol_vol2/Python26/Lib/distutils/__init__.py","2009-11-13 03:58:29 EET"
"/img_jo-2009-11-16.E01/vol_vol2/Python26/Lib/email/base64mime.py",File,"/img_jo-2009-11-16.E01/vol_vol2/Python26/Lib/email/base64mime.py","2009-11-13 03:58:27 EET"
"/img_jo-2009-11-16.E01/vol_vol2/Python26/Lib/email/charset.py",File,"/img_jo-2009-11-16.E01/vol_vol2/Python26/Lib/email/charset.py","2009-11-13 03:58:27 EET"
"/img_jo-2009-11-16.E01/vol_vol2/Python26/Lib/email/encoders.py",File,"/img_jo-2009-11-16.E01/vol_vol2/Python26/Lib/email/encoders.py","2009-11-13 03:58:27 EET"
"/img_jo-2009-11-16.E01/vol_vol2/Python26/Lib/email/errors.py",File,"/img_jo-2009-11-16.E01/vol_vol2/Python26/Lib/email/errors.py","2009-11-13 03:58:27 EET"
"/img_jo-2009-11-16.E01/vol_vol2/Python26/Lib/email/feedparser.py",File,"/img_jo-2009-11-16.E01/vol_vol2/Python26/Lib/email/feedparser.py","2009-11-13 03:58:27 EET"
"/img_jo-2009-11-16.E01/vol_vol2/Python26/Lib/email/generator.py",File,"/img_jo-2009-11-16.E01/vol_vol2/Python26/Lib/email/generator.py","2009-11-13 03:58:27 EET"
"/img_jo-2009-11-16.E01/vol_vol2/Python26/Lib/email/header.py",File,"/img_jo-2009-11-16.E01/vol_vol2/Python26/Lib/email/header.py","2009-11-13 03:58:27 EET"
"/img_jo-2009-11-16.E01/vol_vol2/Python26/Lib/email/iterators.py",File,"/img_jo-2009-11-16.E01/vol_vol2/Python26/Lib/email/iterators.py","2009-11-13 03:58:27 EET"
"/img_jo-2009-11-16.E01/vol_vol2/Python26/Lib/email/message.py",File,"/img_jo-2009-11-16.E01/vol_vol2/Python26/Lib/email/message.py","2009-11-13 03:58:27 EET"
"/img_jo-2009-11-16.E01/vol_vol2/Python26/Lib/email/mime/application.py",File,"/img_jo-2009-11-16.E01/vol_vol2/Python26/Lib/email/mime/application.py","2009-11-13 03:58:28 EET"
"/img_jo-2009-11-16.E01/vol_vol2/Python26/Lib/email/mime/audio.py",File,"/img_jo-2009-11-16.E01/vol_vol2/Python26/Lib/email/mime/audio.py","2009-11-13 03:58:28 EET"
"/img_jo-2009-11-16.E01/vol_vol2/Python26/Lib/email/mime/base.py",File,"/img_jo-2009-11-16.E01/vol_vol2/Python26/Lib/email/mime/base.py","2009-11-13 03:58:28 EET"
"/img_jo-2009-11-16.E01/vol_vol2/Python26/Lib/email/mime/image.py",File,"/img_jo-2009-11-16.E01/vol_vol2/Python26/Lib/email/mime/image.py","2009-11-13 03:58:28 EET"
"/img_jo-2009-11-16.E01/vol_vol2/Python26/Lib/email/mime/message.py",File,"/img_jo-2009-11-16.E01/vol_vol2/Python26/Lib/email/mime/message.py","2009-11-13 03:58:28 EET"
"/img_jo-2009-11-16.E01/vol_vol2/Python26/Lib/email/mime/multipart.py",File,"/img_jo-2009-11-16.E01/vol_vol2/Python26/Lib/email/mime/multipart.py","2009-11-13 03:58:28 EET"
"/img_jo-2009-11-16.E01/vol_vol2/Python26/Lib/email/mime/nonmultipart.py",File,"/img_jo-2009-11-16.E01/vol_vol2/Python26/Lib/email/mime/nonmultipart.py","2009-11-13 03:58:28 EET"
"/img_jo-2009-11-16.E01/vol_vol2/Python26/Lib/email/mime/text.py",File,"/img_jo-2009-11-16.E01/vol_vol2/Python26/Lib/email/mime/text.py","2009-11-13 03:58:28 EET"
"/img_jo-2009-11-16.E01/vol_vol2/Python26/Lib/email/parser.py",File,"/img_jo-2009-11-16.E01/vol_vol2/Python26/Lib/email/parser.py","2009-11-13 03:58:27 EET"
"/img_jo-2009-11-16.E01/vol_vol2/Python26/Lib/email/quoprimime.py",File,"/img_jo-2009-11-16.E01/vol_vol2/Python26/Lib/email/quoprimime.py","2009-11-13 03:58:27 EET"
"/img_jo-2009-11-16.E01/vol_vol2/Python26/Lib/email/test/data/msg_19.txt",File,"/img_jo-2009-11-16.E01/vol_vol2/Python26/Lib/email/test/data/msg_19.txt","2009-11-13 03:58:28 EET"
"/img_jo-2009-11-16.E01/vol_vol2/Python26/Lib/email/test/data/msg_01.txt",File,"/img_jo-2009-11-16.E01/vol_vol2/Python26/Lib/email/test/data/msg_01.txt","2009-11-13 03:58:27 EET"
"/img_jo-2009-11-16.E01/vol_vol2/Python26/Lib/email/test/data/msg_02.txt",File,"/img_jo-2009-11-16.E01/vol_vol2/Python26/Lib/email/test/data/msg_02.txt","2009-11-13 03:58:27 EET"
"/img_jo-2009-11-16.E01/vol_vol2/Python26/Lib/email/test/data/msg_03.txt",File,"/img_jo-2009-11-16.E01/vol_vol2/Python26/Lib/email/test/data/msg_03.txt","2009-11-13 03:58:27 EET"
"/img_jo-2009-11-16.E01/vol_vol2/Python26/Lib/email/test/data/msg_04.txt",File,"/img_jo-2009-11-16.E01/vol_vol2/Python26/Lib/email/test/data/msg_04.txt","2009-11-13 03:58:27 EET"
"/img_jo-2009-11-16.E01/vol_vol2/Python26/Lib/email/test/data/msg_05.txt",File,"/img_jo-2009-11-16.E01/vol_vol2/Python26/Lib/email/test/data/msg_05.txt","2009-11-13 03:58:27 EET"
"/img_jo-2009-11-16.E01/vol_vol2/Python26/Lib/email/test/data/msg_06.txt",File,"/img_jo-2009-11-16.E01/vol_vol2/Python26/Lib/email/test/data/msg_06.txt","2009-11-13 03:58:27 EET"
"/img_jo-2009-11-16.E01/vol_vol2/Python26/Lib/email/test/data/msg_07.txt",File,"/img_jo-2009-11-16.E01/vol_vol2/Python26/Lib/email/test/data/msg_07.txt","2009-11-13 03:58:27 EET"
"/img_jo-2009-11-16.E01/vol_vol2/Python26/Lib/email/test/data/msg_08.txt",File,"/img_jo-2009-11-16.E01/vol_vol2/Python26/Lib/email/test/data/msg_08.txt","2009-11-13 03:58:27 EET"
"/img_jo-2009-11-16.E01/vol_vol2/Python26/Lib/email/test/data/msg_09.txt",File,"/img_jo-2009-11-16.E01/vol_vol2/Python26/Lib/email/test/data/msg_09.txt","2009-11-13 03:58:27 EET"
"/img_jo-2009-11-16.E01/vol_vol2/Python26/Lib/email/test/data/msg_10.txt",File,"/img_jo-2009-11-16.E01/vol_vol2/Python26/Lib/email/test/data/msg_10.txt","2009-11-13 03:58:27 EET"
"/img_jo-2009-11-16.E01/vol_vol2/Python26/Lib/email/test/data/msg_12.txt",File,"/img_jo-2009-11-16.E01/vol_vol2/Python26/Lib/email/test/data/msg_12.txt","2009-11-13 03:58:28 EET"
"/img_jo-2009-11-16.E01/vol_vol2/Python26/Lib/email/test/data/msg_12a.txt",File,"/img_jo-2009-11-16.E01/vol_vol2/Python26/Lib/email/test/data/msg_12a.txt","2009-11-13 03:58:28 EET"
"/img_jo-2009-11-16.E01/vol_vol2/Python26/Lib/email/test/data/msg_13.txt",File,"/img_jo-2009-11-16.E01/vol_vol2/Python26/Lib/email/test/data/msg_13.txt","2009-11-13 03:58:28 EET"
"/img_jo-2009-11-16.E01/vol_vol2/Python26/Lib/email/test/data/msg_14.txt",File,"/img_jo-2009-11-16.E01/vol_vol2/Python26/Lib/email/test/data/msg_14.txt","2009-11-13 03:58:28 EET"
"/img_jo-2009-11-16.E01/vol_vol2/Python26/Lib/email/test/data/msg_15.txt",File,"/img_jo-2009-11-16.E01/vol_vol2/Python26/Lib/email/test/data/msg_15.txt","2009-11-13 03:58:28 EET"
"/img_jo-2009-11-16.E01/vol_vol2/Python26/Lib/email/test/data/msg_16.txt",File,"/img_jo-2009-11-16.E01/vol_vol2/Python26/Lib/email/test/data/msg_16.txt","2009-11-13 03:58:28 EET"
"/img_jo-2009-11-16.E01/vol_vol2/Python26/Lib/email/test/data/msg_17.txt",File,"/img_jo-2009-11-16.E01/vol_vol2/Python26/Lib/email/test/data/msg_17.txt","2009-11-13 03:58:28 EET"
"/img_jo-2009-11-16.E01/vol_vol2/Python26/Lib/email/test/data/msg_22.txt",File,"/img_jo-2009-11-16.E01/vol_vol2/Python26/Lib/email/test/data/msg_22.txt","2009-11-13 03:58:28 EET"
"/img_jo-2009-11-16.E01/vol_vol2/Python26/Lib/email/test/data/msg_25.txt",File,"/img_jo-2009-11-16.E01/vol_vol2/Python26/Lib/email/test/data/msg_25.txt","2009-11-13 03:58:28 EET"
"/img_jo-2009-11-16.E01/vol_vol2/Python26/Lib/email/test/data/msg_29.txt",File,"/img_jo-2009-11-16.E01/vol_vol2/Python26/Lib/email/test/data/msg_29.txt","2009-11-13 03:58:28 EET"
"/img_jo-2009-11-16.E01/vol_vol2/Python26/Lib/email/test/data/msg_32.txt",File,"/img_jo-2009-11-16.E01/vol_vol2/Python26/Lib/email/test/data/msg_32.txt","2009-11-13 03:58:28 EET"
"/img_jo-2009-11-16.E01/vol_vol2/Python26/Lib/email/test/data/msg_33.txt",File,"/img_jo-2009-11-16.E01/vol_vol2/Python26/Lib/email/test/data/msg_33.txt","2009-11-13 03:58:28 EET"
"/img_jo-2009-11-16.E01/vol_vol2/Python26/Lib/email/test/data/msg_36.txt",File,"/img_jo-2009-11-16.E01/vol_vol2/Python26/Lib/email/test/data/msg_36.txt","2009-11-13 03:58:28 EET"
"/img_jo-2009-11-16.E01/vol_vol2/Python26/Lib/email/test/data/msg_20.txt",File,"/img_jo-2009-11-16.E01/vol_vol2/Python26/Lib/email/test/data/msg_20.txt","2009-11-13 03:58:28 EET"
"/img_jo-2009-11-16.E01/vol_vol2/Python26/Lib/email/test/data/msg_38.txt",File,"/img_jo-2009-11-16.E01/vol_vol2/Python26/Lib/email/test/data/msg_38.txt","2009-11-13 03:58:28 EET"
"/img_jo-2009-11-16.E01/vol_vol2/Python26/Lib/email/test/data/msg_41.txt",File,"/img_jo-2009-11-16.E01/vol_vol2/Python26/Lib/email/test/data/msg_41.txt","2009-11-13 03:58:28 EET"
"/img_jo-2009-11-16.E01/vol_vol2/Python26/Lib/email/test/data/msg_42.txt",File,"/img_jo-2009-11-16.E01/vol_vol2/Python26/Lib/email/test/data/msg_42.txt","2009-11-13 03:58:28 EET"
"/img_jo-2009-11-16.E01/vol_vol2/Python26/Lib/email/test/data/msg_43.txt",File,"/img_jo-2009-11-16.E01/vol_vol2/Python26/Lib/email/test/data/msg_43.txt","2009-11-13 03:58:28 EET"
"/img_jo-2009-11-16.E01/vol_vol2/Python26/Lib/email/test/data/msg_44.txt",File,"/img_jo-2009-11-16.E01/vol_vol2/Python26/Lib/email/test/data/msg_44.txt","2009-11-13 03:58:28 EET"
"/img_jo-2009-11-16.E01/vol_vol2/Python26/Lib/email/test/test_email.py",File,"/img_jo-2009-11-16.E01/vol_vol2/Python26/Lib/email/test/test_email.py","2009-11-13 03:58:27 EET"
"/img_jo-2009-11-16.E01/vol_vol2/Python26/Lib/email/test/test_email_codecs.py",File,"/img_jo-2009-11-16.E01/vol_vol2/Python26/Lib/email/test/test_email_codecs.py","2009-11-13 03:58:27 EET"
"/img_jo-2009-11-16.E01/vol_vol2/Python26/Lib/email/test/test_email_codecs_renamed.py",File,"/img_jo-2009-11-16.E01/vol_vol2/Python26/Lib/email/test/test_email_codecs_renamed.py","2009-11-13 03:58:27 EET"
"/img_jo-2009-11-16.E01/vol_vol2/Python26/Lib/email/test/test_email_renamed.py",File,"/img_jo-2009-11-16.E01/vol_vol2/Python26/Lib/email/test/test_email_renamed.py","2009-11-13 03:58:27 EET"
"/img_jo-2009-11-16.E01/vol_vol2/Python26/Lib/email/utils.py",File,"/img_jo-2009-11-16.E01/vol_vol2/Python26/Lib/email/utils.py","2009-11-13 03:58:27 EET"
"/img_jo-2009-11-16.E01/vol_vol2/Python26/Lib/email/_parseaddr.py",File,"/img_jo-2009-11-16.E01/vol_vol2/Python26/Lib/email/_parseaddr.py","2009-11-13 03:58:27 EET"
"/img_jo-2009-11-16.E01/vol_vol2/Python26/Lib/email/__init__.py",File,"/img_jo-2009-11-16.E01/vol_vol2/Python26/Lib/email/__init__.py","2009-11-13 03:58:27 EET"
"/img_jo-2009-11-16.E01/vol_vol2/Python26/Lib/encodings/ascii.py",File,"/img_jo-2009-11-16.E01/vol_vol2/Python26/Lib/encodings/ascii.py","2009-11-13 03:58:25 EET"
"/img_jo-2009-11-16.E01/vol_vol2/Python26/Lib/encodings/base64_codec.py",File,"/img_jo-2009-11-16.E01/vol_vol2/Python26/Lib/encodings/base64_codec.py","2009-11-13 03:58:25 EET"
"/img_jo-2009-11-16.E01/vol_vol2/Python26/Lib/encodings/big5.py",File,"/img_jo-2009-11-16.E01/vol_vol2/Python26/Lib/encodings/big5.py","2009-11-13 03:58:25 EET"
"/img_jo-2009-11-16.E01/vol_vol2/Python26/Lib/encodings/big5hkscs.py",File,"/img_jo-2009-11-16.E01/vol_vol2/Python26/Lib/encodings/big5hkscs.py","2009-11-13 03:58:25 EET"
"/img_jo-2009-11-16.E01/vol_vol2/Python26/Lib/encodings/bz2_codec.py",File,"/img_jo-2009-11-16.E01/vol_vol2/Python26/Lib/encodings/bz2_codec.py","2009-11-13 03:58:25 EET"
"/img_jo-2009-11-16.E01/vol_vol2/Python26/Lib/encodings/charmap.py",File,"/img_jo-2009-11-16.E01/vol_vol2/Python26/Lib/encodings/charmap.py","2009-11-13 03:58:25 EET"
"/img_jo-2009-11-16.E01/vol_vol2/Python26/Lib/encodings/cp932.py",File,"/img_jo-2009-11-16.E01/vol_vol2/Python26/Lib/encodings/cp932.py","2009-11-13 03:58:26 EET"
"/img_jo-2009-11-16.E01/vol_vol2/Python26/Lib/encodings/cp949.py",File,"/img_jo-2009-11-16.E01/vol_vol2/Python26/Lib/encodings/cp949.py","2009-11-13 03:58:26 EET"
"/img_jo-2009-11-16.E01/vol_vol2/Python26/Lib/encodings/cp950.py",File,"/img_jo-2009-11-16.E01/vol_vol2/Python26/Lib/encodings/cp950.py","2009-11-13 03:58:26 EET"
"/img_jo-2009-11-16.E01/vol_vol2/Python26/Lib/encodings/euc_jisx0213.py",File,"/img_jo-2009-11-16.E01/vol_vol2/Python26/Lib/encodings/euc_jisx0213.py","2009-11-13 03:58:26 EET"
"/img_jo-2009-11-16.E01/vol_vol2/Python26/Lib/encodings/euc_jis_2004.py",File,"/img_jo-2009-11-16.E01/vol_vol2/Python26/Lib/encodings/euc_jis_2004.py","2009-11-13 03:58:26 EET"
"/img_jo-2009-11-16.E01/vol_vol2/Python26/Lib/encodings/euc_jp.py",File,"/img_jo-2009-11-16.E01/vol_vol2/Python26/Lib/encodings/euc_jp.py","2009-11-13 03:58:26 EET"
"/img_jo-2009-11-16.E01/vol_vol2/Python26/Lib/encodings/euc_kr.py",File,"/img_jo-2009-11-16.E01/vol_vol2/Python26/Lib/encodings/euc_kr.py","2009-11-13 03:58:26 EET"
"/img_jo-2009-11-16.E01/vol_vol2/Python26/Lib/encodings/gb18030.py",File,"/img_jo-2009-11-16.E01/vol_vol2/Python26/Lib/encodings/gb18030.py","2009-11-13 03:58:26 EET"
"/img_jo-2009-11-16.E01/vol_vol2/Python26/Lib/encodings/gb2312.py",File,"/img_jo-2009-11-16.E01/vol_vol2/Python26/Lib/encodings/gb2312.py","2009-11-13 03:58:26 EET"
"/img_jo-2009-11-16.E01/vol_vol2/Python26/Lib/encodings/gbk.py",File,"/img_jo-2009-11-16.E01/vol_vol2/Python26/Lib/encodings/gbk.py","2009-11-13 03:58:26 EET"
"/img_jo-2009-11-16.E01/vol_vol2/Python26/Lib/encodings/hex_codec.py",File,"/img_jo-2009-11-16.E01/vol_vol2/Python26/Lib/encodings/hex_codec.py","2009-11-13 03:58:26 EET"
"/img_jo-2009-11-16.E01/vol_vol2/Python26/Lib/encodings/hz.py",File,"/img_jo-2009-11-16.E01/vol_vol2/Python26/Lib/encodings/hz.py","2009-11-13 03:58:26 EET"
"/img_jo-2009-11-16.E01/vol_vol2/Python26/Lib/encodings/iso2022_jp.py",File,"/img_jo-2009-11-16.E01/vol_vol2/Python26/Lib/encodings/iso2022_jp.py","2009-11-13 03:58:26 EET"
"/img_jo-2009-11-16.E01/vol_vol2/Python26/Lib/encodings/iso2022_jp_1.py",File,"/img_jo-2009-11-16.E01/vol_vol2/Python26/Lib/encodings/iso2022_jp_1.py","2009-11-13 03:58:26 EET"
"/img_jo-2009-11-16.E01/vol_vol2/Python26/Lib/encodings/iso2022_jp_2.py",File,"/img_jo-2009-11-16.E01/vol_vol2/Python26/Lib/encodings/iso2022_jp_2.py","2009-11-13 03:58:26 EET"
"/img_jo-2009-11-16.E01/vol_vol2/Python26/Lib/encodings/iso2022_jp_2004.py",File,"/img_jo-2009-11-16.E01/vol_vol2/Python26/Lib/encodings/iso2022_jp_2004.py","2009-11-13 03:58:26 EET"
"/img_jo-2009-11-16.E01/vol_vol2/Python26/Lib/encodings/iso2022_jp_3.py",File,"/img_jo-2009-11-16.E01/vol_vol2/Python26/Lib/encodings/iso2022_jp_3.py","2009-11-13 03:58:26 EET"
"/img_jo-2009-11-16.E01/vol_vol2/Python26/Lib/encodings/iso2022_jp_ext.py",File,"/img_jo-2009-11-16.E01/vol_vol2/Python26/Lib/encodings/iso2022_jp_ext.py","2009-11-13 03:58:26 EET"
"/img_jo-2009-11-16.E01/vol_vol2/Python26/Lib/encodings/iso2022_kr.py",File,"/img_jo-2009-11-16.E01/vol_vol2/Python26/Lib/encodings/iso2022_kr.py","2009-11-13 03:58:26 EET"
"/img_jo-2009-11-16.E01/vol_vol2/Python26/Lib/encodings/johab.py",File,"/img_jo-2009-11-16.E01/vol_vol2/Python26/Lib/encodings/johab.py","2009-11-13 03:58:27 EET"
"/img_jo-2009-11-16.E01/vol_vol2/Python26/Lib/encodings/latin_1.py",File,"/img_jo-2009-11-16.E01/vol_vol2/Python26/Lib/encodings/latin_1.py","2009-11-13 03:58:27 EET"
"/img_jo-2009-11-16.E01/vol_vol2/Python26/Lib/encodings/rot_13.py",File,"/img_jo-2009-11-16.E01/vol_vol2/Python26/Lib/encodings/rot_13.py","2009-11-13 03:58:27 EET"
"/img_jo-2009-11-16.E01/vol_vol2/Python26/Lib/encodings/mac_latin2.py",File,"/img_jo-2009-11-16.E01/vol_vol2/Python26/Lib/encodings/mac_latin2.py","2009-11-13 03:58:27 EET"
"/img_jo-2009-11-16.E01/vol_vol2/Python26/Lib/encodings/mbcs.py",File,"/img_jo-2009-11-16.E01/vol_vol2/Python26/Lib/encodings/mbcs.py","2009-11-13 03:58:27 EET"
"/img_jo-2009-11-16.E01/vol_vol2/Python26/Lib/encodings/palmos.py",File,"/img_jo-2009-11-16.E01/vol_vol2/Python26/Lib/encodings/palmos.py","2009-11-13 03:58:27 EET"
"/img_jo-2009-11-16.E01/vol_vol2/Python26/Lib/encodings/ptcp154.py",File,"/img_jo-2009-11-16.E01/vol_vol2/Python26/Lib/encodings/ptcp154.py","2009-11-13 03:58:27 EET"
"/img_jo-2009-11-16.E01/vol_vol2/Python26/Lib/encodings/raw_unicode_escape.py",File,"/img_jo-2009-11-16.E01/vol_vol2/Python26/Lib/encodings/raw_unicode_escape.py","2009-11-13 03:58:27 EET"
"/img_jo-2009-11-16.E01/vol_vol2/Python26/Lib/encodings/shift_jis.py",File,"/img_jo-2009-11-16.E01/vol_vol2/Python26/Lib/encodings/shift_jis.py","2009-11-13 03:58:27 EET"
"/img_jo-2009-11-16.E01/vol_vol2/Python26/Lib/encodings/shift_jisx0213.py",File,"/img_jo-2009-11-16.E01/vol_vol2/Python26/Lib/encodings/shift_jisx0213.py","2009-11-13 03:58:27 EET"
"/img_jo-2009-11-16.E01/vol_vol2/Python26/Lib/encodings/shift_jis_2004.py",File,"/img_jo-2009-11-16.E01/vol_vol2/Python26/Lib/encodings/shift_jis_2004.py","2009-11-13 03:58:27 EET"
"/img_jo-2009-11-16.E01/vol_vol2/Python26/Lib/encodings/string_escape.py",File,"/img_jo-2009-11-16.E01/vol_vol2/Python26/Lib/encodings/string_escape.py","2009-11-13 03:58:27 EET"
"/img_jo-2009-11-16.E01/vol_vol2/Python26/Lib/encodings/undefined.py",File,"/img_jo-2009-11-16.E01/vol_vol2/Python26/Lib/encodings/undefined.py","2009-11-13 03:58:27 EET"
"/img_jo-2009-11-16.E01/vol_vol2/Python26/Lib/encodings/unicode_escape.py",File,"/img_jo-2009-11-16.E01/vol_vol2/Python26/Lib/encodings/unicode_escape.py","2009-11-13 03:58:27 EET"
"/img_jo-2009-11-16.E01/vol_vol2/Python26/Lib/encodings/unicode_internal.py",File,"/img_jo-2009-11-16.E01/vol_vol2/Python26/Lib/encodings/unicode_internal.py","2009-11-13 03:58:27 EET"
"/img_jo-2009-11-16.E01/vol_vol2/Python26/Lib/encodings/utf_16.py",File,"/img_jo-2009-11-16.E01/vol_vol2/Python26/Lib/encodings/utf_16.py","2009-11-13 03:58:27 EET"
"/img_jo-2009-11-16.E01/vol_vol2/Python26/Lib/encodings/utf_16_be.py",File,"/img_jo-2009-11-16.E01/vol_vol2/Python26/Lib/encodings/utf_16_be.py","2009-11-13 03:58:27 EET"
"/img_jo-2009-11-16.E01/vol_vol2/Python26/Lib/encodings/utf_16_le.py",File,"/img_jo-2009-11-16.E01/vol_vol2/Python26/Lib/encodings/utf_16_le.py","2009-11-13 03:58:27 EET"
"/img_jo-2009-11-16.E01/vol_vol2/Python26/Lib/encodings/utf_7.py",File,"/img_jo-2009-11-16.E01/vol_vol2/Python26/Lib/encodings/utf_7.py","2009-11-13 03:58:27 EET"
"/img_jo-2009-11-16.E01/vol_vol2/Python26/Lib/encodings/utf_8.py",File,"/img_jo-2009-11-16.E01/vol_vol2/Python26/Lib/encodings/utf_8.py","2009-11-13 03:58:27 EET"
"/img_jo-2009-11-16.E01/vol_vol2/Python26/Lib/encodings/uu_codec.py",File,"/img_jo-2009-11-16.E01/vol_vol2/Python26/Lib/encodings/uu_codec.py","2009-11-13 03:58:27 EET"
"/img_jo-2009-11-16.E01/vol_vol2/Python26/Lib/encodings/zlib_codec.py",File,"/img_jo-2009-11-16.E01/vol_vol2/Python26/Lib/encodings/zlib_codec.py","2009-11-13 03:58:27 EET"
"/img_jo-2009-11-16.E01/vol_vol2/Python26/Lib/encodings/__init__.py",File,"/img_jo-2009-11-16.E01/vol_vol2/Python26/Lib/encodings/__init__.py","2009-11-13 03:58:27 EET"
"/img_jo-2009-11-16.E01/vol_vol2/Python26/Lib/getopt.py",File,"/img_jo-2009-11-16.E01/vol_vol2/Python26/Lib/getopt.py","2009-11-13 03:57:40 EET"
"/img_jo-2009-11-16.E01/vol_vol2/Python26/Lib/hashlib.py",File,"/img_jo-2009-11-16.E01/vol_vol2/Python26/Lib/hashlib.py","2009-11-13 03:57:40 EET"
"/img_jo-2009-11-16.E01/vol_vol2/Python26/Lib/imaplib.py",File,"/img_jo-2009-11-16.E01/vol_vol2/Python26/Lib/imaplib.py","2009-11-13 03:57:41 EET"
"/img_jo-2009-11-16.E01/vol_vol2/Python26/Lib/inspect.py",File,"/img_jo-2009-11-16.E01/vol_vol2/Python26/Lib/inspect.py","2009-11-13 03:57:41 EET"
"/img_jo-2009-11-16.E01/vol_vol2/Python26/Lib/io.py",File,"/img_jo-2009-11-16.E01/vol_vol2/Python26/Lib/io.py","2009-11-13 03:57:41 EET"
"/img_jo-2009-11-16.E01/vol_vol2/Python26/Lib/locale.py",File,"/img_jo-2009-11-16.E01/vol_vol2/Python26/Lib/locale.py","2009-11-13 03:57:41 EET"
"/img_jo-2009-11-16.E01/vol_vol2/Python26/Lib/idlelib/FormatParagraph.py",File,"/img_jo-2009-11-16.E01/vol_vol2/Python26/Lib/idlelib/FormatParagraph.py","2009-11-13 03:58:24 EET"
"/img_jo-2009-11-16.E01/vol_vol2/Python26/Lib/idlelib/aboutDialog.py",File,"/img_jo-2009-11-16.E01/vol_vol2/Python26/Lib/idlelib/aboutDialog.py","2009-11-13 03:58:23 EET"
"/img_jo-2009-11-16.E01/vol_vol2/Python26/Lib/idlelib/CREDITS.txt",File,"/img_jo-2009-11-16.E01/vol_vol2/Python26/Lib/idlelib/CREDITS.txt","2009-11-13 03:58:23 EET"
"/img_jo-2009-11-16.E01/vol_vol2/Python26/Lib/idlelib/HISTORY.txt",File,"/img_jo-2009-11-16.E01/vol_vol2/Python26/Lib/idlelib/HISTORY.txt","2009-11-13 03:58:23 EET"
"/img_jo-2009-11-16.E01/vol_vol2/Python26/Lib/idlelib/README.txt",File,"/img_jo-2009-11-16.E01/vol_vol2/Python26/Lib/idlelib/README.txt","2009-11-13 03:58:23 EET"
"/img_jo-2009-11-16.E01/vol_vol2/Python26/Lib/idlelib/EditorWindow.py",File,"/img_jo-2009-11-16.E01/vol_vol2/Python26/Lib/idlelib/EditorWindow.py","2009-11-13 03:58:24 EET"
"/img_jo-2009-11-16.E01/vol_vol2/Python26/Lib/idlelib/IOBinding.py",File,"/img_jo-2009-11-16.E01/vol_vol2/Python26/Lib/idlelib/IOBinding.py","2009-11-13 03:58:24 EET"
"/img_jo-2009-11-16.E01/vol_vol2/Python26/Lib/json/__init__.py",File,"/img_jo-2009-11-16.E01/vol_vol2/Python26/Lib/json/__init__.py","2009-11-13 03:58:22 EET"
"/img_jo-2009-11-16.E01/vol_vol2/Python26/Lib/lib-tk/Tix.py",File,"/img_jo-2009-11-16.E01/vol_vol2/Python26/Lib/lib-tk/Tix.py","2009-11-13 03:58:21 EET"
"/img_jo-2009-11-16.E01/vol_vol2/Python26/Lib/lib-tk/Tkinter.py",File,"/img_jo-2009-11-16.E01/vol_vol2/Python26/Lib/lib-tk/Tkinter.py","2009-11-13 03:58:22 EET"
"/img_jo-2009-11-16.E01/vol_vol2/Python26/Lib/lib-tk/tkSimpleDialog.py",File,"/img_jo-2009-11-16.E01/vol_vol2/Python26/Lib/lib-tk/tkSimpleDialog.py","2009-11-13 03:58:22 EET"
"/img_jo-2009-11-16.E01/vol_vol2/Python26/Lib/lib-tk/turtle.py",File,"/img_jo-2009-11-16.E01/vol_vol2/Python26/Lib/lib-tk/turtle.py","2009-11-13 03:58:22 EET"
"/img_jo-2009-11-16.E01/vol_vol2/Python26/Lib/lib2to3/Grammar.txt",File,"/img_jo-2009-11-16.E01/vol_vol2/Python26/Lib/lib2to3/Grammar.txt","2009-11-13 03:58:17 EET"
"/img_jo-2009-11-16.E01/vol_vol2/Python26/Lib/lib2to3/patcomp.py",File,"/img_jo-2009-11-16.E01/vol_vol2/Python26/Lib/lib2to3/patcomp.py","2009-11-13 03:58:17 EET"
"/img_jo-2009-11-16.E01/vol_vol2/Python26/Lib/lib2to3/pgen2/driver.py",File,"/img_jo-2009-11-16.E01/vol_vol2/Python26/Lib/lib2to3/pgen2/driver.py","2009-11-13 03:58:19 EET"
"/img_jo-2009-11-16.E01/vol_vol2/Python26/Lib/lib2to3/pgen2/tokenize.py",File,"/img_jo-2009-11-16.E01/vol_vol2/Python26/Lib/lib2to3/pgen2/tokenize.py","2009-11-13 03:58:19 EET"
"/img_jo-2009-11-16.E01/vol_vol2/Python26/Lib/lib2to3/pytree.py",File,"/img_jo-2009-11-16.E01/vol_vol2/Python26/Lib/lib2to3/pytree.py","2009-11-13 03:58:18 EET"
"/img_jo-2009-11-16.E01/vol_vol2/Python26/Lib/lib2to3/refactor.py",File,"/img_jo-2009-11-16.E01/vol_vol2/Python26/Lib/lib2to3/refactor.py","2009-11-13 03:58:18 EET"
"/img_jo-2009-11-16.E01/vol_vol2/Python26/Lib/lib2to3/tests/pytree_idempotency.py",File,"/img_jo-2009-11-16.E01/vol_vol2/Python26/Lib/lib2to3/tests/pytree_idempotency.py","2009-11-13 03:58:18 EET"
"/img_jo-2009-11-16.E01/vol_vol2/Python26/Lib/logging/__init__.py",File,"/img_jo-2009-11-16.E01/vol_vol2/Python26/Lib/logging/__init__.py","2009-11-13 03:58:17 EET"
"/img_jo-2009-11-16.E01/vol_vol2/Python26/Lib/md5.py",File,"/img_jo-2009-11-16.E01/vol_vol2/Python26/Lib/md5.py","2009-11-13 03:57:41 EET"
"/img_jo-2009-11-16.E01/vol_vol2/Python26/Lib/multiprocessing/__init__.py",File,"/img_jo-2009-11-16.E01/vol_vol2/Python26/Lib/multiprocessing/__init__.py","2009-11-13 03:58:16 EET"
"/img_jo-2009-11-16.E01/vol_vol2/Python26/Lib/optparse.py",File,"/img_jo-2009-11-16.E01/vol_vol2/Python26/Lib/optparse.py","2009-11-13 03:57:41 EET"
"/img_jo-2009-11-16.E01/vol_vol2/Python26/Lib/platform.py",File,"/img_jo-2009-11-16.E01/vol_vol2/Python26/Lib/platform.py","2009-11-13 03:57:42 EET"
"/img_jo-2009-11-16.E01/vol_vol2/Python26/Lib/poplib.py",File,"/img_jo-2009-11-16.E01/vol_vol2/Python26/Lib/poplib.py","2009-11-13 03:57:42 EET"
"/img_jo-2009-11-16.E01/vol_vol2/Python26/Lib/posixfile.py",File,"/img_jo-2009-11-16.E01/vol_vol2/Python26/Lib/posixfile.py","2009-11-13 03:57:42 EET"
"/img_jo-2009-11-16.E01/vol_vol2/Python26/Lib/rfc822.py",File,"/img_jo-2009-11-16.E01/vol_vol2/Python26/Lib/rfc822.py","2009-11-13 03:57:42 EET"
"/img_jo-2009-11-16.E01/vol_vol2/Python26/Lib/smtplib.py",File,"/img_jo-2009-11-16.E01/vol_vol2/Python26/Lib/smtplib.py","2009-11-13 03:57:43 EET"
"/img_jo-2009-11-16.E01/vol_vol2/Python26/Lib/pprint.py",File,"/img_jo-2009-11-16.E01/vol_vol2/Python26/Lib/pprint.py","2009-11-13 03:57:42 EET"
"/img_jo-2009-11-16.E01/vol_vol2/Python26/Lib/pydoc.py",File,"/img_jo-2009-11-16.E01/vol_vol2/Python26/Lib/pydoc.py","2009-11-13 03:57:42 EET"
"/img_jo-2009-11-16.E01/vol_vol2/Python26/Lib/re.py",File,"/img_jo-2009-11-16.E01/vol_vol2/Python26/Lib/re.py","2009-11-13 03:57:42 EET"
"/img_jo-2009-11-16.E01/vol_vol2/Python26/Lib/sha.py",File,"/img_jo-2009-11-16.E01/vol_vol2/Python26/Lib/sha.py","2009-11-13 03:57:43 EET"
"/img_jo-2009-11-16.E01/vol_vol2/Python26/Lib/SimpleXMLRPCServer.py",File,"/img_jo-2009-11-16.E01/vol_vol2/Python26/Lib/SimpleXMLRPCServer.py","2009-11-13 03:57:43 EET"
"/img_jo-2009-11-16.E01/vol_vol2/Python26/Lib/smtpd.py",File,"/img_jo-2009-11-16.E01/vol_vol2/Python26/Lib/smtpd.py","2009-11-13 03:57:43 EET"
"/img_jo-2009-11-16.E01/vol_vol2/Python26/Lib/SocketServer.py",File,"/img_jo-2009-11-16.E01/vol_vol2/Python26/Lib/SocketServer.py","2009-11-13 03:57:43 EET"
"/img_jo-2009-11-16.E01/vol_vol2/Python26/Lib/sqlite3/dbapi2.py",File,"/img_jo-2009-11-16.E01/vol_vol2/Python26/Lib/sqlite3/dbapi2.py","2009-11-13 03:58:14 EET"
"/img_jo-2009-11-16.E01/vol_vol2/Python26/Lib/sqlite3/dump.py",File,"/img_jo-2009-11-16.E01/vol_vol2/Python26/Lib/sqlite3/dump.py","2009-11-13 03:58:14 EET"
"/img_jo-2009-11-16.E01/vol_vol2/Python26/Lib/sqlite3/test/dbapi.py",File,"/img_jo-2009-11-16.E01/vol_vol2/Python26/Lib/sqlite3/test/dbapi.py","2009-11-13 03:58:14 EET"
"/img_jo-2009-11-16.E01/vol_vol2/Python26/Lib/sqlite3/test/dump.py",File,"/img_jo-2009-11-16.E01/vol_vol2/Python26/Lib/sqlite3/test/dump.py","2009-11-13 03:58:14 EET"
"/img_jo-2009-11-16.E01/vol_vol2/Python26/Lib/sqlite3/test/factory.py",File,"/img_jo-2009-11-16.E01/vol_vol2/Python26/Lib/sqlite3/test/factory.py","2009-11-13 03:58:14 EET"
"/img_jo-2009-11-16.E01/vol_vol2/Python26/Lib/sqlite3/test/hooks.py",File,"/img_jo-2009-11-16.E01/vol_vol2/Python26/Lib/sqlite3/test/hooks.py","2009-11-13 03:58:14 EET"
"/img_jo-2009-11-16.E01/vol_vol2/Python26/Lib/sqlite3/test/py25tests.py",File,"/img_jo-2009-11-16.E01/vol_vol2/Python26/Lib/sqlite3/test/py25tests.py","2009-11-13 03:58:14 EET"
"/img_jo-2009-11-16.E01/vol_vol2/Python26/Lib/sqlite3/test/regression.py",File,"/img_jo-2009-11-16.E01/vol_vol2/Python26/Lib/sqlite3/test/regression.py","2009-11-13 03:58:14 EET"
"/img_jo-2009-11-16.E01/vol_vol2/Python26/Lib/sqlite3/test/transactions.py",File,"/img_jo-2009-11-16.E01/vol_vol2/Python26/Lib/sqlite3/test/transactions.py","2009-11-13 03:58:14 EET"
"/img_jo-2009-11-16.E01/vol_vol2/Python26/Lib/sqlite3/test/types.py",File,"/img_jo-2009-11-16.E01/vol_vol2/Python26/Lib/sqlite3/test/types.py","2009-11-13 03:58:15 EET"
"/img_jo-2009-11-16.E01/vol_vol2/Python26/Lib/sqlite3/test/userfunctions.py",File,"/img_jo-2009-11-16.E01/vol_vol2/Python26/Lib/sqlite3/test/userfunctions.py","2009-11-13 03:58:15 EET"
"/img_jo-2009-11-16.E01/vol_vol2/Python26/Lib/sqlite3/__init__.py",File,"/img_jo-2009-11-16.E01/vol_vol2/Python26/Lib/sqlite3/__init__.py","2009-11-13 03:58:14 EET"
"/img_jo-2009-11-16.E01/vol_vol2/Python26/Lib/subprocess.py",File,"/img_jo-2009-11-16.E01/vol_vol2/Python26/Lib/subprocess.py","2009-11-13 03:57:43 EET"
"/img_jo-2009-11-16.E01/vol_vol2/Python26/Lib/tarfile.py",File,"/img_jo-2009-11-16.E01/vol_vol2/Python26/Lib/tarfile.py","2009-11-13 03:57:43 EET"
"/img_jo-2009-11-16.E01/vol_vol2/Python26/Lib/textwrap.py",File,"/img_jo-2009-11-16.E01/vol_vol2/Python26/Lib/textwrap.py","2009-11-13 03:57:44 EET"
"/img_jo-2009-11-16.E01/vol_vol2/Python26/Lib/test/decimaltestdata/abs.decTest",File,"/img_jo-2009-11-16.E01/vol_vol2/Python26/Lib/test/decimaltestdata/abs.decTest","2009-11-13 03:58:09 EET"
"/img_jo-2009-11-16.E01/vol_vol2/Python26/Lib/test/decimaltestdata/add.decTest",File,"/img_jo-2009-11-16.E01/vol_vol2/Python26/Lib/test/decimaltestdata/add.decTest","2009-11-13 03:58:09 EET"
"/img_jo-2009-11-16.E01/vol_vol2/Python26/Lib/test/decimaltestdata/and.decTest",File,"/img_jo-2009-11-16.E01/vol_vol2/Python26/Lib/test/decimaltestdata/and.decTest","2009-11-13 03:58:09 EET"
"/img_jo-2009-11-16.E01/vol_vol2/Python26/Lib/test/decimaltestdata/base.decTest",File,"/img_jo-2009-11-16.E01/vol_vol2/Python26/Lib/test/decimaltestdata/base.decTest","2009-11-13 03:58:09 EET"
"/img_jo-2009-11-16.E01/vol_vol2/Python26/Lib/test/decimaltestdata/clamp.decTest",File,"/img_jo-2009-11-16.E01/vol_vol2/Python26/Lib/test/decimaltestdata/clamp.decTest","2009-11-13 03:58:09 EET"
"/img_jo-2009-11-16.E01/vol_vol2/Python26/Lib/test/decimaltestdata/class.decTest",File,"/img_jo-2009-11-16.E01/vol_vol2/Python26/Lib/test/decimaltestdata/class.decTest","2009-11-13 03:58:09 EET"
"/img_jo-2009-11-16.E01/vol_vol2/Python26/Lib/test/decimaltestdata/compare.decTest",File,"/img_jo-2009-11-16.E01/vol_vol2/Python26/Lib/test/decimaltestdata/compare.decTest","2009-11-13 03:58:09 EET"
"/img_jo-2009-11-16.E01/vol_vol2/Python26/Lib/test/decimaltestdata/comparetotal.decTest",File,"/img_jo-2009-11-16.E01/vol_vol2/Python26/Lib/test/decimaltestdata/comparetotal.decTest","2009-11-13 03:58:09 EET"
"/img_jo-2009-11-16.E01/vol_vol2/Python26/Lib/test/decimaltestdata/comparetotmag.decTest",File,"/img_jo-2009-11-16.E01/vol_vol2/Python26/Lib/test/decimaltestdata/comparetotmag.decTest","2009-11-13 03:58:09 EET"
"/img_jo-2009-11-16.E01/vol_vol2/Python26/Lib/test/decimaltestdata/copyabs.decTest",File,"/img_jo-2009-11-16.E01/vol_vol2/Python26/Lib/test/decimaltestdata/copyabs.decTest","2009-11-13 03:58:09 EET"
"/img_jo-2009-11-16.E01/vol_vol2/Python26/Lib/test/decimaltestdata/copynegate.decTest",File,"/img_jo-2009-11-16.E01/vol_vol2/Python26/Lib/test/decimaltestdata/copynegate.decTest","2009-11-13 03:58:09 EET"
"/img_jo-2009-11-16.E01/vol_vol2/Python26/Lib/test/decimaltestdata/copysign.decTest",File,"/img_jo-2009-11-16.E01/vol_vol2/Python26/Lib/test/decimaltestdata/copysign.decTest","2009-11-13 03:58:09 EET"
"/img_jo-2009-11-16.E01/vol_vol2/Python26/Lib/test/decimaltestdata/ddAbs.decTest",File,"/img_jo-2009-11-16.E01/vol_vol2/Python26/Lib/test/decimaltestdata/ddAbs.decTest","2009-11-13 03:58:09 EET"
"/img_jo-2009-11-16.E01/vol_vol2/Python26/Lib/test/decimaltestdata/ddAdd.decTest",File,"/img_jo-2009-11-16.E01/vol_vol2/Python26/Lib/test/decimaltestdata/ddAdd.decTest","2009-11-13 03:58:09 EET"
"/img_jo-2009-11-16.E01/vol_vol2/Python26/Lib/test/decimaltestdata/ddAnd.decTest",File,"/img_jo-2009-11-16.E01/vol_vol2/Python26/Lib/test/decimaltestdata/ddAnd.decTest","2009-11-13 03:58:10 EET"
"/img_jo-2009-11-16.E01/vol_vol2/Python26/Lib/test/decimaltestdata/ddBase.decTest",File,"/img_jo-2009-11-16.E01/vol_vol2/Python26/Lib/test/decimaltestdata/ddBase.decTest","2009-11-13 03:58:10 EET"
"/img_jo-2009-11-16.E01/vol_vol2/Python26/Lib/test/decimaltestdata/ddCanonical.decTest",File,"/img_jo-2009-11-16.E01/vol_vol2/Python26/Lib/test/decimaltestdata/ddCanonical.decTest","2009-11-13 03:58:10 EET"
"/img_jo-2009-11-16.E01/vol_vol2/Python26/Lib/test/decimaltestdata/ddCompare.decTest",File,"/img_jo-2009-11-16.E01/vol_vol2/Python26/Lib/test/decimaltestdata/ddCompare.decTest","2009-11-13 03:58:10 EET"
"/img_jo-2009-11-16.E01/vol_vol2/Python26/Lib/test/decimaltestdata/ddCompareSig.decTest",File,"/img_jo-2009-11-16.E01/vol_vol2/Python26/Lib/test/decimaltestdata/ddCompareSig.decTest","2009-11-13 03:58:10 EET"
"/img_jo-2009-11-16.E01/vol_vol2/Python26/Lib/test/decimaltestdata/ddCompareTotal.decTest",File,"/img_jo-2009-11-16.E01/vol_vol2/Python26/Lib/test/decimaltestdata/ddCompareTotal.decTest","2009-11-13 03:58:10 EET"
"/img_jo-2009-11-16.E01/vol_vol2/Python26/Lib/test/decimaltestdata/ddCompareTotalMag.decTest",File,"/img_jo-2009-11-16.E01/vol_vol2/Python26/Lib/test/decimaltestdata/ddCompareTotalMag.decTest","2009-11-13 03:58:10 EET"
"/img_jo-2009-11-16.E01/vol_vol2/Python26/Lib/test/decimaltestdata/ddCopy.decTest",File,"/img_jo-2009-11-16.E01/vol_vol2/Python26/Lib/test/decimaltestdata/ddCopy.decTest","2009-11-13 03:58:10 EET"
"/img_jo-2009-11-16.E01/vol_vol2/Python26/Lib/test/decimaltestdata/ddCopyAbs.decTest",File,"/img_jo-2009-11-16.E01/vol_vol2/Python26/Lib/test/decimaltestdata/ddCopyAbs.decTest","2009-11-13 03:58:10 EET"
"/img_jo-2009-11-16.E01/vol_vol2/Python26/Lib/test/decimaltestdata/ddCopyNegate.decTest",File,"/img_jo-2009-11-16.E01/vol_vol2/Python26/Lib/test/decimaltestdata/ddCopyNegate.decTest","2009-11-13 03:58:10 EET"
"/img_jo-2009-11-16.E01/vol_vol2/Python26/Lib/test/decimaltestdata/ddCopySign.decTest",File,"/img_jo-2009-11-16.E01/vol_vol2/Python26/Lib/test/decimaltestdata/ddCopySign.decTest","2009-11-13 03:58:10 EET"
"/img_jo-2009-11-16.E01/vol_vol2/Python26/Lib/test/decimaltestdata/ddDivide.decTest",File,"/img_jo-2009-11-16.E01/vol_vol2/Python26/Lib/test/decimaltestdata/ddDivide.decTest","2009-11-13 03:58:10 EET"
"/img_jo-2009-11-16.E01/vol_vol2/Python26/Lib/test/decimaltestdata/ddDivideInt.decTest",File,"/img_jo-2009-11-16.E01/vol_vol2/Python26/Lib/test/decimaltestdata/ddDivideInt.decTest","2009-11-13 03:58:10 EET"
"/img_jo-2009-11-16.E01/vol_vol2/Python26/Lib/test/decimaltestdata/ddEncode.decTest",File,"/img_jo-2009-11-16.E01/vol_vol2/Python26/Lib/test/decimaltestdata/ddEncode.decTest","2009-11-13 03:58:10 EET"
"/img_jo-2009-11-16.E01/vol_vol2/Python26/Lib/test/decimaltestdata/ddFMA.decTest",File,"/img_jo-2009-11-16.E01/vol_vol2/Python26/Lib/test/decimaltestdata/ddFMA.decTest","2009-11-13 03:58:10 EET"
"/img_jo-2009-11-16.E01/vol_vol2/Python26/Lib/test/decimaltestdata/ddInvert.decTest",File,"/img_jo-2009-11-16.E01/vol_vol2/Python26/Lib/test/decimaltestdata/ddInvert.decTest","2009-11-13 03:58:10 EET"
"/img_jo-2009-11-16.E01/vol_vol2/Python26/Lib/test/decimaltestdata/ddLogB.decTest",File,"/img_jo-2009-11-16.E01/vol_vol2/Python26/Lib/test/decimaltestdata/ddLogB.decTest","2009-11-13 03:58:10 EET"
"/img_jo-2009-11-16.E01/vol_vol2/Python26/Lib/test/decimaltestdata/ddMax.decTest",File,"/img_jo-2009-11-16.E01/vol_vol2/Python26/Lib/test/decimaltestdata/ddMax.decTest","2009-11-13 03:58:10 EET"
"/img_jo-2009-11-16.E01/vol_vol2/Python26/Lib/test/decimaltestdata/ddMaxMag.decTest",File,"/img_jo-2009-11-16.E01/vol_vol2/Python26/Lib/test/decimaltestdata/ddMaxMag.decTest","2009-11-13 03:58:10 EET"
"/img_jo-2009-11-16.E01/vol_vol2/Python26/Lib/test/decimaltestdata/ddMin.decTest",File,"/img_jo-2009-11-16.E01/vol_vol2/Python26/Lib/test/decimaltestdata/ddMin.decTest","2009-11-13 03:58:10 EET"
"/img_jo-2009-11-16.E01/vol_vol2/Python26/Lib/test/decimaltestdata/ddMinus.decTest",File,"/img_jo-2009-11-16.E01/vol_vol2/Python26/Lib/test/decimaltestdata/ddMinus.decTest","2009-11-13 03:58:10 EET"
"/img_jo-2009-11-16.E01/vol_vol2/Python26/Lib/test/decimaltestdata/ddMultiply.decTest",File,"/img_jo-2009-11-16.E01/vol_vol2/Python26/Lib/test/decimaltestdata/ddMultiply.decTest","2009-11-13 03:58:10 EET"
"/img_jo-2009-11-16.E01/vol_vol2/Python26/Lib/test/decimaltestdata/ddNextMinus.decTest",File,"/img_jo-2009-11-16.E01/vol_vol2/Python26/Lib/test/decimaltestdata/ddNextMinus.decTest","2009-11-13 03:58:10 EET"
"/img_jo-2009-11-16.E01/vol_vol2/Python26/Lib/test/decimaltestdata/ddNextPlus.decTest",File,"/img_jo-2009-11-16.E01/vol_vol2/Python26/Lib/test/decimaltestdata/ddNextPlus.decTest","2009-11-13 03:58:10 EET"
"/img_jo-2009-11-16.E01/vol_vol2/Python26/Lib/test/decimaltestdata/ddNextToward.decTest",File,"/img_jo-2009-11-16.E01/vol_vol2/Python26/Lib/test/decimaltestdata/ddNextToward.decTest","2009-11-13 03:58:10 EET"
"/img_jo-2009-11-16.E01/vol_vol2/Python26/Lib/test/decimaltestdata/ddOr.decTest",File,"/img_jo-2009-11-16.E01/vol_vol2/Python26/Lib/test/decimaltestdata/ddOr.decTest","2009-11-13 03:58:10 EET"
"/img_jo-2009-11-16.E01/vol_vol2/Python26/Lib/test/decimaltestdata/ddPlus.decTest",File,"/img_jo-2009-11-16.E01/vol_vol2/Python26/Lib/test/decimaltestdata/ddPlus.decTest","2009-11-13 03:58:10 EET"
"/img_jo-2009-11-16.E01/vol_vol2/Python26/Lib/test/decimaltestdata/ddQuantize.decTest",File,"/img_jo-2009-11-16.E01/vol_vol2/Python26/Lib/test/decimaltestdata/ddQuantize.decTest","2009-11-13 03:58:10 EET"
"/img_jo-2009-11-16.E01/vol_vol2/Python26/Lib/test/decimaltestdata/ddReduce.decTest",File,"/img_jo-2009-11-16.E01/vol_vol2/Python26/Lib/test/decimaltestdata/ddReduce.decTest","2009-11-13 03:58:10 EET"
"/img_jo-2009-11-16.E01/vol_vol2/Python26/Lib/test/decimaltestdata/ddRemainder.decTest",File,"/img_jo-2009-11-16.E01/vol_vol2/Python26/Lib/test/decimaltestdata/ddRemainder.decTest","2009-11-13 03:58:10 EET"
"/img_jo-2009-11-16.E01/vol_vol2/Python26/Lib/test/decimaltestdata/ddRemainderNear.decTest",File,"/img_jo-2009-11-16.E01/vol_vol2/Python26/Lib/test/decimaltestdata/ddRemainderNear.decTest","2009-11-13 03:58:11 EET"
"/img_jo-2009-11-16.E01/vol_vol2/Python26/Lib/test/decimaltestdata/ddRotate.decTest",File,"/img_jo-2009-11-16.E01/vol_vol2/Python26/Lib/test/decimaltestdata/ddRotate.decTest","2009-11-13 03:58:11 EET"
"/img_jo-2009-11-16.E01/vol_vol2/Python26/Lib/test/decimaltestdata/ddSameQuantum.decTest",File,"/img_jo-2009-11-16.E01/vol_vol2/Python26/Lib/test/decimaltestdata/ddSameQuantum.decTest","2009-11-13 03:58:11 EET"
"/img_jo-2009-11-16.E01/vol_vol2/Python26/Lib/test/decimaltestdata/ddScaleB.decTest",File,"/img_jo-2009-11-16.E01/vol_vol2/Python26/Lib/test/decimaltestdata/ddScaleB.decTest","2009-11-13 03:58:11 EET"
"/img_jo-2009-11-16.E01/vol_vol2/Python26/Lib/test/decimaltestdata/ddShift.decTest",File,"/img_jo-2009-11-16.E01/vol_vol2/Python26/Lib/test/decimaltestdata/ddShift.decTest","2009-11-13 03:58:11 EET"
"/img_jo-2009-11-16.E01/vol_vol2/Python26/Lib/test/decimaltestdata/ddSubtract.decTest",File,"/img_jo-2009-11-16.E01/vol_vol2/Python26/Lib/test/decimaltestdata/ddSubtract.decTest","2009-11-13 03:58:11 EET"
"/img_jo-2009-11-16.E01/vol_vol2/Python26/Lib/test/decimaltestdata/copy.decTest",File,"/img_jo-2009-11-16.E01/vol_vol2/Python26/Lib/test/decimaltestdata/copy.decTest","2009-11-13 03:58:09 EET"
"/img_jo-2009-11-16.E01/vol_vol2/Python26/Lib/test/decimaltestdata/ddClass.decTest",File,"/img_jo-2009-11-16.E01/vol_vol2/Python26/Lib/test/decimaltestdata/ddClass.decTest","2009-11-13 03:58:10 EET"
"/img_jo-2009-11-16.E01/vol_vol2/Python26/Lib/test/decimaltestdata/ddMinMag.decTest",File,"/img_jo-2009-11-16.E01/vol_vol2/Python26/Lib/test/decimaltestdata/ddMinMag.decTest","2009-11-13 03:58:10 EET"
"/img_jo-2009-11-16.E01/vol_vol2/Python26/Lib/test/decimaltestdata/dqCopyNegate.decTest",File,"/img_jo-2009-11-16.E01/vol_vol2/Python26/Lib/test/decimaltestdata/dqCopyNegate.decTest","2009-11-13 03:58:11 EET"
"/img_jo-2009-11-16.E01/vol_vol2/Python26/Lib/test/decimaltestdata/dqMax.decTest",File,"/img_jo-2009-11-16.E01/vol_vol2/Python26/Lib/test/decimaltestdata/dqMax.decTest","2009-11-13 03:58:11 EET"
"/img_jo-2009-11-16.E01/vol_vol2/Python26/Lib/test/decimaltestdata/dqOr.decTest",File,"/img_jo-2009-11-16.E01/vol_vol2/Python26/Lib/test/decimaltestdata/dqOr.decTest","2009-11-13 03:58:11 EET"
"/img_jo-2009-11-16.E01/vol_vol2/Python26/Lib/test/decimaltestdata/dqShift.decTest",File,"/img_jo-2009-11-16.E01/vol_vol2/Python26/Lib/test/decimaltestdata/dqShift.decTest","2009-11-13 03:58:12 EET"
"/img_jo-2009-11-16.E01/vol_vol2/Python26/Lib/test/decimaltestdata/inexact.decTest",File,"/img_jo-2009-11-16.E01/vol_vol2/Python26/Lib/test/decimaltestdata/inexact.decTest","2009-11-13 03:58:12 EET"
"/img_jo-2009-11-16.E01/vol_vol2/Python26/Lib/test/decimaltestdata/ddToIntegral.decTest",File,"/img_jo-2009-11-16.E01/vol_vol2/Python26/Lib/test/decimaltestdata/ddToIntegral.decTest","2009-11-13 03:58:11 EET"
"/img_jo-2009-11-16.E01/vol_vol2/Python26/Lib/test/decimaltestdata/ddXor.decTest",File,"/img_jo-2009-11-16.E01/vol_vol2/Python26/Lib/test/decimaltestdata/ddXor.decTest","2009-11-13 03:58:11 EET"
"/img_jo-2009-11-16.E01/vol_vol2/Python26/Lib/test/decimaltestdata/decDouble.decTest",File,"/img_jo-2009-11-16.E01/vol_vol2/Python26/Lib/test/decimaltestdata/decDouble.decTest","2009-11-13 03:58:11 EET"
"/img_jo-2009-11-16.E01/vol_vol2/Python26/Lib/test/decimaltestdata/decQuad.decTest",File,"/img_jo-2009-11-16.E01/vol_vol2/Python26/Lib/test/decimaltestdata/decQuad.decTest","2009-11-13 03:58:11 EET"
"/img_jo-2009-11-16.E01/vol_vol2/Python26/Lib/test/decimaltestdata/decSingle.decTest",File,"/img_jo-2009-11-16.E01/vol_vol2/Python26/Lib/test/decimaltestdata/decSingle.decTest","2009-11-13 03:58:11 EET"
"/img_jo-2009-11-16.E01/vol_vol2/Python26/Lib/test/decimaltestdata/divide.decTest",File,"/img_jo-2009-11-16.E01/vol_vol2/Python26/Lib/test/decimaltestdata/divide.decTest","2009-11-13 03:58:11 EET"
"/img_jo-2009-11-16.E01/vol_vol2/Python26/Lib/test/decimaltestdata/divideint.decTest",File,"/img_jo-2009-11-16.E01/vol_vol2/Python26/Lib/test/decimaltestdata/divideint.decTest","2009-11-13 03:58:11 EET"
"/img_jo-2009-11-16.E01/vol_vol2/Python26/Lib/test/decimaltestdata/dqAbs.decTest",File,"/img_jo-2009-11-16.E01/vol_vol2/Python26/Lib/test/decimaltestdata/dqAbs.decTest","2009-11-13 03:58:11 EET"
"/img_jo-2009-11-16.E01/vol_vol2/Python26/Lib/test/decimaltestdata/dqAdd.decTest",File,"/img_jo-2009-11-16.E01/vol_vol2/Python26/Lib/test/decimaltestdata/dqAdd.decTest","2009-11-13 03:58:11 EET"
"/img_jo-2009-11-16.E01/vol_vol2/Python26/Lib/test/decimaltestdata/dqAnd.decTest",File,"/img_jo-2009-11-16.E01/vol_vol2/Python26/Lib/test/decimaltestdata/dqAnd.decTest","2009-11-13 03:58:11 EET"
"/img_jo-2009-11-16.E01/vol_vol2/Python26/Lib/test/decimaltestdata/dqBase.decTest",File,"/img_jo-2009-11-16.E01/vol_vol2/Python26/Lib/test/decimaltestdata/dqBase.decTest","2009-11-13 03:58:11 EET"
"/img_jo-2009-11-16.E01/vol_vol2/Python26/Lib/test/decimaltestdata/dqCanonical.decTest",File,"/img_jo-2009-11-16.E01/vol_vol2/Python26/Lib/test/decimaltestdata/dqCanonical.decTest","2009-11-13 03:58:11 EET"
"/img_jo-2009-11-16.E01/vol_vol2/Python26/Lib/test/decimaltestdata/dqClass.decTest",File,"/img_jo-2009-11-16.E01/vol_vol2/Python26/Lib/test/decimaltestdata/dqClass.decTest","2009-11-13 03:58:11 EET"
"/img_jo-2009-11-16.E01/vol_vol2/Python26/Lib/test/decimaltestdata/dqCompare.decTest",File,"/img_jo-2009-11-16.E01/vol_vol2/Python26/Lib/test/decimaltestdata/dqCompare.decTest","2009-11-13 03:58:11 EET"
"/img_jo-2009-11-16.E01/vol_vol2/Python26/Lib/test/decimaltestdata/dqCompareSig.decTest",File,"/img_jo-2009-11-16.E01/vol_vol2/Python26/Lib/test/decimaltestdata/dqCompareSig.decTest","2009-11-13 03:58:11 EET"
"/img_jo-2009-11-16.E01/vol_vol2/Python26/Lib/test/decimaltestdata/dqCompareTotal.decTest",File,"/img_jo-2009-11-16.E01/vol_vol2/Python26/Lib/test/decimaltestdata/dqCompareTotal.decTest","2009-11-13 03:58:11 EET"
"/img_jo-2009-11-16.E01/vol_vol2/Python26/Lib/test/decimaltestdata/dqCompareTotalMag.decTest",File,"/img_jo-2009-11-16.E01/vol_vol2/Python26/Lib/test/decimaltestdata/dqCompareTotalMag.decTest","2009-11-13 03:58:11 EET"
"/img_jo-2009-11-16.E01/vol_vol2/Python26/Lib/test/decimaltestdata/dqCopy.decTest",File,"/img_jo-2009-11-16.E01/vol_vol2/Python26/Lib/test/decimaltestdata/dqCopy.decTest","2009-11-13 03:58:11 EET"
"/img_jo-2009-11-16.E01/vol_vol2/Python26/Lib/test/decimaltestdata/dqCopyAbs.decTest",File,"/img_jo-2009-11-16.E01/vol_vol2/Python26/Lib/test/decimaltestdata/dqCopyAbs.decTest","2009-11-13 03:58:11 EET"
"/img_jo-2009-11-16.E01/vol_vol2/Python26/Lib/test/decimaltestdata/dqCopySign.decTest",File,"/img_jo-2009-11-16.E01/vol_vol2/Python26/Lib/test/decimaltestdata/dqCopySign.decTest","2009-11-13 03:58:11 EET"
"/img_jo-2009-11-16.E01/vol_vol2/Python26/Lib/test/decimaltestdata/dqDivide.decTest",File,"/img_jo-2009-11-16.E01/vol_vol2/Python26/Lib/test/decimaltestdata/dqDivide.decTest","2009-11-13 03:58:11 EET"
"/img_jo-2009-11-16.E01/vol_vol2/Python26/Lib/test/decimaltestdata/dqDivideInt.decTest",File,"/img_jo-2009-11-16.E01/vol_vol2/Python26/Lib/test/decimaltestdata/dqDivideInt.decTest","2009-11-13 03:58:11 EET"
"/img_jo-2009-11-16.E01/vol_vol2/Python26/Lib/test/decimaltestdata/dqEncode.decTest",File,"/img_jo-2009-11-16.E01/vol_vol2/Python26/Lib/test/decimaltestdata/dqEncode.decTest","2009-11-13 03:58:11 EET"
"/img_jo-2009-11-16.E01/vol_vol2/Python26/Lib/test/decimaltestdata/dqFMA.decTest",File,"/img_jo-2009-11-16.E01/vol_vol2/Python26/Lib/test/decimaltestdata/dqFMA.decTest","2009-11-13 03:58:11 EET"
"/img_jo-2009-11-16.E01/vol_vol2/Python26/Lib/test/decimaltestdata/dqInvert.decTest",File,"/img_jo-2009-11-16.E01/vol_vol2/Python26/Lib/test/decimaltestdata/dqInvert.decTest","2009-11-13 03:58:11 EET"
"/img_jo-2009-11-16.E01/vol_vol2/Python26/Lib/test/decimaltestdata/dqLogB.decTest",File,"/img_jo-2009-11-16.E01/vol_vol2/Python26/Lib/test/decimaltestdata/dqLogB.decTest","2009-11-13 03:58:11 EET"
"/img_jo-2009-11-16.E01/vol_vol2/Python26/Lib/test/decimaltestdata/dqMaxMag.decTest",File,"/img_jo-2009-11-16.E01/vol_vol2/Python26/Lib/test/decimaltestdata/dqMaxMag.decTest","2009-11-13 03:58:11 EET"
"/img_jo-2009-11-16.E01/vol_vol2/Python26/Lib/test/decimaltestdata/dqMin.decTest",File,"/img_jo-2009-11-16.E01/vol_vol2/Python26/Lib/test/decimaltestdata/dqMin.decTest","2009-11-13 03:58:11 EET"
"/img_jo-2009-11-16.E01/vol_vol2/Python26/Lib/test/decimaltestdata/dqMinMag.decTest",File,"/img_jo-2009-11-16.E01/vol_vol2/Python26/Lib/test/decimaltestdata/dqMinMag.decTest","2009-11-13 03:58:11 EET"
"/img_jo-2009-11-16.E01/vol_vol2/Python26/Lib/test/decimaltestdata/dqMinus.decTest",File,"/img_jo-2009-11-16.E01/vol_vol2/Python26/Lib/test/decimaltestdata/dqMinus.decTest","2009-11-13 03:58:11 EET"
"/img_jo-2009-11-16.E01/vol_vol2/Python26/Lib/test/decimaltestdata/dqMultiply.decTest",File,"/img_jo-2009-11-16.E01/vol_vol2/Python26/Lib/test/decimaltestdata/dqMultiply.decTest","2009-11-13 03:58:11 EET"
"/img_jo-2009-11-16.E01/vol_vol2/Python26/Lib/test/decimaltestdata/dqNextMinus.decTest",File,"/img_jo-2009-11-16.E01/vol_vol2/Python26/Lib/test/decimaltestdata/dqNextMinus.decTest","2009-11-13 03:58:11 EET"
"/img_jo-2009-11-16.E01/vol_vol2/Python26/Lib/test/decimaltestdata/dqNextPlus.decTest",File,"/img_jo-2009-11-16.E01/vol_vol2/Python26/Lib/test/decimaltestdata/dqNextPlus.decTest","2009-11-13 03:58:11 EET"
"/img_jo-2009-11-16.E01/vol_vol2/Python26/Lib/test/decimaltestdata/dqNextToward.decTest",File,"/img_jo-2009-11-16.E01/vol_vol2/Python26/Lib/test/decimaltestdata/dqNextToward.decTest","2009-11-13 03:58:11 EET"
"/img_jo-2009-11-16.E01/vol_vol2/Python26/Lib/test/decimaltestdata/dqPlus.decTest",File,"/img_jo-2009-11-16.E01/vol_vol2/Python26/Lib/test/decimaltestdata/dqPlus.decTest","2009-11-13 03:58:11 EET"
"/img_jo-2009-11-16.E01/vol_vol2/Python26/Lib/test/decimaltestdata/dqQuantize.decTest",File,"/img_jo-2009-11-16.E01/vol_vol2/Python26/Lib/test/decimaltestdata/dqQuantize.decTest","2009-11-13 03:58:11 EET"
"/img_jo-2009-11-16.E01/vol_vol2/Python26/Lib/test/decimaltestdata/dqReduce.decTest",File,"/img_jo-2009-11-16.E01/vol_vol2/Python26/Lib/test/decimaltestdata/dqReduce.decTest","2009-11-13 03:58:11 EET"
"/img_jo-2009-11-16.E01/vol_vol2/Python26/Lib/test/decimaltestdata/dqRemainder.decTest",File,"/img_jo-2009-11-16.E01/vol_vol2/Python26/Lib/test/decimaltestdata/dqRemainder.decTest","2009-11-13 03:58:11 EET"
"/img_jo-2009-11-16.E01/vol_vol2/Python26/Lib/test/decimaltestdata/dqRemainderNear.decTest",File,"/img_jo-2009-11-16.E01/vol_vol2/Python26/Lib/test/decimaltestdata/dqRemainderNear.decTest","2009-11-13 03:58:12 EET"
"/img_jo-2009-11-16.E01/vol_vol2/Python26/Lib/test/decimaltestdata/dqRotate.decTest",File,"/img_jo-2009-11-16.E01/vol_vol2/Python26/Lib/test/decimaltestdata/dqRotate.decTest","2009-11-13 03:58:12 EET"
"/img_jo-2009-11-16.E01/vol_vol2/Python26/Lib/test/decimaltestdata/dqSameQuantum.decTest",File,"/img_jo-2009-11-16.E01/vol_vol2/Python26/Lib/test/decimaltestdata/dqSameQuantum.decTest","2009-11-13 03:58:12 EET"
"/img_jo-2009-11-16.E01/vol_vol2/Python26/Lib/test/decimaltestdata/dqScaleB.decTest",File,"/img_jo-2009-11-16.E01/vol_vol2/Python26/Lib/test/decimaltestdata/dqScaleB.decTest","2009-11-13 03:58:12 EET"
"/img_jo-2009-11-16.E01/vol_vol2/Python26/Lib/test/decimaltestdata/dqSubtract.decTest",File,"/img_jo-2009-11-16.E01/vol_vol2/Python26/Lib/test/decimaltestdata/dqSubtract.decTest","2009-11-13 03:58:12 EET"
"/img_jo-2009-11-16.E01/vol_vol2/Python26/Lib/test/decimaltestdata/dqToIntegral.decTest",File,"/img_jo-2009-11-16.E01/vol_vol2/Python26/Lib/test/decimaltestdata/dqToIntegral.decTest","2009-11-13 03:58:12 EET"
"/img_jo-2009-11-16.E01/vol_vol2/Python26/Lib/test/decimaltestdata/dqXor.decTest",File,"/img_jo-2009-11-16.E01/vol_vol2/Python26/Lib/test/decimaltestdata/dqXor.decTest","2009-11-13 03:58:12 EET"
"/img_jo-2009-11-16.E01/vol_vol2/Python26/Lib/test/decimaltestdata/dsBase.decTest",File,"/img_jo-2009-11-16.E01/vol_vol2/Python26/Lib/test/decimaltestdata/dsBase.decTest","2009-11-13 03:58:12 EET"
"/img_jo-2009-11-16.E01/vol_vol2/Python26/Lib/test/decimaltestdata/dsEncode.decTest",File,"/img_jo-2009-11-16.E01/vol_vol2/Python26/Lib/test/decimaltestdata/dsEncode.decTest","2009-11-13 03:58:12 EET"
"/img_jo-2009-11-16.E01/vol_vol2/Python26/Lib/test/decimaltestdata/exp.decTest",File,"/img_jo-2009-11-16.E01/vol_vol2/Python26/Lib/test/decimaltestdata/exp.decTest","2009-11-13 03:58:12 EET"
"/img_jo-2009-11-16.E01/vol_vol2/Python26/Lib/test/decimaltestdata/fma.decTest",File,"/img_jo-2009-11-16.E01/vol_vol2/Python26/Lib/test/decimaltestdata/fma.decTest","2009-11-13 03:58:12 EET"
"/img_jo-2009-11-16.E01/vol_vol2/Python26/Lib/test/decimaltestdata/invert.decTest",File,"/img_jo-2009-11-16.E01/vol_vol2/Python26/Lib/test/decimaltestdata/invert.decTest","2009-11-13 03:58:12 EET"
"/img_jo-2009-11-16.E01/vol_vol2/Python26/Lib/test/decimaltestdata/ln.decTest",File,"/img_jo-2009-11-16.E01/vol_vol2/Python26/Lib/test/decimaltestdata/ln.decTest","2009-11-13 03:58:12 EET"
"/img_jo-2009-11-16.E01/vol_vol2/Python26/Lib/test/decimaltestdata/log10.decTest",File,"/img_jo-2009-11-16.E01/vol_vol2/Python26/Lib/test/decimaltestdata/log10.decTest","2009-11-13 03:58:12 EET"
"/img_jo-2009-11-16.E01/vol_vol2/Python26/Lib/test/decimaltestdata/logb.decTest",File,"/img_jo-2009-11-16.E01/vol_vol2/Python26/Lib/test/decimaltestdata/logb.decTest","2009-11-13 03:58:12 EET"
"/img_jo-2009-11-16.E01/vol_vol2/Python26/Lib/test/decimaltestdata/max.decTest",File,"/img_jo-2009-11-16.E01/vol_vol2/Python26/Lib/test/decimaltestdata/max.decTest","2009-11-13 03:58:12 EET"
"/img_jo-2009-11-16.E01/vol_vol2/Python26/Lib/test/decimaltestdata/maxmag.decTest",File,"/img_jo-2009-11-16.E01/vol_vol2/Python26/Lib/test/decimaltestdata/maxmag.decTest","2009-11-13 03:58:12 EET"
"/img_jo-2009-11-16.E01/vol_vol2/Python26/Lib/test/decimaltestdata/min.decTest",File,"/img_jo-2009-11-16.E01/vol_vol2/Python26/Lib/test/decimaltestdata/min.decTest","2009-11-13 03:58:12 EET"
"/img_jo-2009-11-16.E01/vol_vol2/Python26/Lib/test/decimaltestdata/minmag.decTest",File,"/img_jo-2009-11-16.E01/vol_vol2/Python26/Lib/test/decimaltestdata/minmag.decTest","2009-11-13 03:58:12 EET"
"/img_jo-2009-11-16.E01/vol_vol2/Python26/Lib/test/decimaltestdata/minus.decTest",File,"/img_jo-2009-11-16.E01/vol_vol2/Python26/Lib/test/decimaltestdata/minus.decTest","2009-11-13 03:58:12 EET"
"/img_jo-2009-11-16.E01/vol_vol2/Python26/Lib/test/decimaltestdata/multiply.decTest",File,"/img_jo-2009-11-16.E01/vol_vol2/Python26/Lib/test/decimaltestdata/multiply.decTest","2009-11-13 03:58:12 EET"
"/img_jo-2009-11-16.E01/vol_vol2/Python26/Lib/test/decimaltestdata/nextminus.decTest",File,"/img_jo-2009-11-16.E01/vol_vol2/Python26/Lib/test/decimaltestdata/nextminus.decTest","2009-11-13 03:58:12 EET"
"/img_jo-2009-11-16.E01/vol_vol2/Python26/Lib/test/decimaltestdata/nextplus.decTest",File,"/img_jo-2009-11-16.E01/vol_vol2/Python26/Lib/test/decimaltestdata/nextplus.decTest","2009-11-13 03:58:12 EET"
"/img_jo-2009-11-16.E01/vol_vol2/Python26/Lib/test/decimaltestdata/nexttoward.decTest",File,"/img_jo-2009-11-16.E01/vol_vol2/Python26/Lib/test/decimaltestdata/nexttoward.decTest","2009-11-13 03:58:12 EET"
"/img_jo-2009-11-16.E01/vol_vol2/Python26/Lib/test/decimaltestdata/or.decTest",File,"/img_jo-2009-11-16.E01/vol_vol2/Python26/Lib/test/decimaltestdata/or.decTest","2009-11-13 03:58:12 EET"
"/img_jo-2009-11-16.E01/vol_vol2/Python26/Lib/test/decimaltestdata/plus.decTest",File,"/img_jo-2009-11-16.E01/vol_vol2/Python26/Lib/test/decimaltestdata/plus.decTest","2009-11-13 03:58:12 EET"
"/img_jo-2009-11-16.E01/vol_vol2/Python26/Lib/test/decimaltestdata/power.decTest",File,"/img_jo-2009-11-16.E01/vol_vol2/Python26/Lib/test/decimaltestdata/power.decTest","2009-11-13 03:58:12 EET"
"/img_jo-2009-11-16.E01/vol_vol2/Python26/Lib/test/decimaltestdata/powersqrt.decTest",File,"/img_jo-2009-11-16.E01/vol_vol2/Python26/Lib/test/decimaltestdata/powersqrt.decTest","2009-11-13 03:58:12 EET"
"/img_jo-2009-11-16.E01/vol_vol2/Python26/Lib/test/decimaltestdata/quantize.decTest",File,"/img_jo-2009-11-16.E01/vol_vol2/Python26/Lib/test/decimaltestdata/quantize.decTest","2009-11-13 03:58:12 EET"
"/img_jo-2009-11-16.E01/vol_vol2/Python26/Lib/test/decimaltestdata/randomBound32.decTest",File,"/img_jo-2009-11-16.E01/vol_vol2/Python26/Lib/test/decimaltestdata/randomBound32.decTest","2009-11-13 03:58:13 EET"
"/img_jo-2009-11-16.E01/vol_vol2/Python26/Lib/test/decimaltestdata/randoms.decTest",File,"/img_jo-2009-11-16.E01/vol_vol2/Python26/Lib/test/decimaltestdata/randoms.decTest","2009-11-13 03:58:13 EET"
"/img_jo-2009-11-16.E01/vol_vol2/Python26/Lib/test/decimaltestdata/reduce.decTest",File,"/img_jo-2009-11-16.E01/vol_vol2/Python26/Lib/test/decimaltestdata/reduce.decTest","2009-11-13 03:58:13 EET"
"/img_jo-2009-11-16.E01/vol_vol2/Python26/Lib/test/decimaltestdata/remainder.decTest",File,"/img_jo-2009-11-16.E01/vol_vol2/Python26/Lib/test/decimaltestdata/remainder.decTest","2009-11-13 03:58:13 EET"
"/img_jo-2009-11-16.E01/vol_vol2/Python26/Lib/test/decimaltestdata/remainderNear.decTest",File,"/img_jo-2009-11-16.E01/vol_vol2/Python26/Lib/test/decimaltestdata/remainderNear.decTest","2009-11-13 03:58:13 EET"
"/img_jo-2009-11-16.E01/vol_vol2/Python26/Lib/test/decimaltestdata/rescale.decTest",File,"/img_jo-2009-11-16.E01/vol_vol2/Python26/Lib/test/decimaltestdata/rescale.decTest","2009-11-13 03:58:13 EET"
"/img_jo-2009-11-16.E01/vol_vol2/Python26/Lib/test/decimaltestdata/rotate.decTest",File,"/img_jo-2009-11-16.E01/vol_vol2/Python26/Lib/test/decimaltestdata/rotate.decTest","2009-11-13 03:58:13 EET"
"/img_jo-2009-11-16.E01/vol_vol2/Python26/Lib/test/decimaltestdata/rounding.decTest",File,"/img_jo-2009-11-16.E01/vol_vol2/Python26/Lib/test/decimaltestdata/rounding.decTest","2009-11-13 03:58:13 EET"
"/img_jo-2009-11-16.E01/vol_vol2/Python26/Lib/test/decimaltestdata/samequantum.decTest",File,"/img_jo-2009-11-16.E01/vol_vol2/Python26/Lib/test/decimaltestdata/samequantum.decTest","2009-11-13 03:58:13 EET"
"/img_jo-2009-11-16.E01/vol_vol2/Python26/Lib/test/decimaltestdata/scaleb.decTest",File,"/img_jo-2009-11-16.E01/vol_vol2/Python26/Lib/test/decimaltestdata/scaleb.decTest","2009-11-13 03:58:13 EET"
"/img_jo-2009-11-16.E01/vol_vol2/Python26/Lib/test/decimaltestdata/shift.decTest",File,"/img_jo-2009-11-16.E01/vol_vol2/Python26/Lib/test/decimaltestdata/shift.decTest","2009-11-13 03:58:13 EET"
"/img_jo-2009-11-16.E01/vol_vol2/Python26/Lib/test/decimaltestdata/squareroot.decTest",File,"/img_jo-2009-11-16.E01/vol_vol2/Python26/Lib/test/decimaltestdata/squareroot.decTest","2009-11-13 03:58:14 EET"
"/img_jo-2009-11-16.E01/vol_vol2/Python26/Lib/test/decimaltestdata/subtract.decTest",File,"/img_jo-2009-11-16.E01/vol_vol2/Python26/Lib/test/decimaltestdata/subtract.decTest","2009-11-13 03:58:14 EET"
"/img_jo-2009-11-16.E01/vol_vol2/Python26/Lib/test/decimaltestdata/testall.decTest",File,"/img_jo-2009-11-16.E01/vol_vol2/Python26/Lib/test/decimaltestdata/testall.decTest","2009-11-13 03:58:14 EET"
"/img_jo-2009-11-16.E01/vol_vol2/Python26/Lib/test/decimaltestdata/tointegral.decTest",File,"/img_jo-2009-11-16.E01/vol_vol2/Python26/Lib/test/decimaltestdata/tointegral.decTest","2009-11-13 03:58:14 EET"
"/img_jo-2009-11-16.E01/vol_vol2/Python26/Lib/test/decimaltestdata/tointegralx.decTest",File,"/img_jo-2009-11-16.E01/vol_vol2/Python26/Lib/test/decimaltestdata/tointegralx.decTest","2009-11-13 03:58:14 EET"
"/img_jo-2009-11-16.E01/vol_vol2/Python26/Lib/test/decimaltestdata/xor.decTest",File,"/img_jo-2009-11-16.E01/vol_vol2/Python26/Lib/test/decimaltestdata/xor.decTest","2009-11-13 03:58:14 EET"
"/img_jo-2009-11-16.E01/vol_vol2/Python26/Lib/test/greyrgb.uue",File,"/img_jo-2009-11-16.E01/vol_vol2/Python26/Lib/test/greyrgb.uue","2009-11-13 03:58:05 EET"
"/img_jo-2009-11-16.E01/vol_vol2/Python26/Lib/test/readme.txt",File,"/img_jo-2009-11-16.E01/vol_vol2/Python26/Lib/test/readme.txt","2009-11-13 03:58:05 EET"
"/img_jo-2009-11-16.E01/vol_vol2/Python26/Lib/test/test_charmapcodec.py",File,"/img_jo-2009-11-16.E01/vol_vol2/Python26/Lib/test/test_charmapcodec.py","2009-11-13 03:57:53 EET"
"/img_jo-2009-11-16.E01/vol_vol2/Python26/Lib/test/testcodec.py",File,"/img_jo-2009-11-16.E01/vol_vol2/Python26/Lib/test/testcodec.py","2009-11-13 03:57:52 EET"
"/img_jo-2009-11-16.E01/vol_vol2/Python26/Lib/test/test_generators.py",File,"/img_jo-2009-11-16.E01/vol_vol2/Python26/Lib/test/test_generators.py","2009-11-13 03:57:55 EET"
"/img_jo-2009-11-16.E01/vol_vol2/Python26/Lib/test/test_getopt.py",File,"/img_jo-2009-11-16.E01/vol_vol2/Python26/Lib/test/test_getopt.py","2009-11-13 03:57:55 EET"
"/img_jo-2009-11-16.E01/vol_vol2/Python26/Lib/test/test_gettext.py",File,"/img_jo-2009-11-16.E01/vol_vol2/Python26/Lib/test/test_gettext.py","2009-11-13 03:57:55 EET"
"/img_jo-2009-11-16.E01/vol_vol2/Python26/Lib/test/test_hashlib.py",File,"/img_jo-2009-11-16.E01/vol_vol2/Python26/Lib/test/test_hashlib.py","2009-11-13 03:57:56 EET"
"/img_jo-2009-11-16.E01/vol_vol2/Python26/Lib/test/test_htmlparser.py",File,"/img_jo-2009-11-16.E01/vol_vol2/Python26/Lib/test/test_htmlparser.py","2009-11-13 03:57:56 EET"
"/img_jo-2009-11-16.E01/vol_vol2/Python26/Lib/test/test_httpservers.py",File,"/img_jo-2009-11-16.E01/vol_vol2/Python26/Lib/test/test_httpservers.py","2009-11-13 03:57:56 EET"
"/img_jo-2009-11-16.E01/vol_vol2/Python26/Lib/test/test_mailbox.py",File,"/img_jo-2009-11-16.E01/vol_vol2/Python26/Lib/test/test_mailbox.py","2009-11-13 03:57:58 EET"
"/img_jo-2009-11-16.E01/vol_vol2/Python26/Lib/test/test_MimeWriter.py",File,"/img_jo-2009-11-16.E01/vol_vol2/Python26/Lib/test/test_MimeWriter.py","2009-11-13 03:57:58 EET"
"/img_jo-2009-11-16.E01/vol_vol2/Python26/Lib/test/test_old_mailbox.py",File,"/img_jo-2009-11-16.E01/vol_vol2/Python26/Lib/test/test_old_mailbox.py","2009-11-13 03:57:59 EET"
"/img_jo-2009-11-16.E01/vol_vol2/Python26/Lib/test/test_optparse.py",File,"/img_jo-2009-11-16.E01/vol_vol2/Python26/Lib/test/test_optparse.py","2009-11-13 03:57:59 EET"
"/img_jo-2009-11-16.E01/vol_vol2/Python26/Lib/test/test_pep292.py",File,"/img_jo-2009-11-16.E01/vol_vol2/Python26/Lib/test/test_pep292.py","2009-11-13 03:57:59 EET"
"/img_jo-2009-11-16.E01/vol_vol2/Python26/Lib/test/test_rfc822.py",File,"/img_jo-2009-11-16.E01/vol_vol2/Python26/Lib/test/test_rfc822.py","2009-11-13 03:58:01 EET"
"/img_jo-2009-11-16.E01/vol_vol2/Python26/Lib/test/test_smtplib.py",File,"/img_jo-2009-11-16.E01/vol_vol2/Python26/Lib/test/test_smtplib.py","2009-11-13 03:58:02 EET"
"/img_jo-2009-11-16.E01/vol_vol2/Python26/Lib/test/test_textwrap.py",File,"/img_jo-2009-11-16.E01/vol_vol2/Python26/Lib/test/test_textwrap.py","2009-11-13 03:58:03 EET"
"/img_jo-2009-11-16.E01/vol_vol2/Python26/Lib/test/test_ucn.py",File,"/img_jo-2009-11-16.E01/vol_vol2/Python26/Lib/test/test_ucn.py","2009-11-13 03:58:03 EET"
"/img_jo-2009-11-16.E01/vol_vol2/Python26/Lib/test/test_unicode.py",File,"/img_jo-2009-11-16.E01/vol_vol2/Python26/Lib/test/test_unicode.py","2009-11-13 03:58:03 EET"
"/img_jo-2009-11-16.E01/vol_vol2/Python26/Lib/test/test_unicodedata.py",File,"/img_jo-2009-11-16.E01/vol_vol2/Python26/Lib/test/test_unicodedata.py","2009-11-13 03:58:03 EET"
"/img_jo-2009-11-16.E01/vol_vol2/Python26/Lib/test/test_urllib2net.py",File,"/img_jo-2009-11-16.E01/vol_vol2/Python26/Lib/test/test_urllib2net.py","2009-11-13 03:58:03 EET"
"/img_jo-2009-11-16.E01/vol_vol2/Python26/Lib/test/test_urlparse.py",File,"/img_jo-2009-11-16.E01/vol_vol2/Python26/Lib/test/test_urlparse.py","2009-11-13 03:58:03 EET"
"/img_jo-2009-11-16.E01/vol_vol2/Python26/Lib/test/test_xml_etree.py",File,"/img_jo-2009-11-16.E01/vol_vol2/Python26/Lib/test/test_xml_etree.py","2009-11-13 03:58:04 EET"
"/img_jo-2009-11-16.E01/vol_vol2/Python26/Lib/trace.py",File,"/img_jo-2009-11-16.E01/vol_vol2/Python26/Lib/trace.py","2009-11-13 03:57:45 EET"
"/img_jo-2009-11-16.E01/vol_vol2/Python26/Lib/urllib2.py",File,"/img_jo-2009-11-16.E01/vol_vol2/Python26/Lib/urllib2.py","2009-11-13 03:57:47 EET"
"/img_jo-2009-11-16.E01/vol_vol2/Python26/Lib/uuid.py",File,"/img_jo-2009-11-16.E01/vol_vol2/Python26/Lib/uuid.py","2009-11-13 03:57:48 EET"
"/img_jo-2009-11-16.E01/vol_vol2/Python26/Lib/tokenize.py",File,"/img_jo-2009-11-16.E01/vol_vol2/Python26/Lib/tokenize.py","2009-11-13 03:57:44 EET"
"/img_jo-2009-11-16.E01/vol_vol2/Python26/Lib/xmlrpclib.py",File,"/img_jo-2009-11-16.E01/vol_vol2/Python26/Lib/xmlrpclib.py","2009-11-13 03:57:48 EET"
"/img_jo-2009-11-16.E01/vol_vol2/Python26/Lib/xml/dom/domreg.py",File,"/img_jo-2009-11-16.E01/vol_vol2/Python26/Lib/xml/dom/domreg.py","2009-11-13 03:57:50 EET"
"/img_jo-2009-11-16.E01/vol_vol2/Python26/Lib/xml/etree/ElementInclude.py",File,"/img_jo-2009-11-16.E01/vol_vol2/Python26/Lib/xml/etree/ElementInclude.py","2009-11-13 03:57:50 EET"
"/img_jo-2009-11-16.E01/vol_vol2/Python26/Lib/xml/etree/ElementPath.py",File,"/img_jo-2009-11-16.E01/vol_vol2/Python26/Lib/xml/etree/ElementPath.py","2009-11-13 03:57:50 EET"
"/img_jo-2009-11-16.E01/vol_vol2/Python26/Lib/xml/etree/ElementTree.py",File,"/img_jo-2009-11-16.E01/vol_vol2/Python26/Lib/xml/etree/ElementTree.py","2009-11-13 03:57:50 EET"
"/img_jo-2009-11-16.E01/vol_vol2/Python26/LICENSE.txt",File,"/img_jo-2009-11-16.E01/vol_vol2/Python26/LICENSE.txt","2009-11-13 03:57:37 EET"
"/img_jo-2009-11-16.E01/vol_vol2/Python26/README.txt",File,"/img_jo-2009-11-16.E01/vol_vol2/Python26/README.txt","2009-11-13 03:57:37 EET"
"/img_jo-2009-11-16.E01/vol_vol2/Python26/tcl/tcl8/8.4/http-2.7.tm",File,"/img_jo-2009-11-16.E01/vol_vol2/Python26/tcl/tcl8/8.4/http-2.7.tm","2009-11-13 03:59:10 EET"
"/img_jo-2009-11-16.E01/vol_vol2/Python26/tcl/tix8.4.3/demos/samples/PanedWin.tcl",File,"/img_jo-2009-11-16.E01/vol_vol2/Python26/tcl/tix8.4.3/demos/samples/PanedWin.tcl","2009-11-13 03:58:40 EET"
"/img_jo-2009-11-16.E01/vol_vol2/Python26/tcl/tix8.4.3/demos/samples/SText.tcl",File,"/img_jo-2009-11-16.E01/vol_vol2/Python26/tcl/tix8.4.3/demos/samples/SText.tcl","2009-11-13 03:58:40 EET"
"/img_jo-2009-11-16.E01/vol_vol2/Python26/tcl/tix8.4.3/pref/WmDefault.tcl",File,"/img_jo-2009-11-16.E01/vol_vol2/Python26/tcl/tix8.4.3/pref/WmDefault.tcl","2009-11-13 03:58:40 EET"
"/img_jo-2009-11-16.E01/vol_vol2/Python26/tcl/tk8.5/bgerror.tcl",File,"/img_jo-2009-11-16.E01/vol_vol2/Python26/tcl/tk8.5/bgerror.tcl","2009-11-13 03:58:34 EET"
"/img_jo-2009-11-16.E01/vol_vol2/Python26/tcl/tk8.5/console.tcl",File,"/img_jo-2009-11-16.E01/vol_vol2/Python26/tcl/tk8.5/console.tcl","2009-11-13 03:58:35 EET"
"/img_jo-2009-11-16.E01/vol_vol2/Python26/tcl/tk8.5/demos/ixset",File,"/img_jo-2009-11-16.E01/vol_vol2/Python26/tcl/tk8.5/demos/ixset","2009-11-13 03:58:37 EET"
"/img_jo-2009-11-16.E01/vol_vol2/Python26/tcl/tk8.5/demos/knightstour.tcl",File,"/img_jo-2009-11-16.E01/vol_vol2/Python26/tcl/tk8.5/demos/knightstour.tcl","2009-11-13 03:58:37 EET"
"/img_jo-2009-11-16.E01/vol_vol2/Python26/tcl/tk8.5/menu.tcl",File,"/img_jo-2009-11-16.E01/vol_vol2/Python26/tcl/tk8.5/menu.tcl","2009-11-13 03:58:35 EET"
"/img_jo-2009-11-16.E01/vol_vol2/Python26/tcl/tk8.5/msgs/el.msg",File,"/img_jo-2009-11-16.E01/vol_vol2/Python26/tcl/tk8.5/msgs/el.msg","2009-11-13 03:58:36 EET"
"/img_jo-2009-11-16.E01/vol_vol2/Python26/tcl/tk8.5/ttk/scale.tcl",File,"/img_jo-2009-11-16.E01/vol_vol2/Python26/tcl/tk8.5/ttk/scale.tcl","2009-11-13 03:58:36 EET"
"/img_jo-2009-11-16.E01/vol_vol2/Python26/Tools/i18n/makelocalealias.py",File,"/img_jo-2009-11-16.E01/vol_vol2/Python26/Tools/i18n/makelocalealias.py","2009-11-13 03:59:13 EET"
"/img_jo-2009-11-16.E01/vol_vol2/Python26/Tools/i18n/msgfmt.py",File,"/img_jo-2009-11-16.E01/vol_vol2/Python26/Tools/i18n/msgfmt.py","2009-11-13 03:59:13 EET"
"/img_jo-2009-11-16.E01/vol_vol2/Python26/Tools/i18n/pygettext.py",File,"/img_jo-2009-11-16.E01/vol_vol2/Python26/Tools/i18n/pygettext.py","2009-11-13 03:59:13 EET"
"/img_jo-2009-11-16.E01/vol_vol2/Python26/Tools/pynche/Main.py",File,"/img_jo-2009-11-16.E01/vol_vol2/Python26/Tools/pynche/Main.py","2009-11-13 03:59:13 EET"
"/img_jo-2009-11-16.E01/vol_vol2/Python26/Tools/pynche/PyncheWidget.py",File,"/img_jo-2009-11-16.E01/vol_vol2/Python26/Tools/pynche/PyncheWidget.py","2009-11-13 03:59:13 EET"
"/img_jo-2009-11-16.E01/vol_vol2/Python26/Tools/pynche/README.txt",File,"/img_jo-2009-11-16.E01/vol_vol2/Python26/Tools/pynche/README.txt","2009-11-13 03:59:13 EET"
"/img_jo-2009-11-16.E01/vol_vol2/Python26/Tools/Scripts/ndiff.py",File,"/img_jo-2009-11-16.E01/vol_vol2/Python26/Tools/Scripts/ndiff.py","2009-11-13 03:59:14 EET"
"/img_jo-2009-11-16.E01/vol_vol2/Python26/Tools/Scripts/parseentities.py",File,"/img_jo-2009-11-16.E01/vol_vol2/Python26/Tools/Scripts/parseentities.py","2009-11-13 03:59:14 EET"
"/img_jo-2009-11-16.E01/vol_vol2/Python26/Tools/Scripts/texi2html.py",File,"/img_jo-2009-11-16.E01/vol_vol2/Python26/Tools/Scripts/texi2html.py","2009-11-13 03:59:15 EET"
"/img_jo-2009-11-16.E01/vol_vol2/Python26/Tools/Scripts/win_add2path.py",File,"/img_jo-2009-11-16.E01/vol_vol2/Python26/Tools/Scripts/win_add2path.py","2009-11-13 03:59:15 EET"
"/img_jo-2009-11-16.E01/vol_vol2/Python26/Tools/versioncheck/README.txt",File,"/img_jo-2009-11-16.E01/vol_vol2/Python26/Tools/versioncheck/README.txt","2009-11-13 03:59:15 EET"
"/img_jo-2009-11-16.E01/vol_vol2/System Volume Information/_restore{F3DC3EA2-2BD0-422A-9913-F2FF8C2DAD79}/RP1/snapshot/Repository/FS/OBJECTS.DATA",File,"/img_jo-2009-11-16.E01/vol_vol2/System Volume Information/_restore{F3DC3EA2-2BD0-422A-9913-F2FF8C2DAD79}/RP1/snapshot/Repository/FS/OBJECTS.DATA","2009-11-09 02:41:52 EET"
"/img_jo-2009-11-16.E01/vol_vol2/System Volume Information/_restore{F3DC3EA2-2BD0-422A-9913-F2FF8C2DAD79}/RP1/snapshot/_REGISTRY_MACHINE_SOFTWARE",File,"/img_jo-2009-11-16.E01/vol_vol2/System Volume Information/_restore{F3DC3EA2-2BD0-422A-9913-F2FF8C2DAD79}/RP1/snapshot/_REGISTRY_MACHINE_SOFTWARE","2009-11-09 02:41:59 EET"
"/img_jo-2009-11-16.E01/vol_vol2/System Volume Information/_restore{F3DC3EA2-2BD0-422A-9913-F2FF8C2DAD79}/RP10/snapshot/Repository/FS/OBJECTS.DATA",File,"/img_jo-2009-11-16.E01/vol_vol2/System Volume Information/_restore{F3DC3EA2-2BD0-422A-9913-F2FF8C2DAD79}/RP10/snapshot/Repository/FS/OBJECTS.DATA","2009-11-10 03:23:24 EET"
"/img_jo-2009-11-16.E01/vol_vol2/System Volume Information/_restore{F3DC3EA2-2BD0-422A-9913-F2FF8C2DAD79}/RP10/snapshot/_REGISTRY_MACHINE_SOFTWARE",File,"/img_jo-2009-11-16.E01/vol_vol2/System Volume Information/_restore{F3DC3EA2-2BD0-422A-9913-F2FF8C2DAD79}/RP10/snapshot/_REGISTRY_MACHINE_SOFTWARE","2009-11-10 03:29:01 EET"
"/img_jo-2009-11-16.E01/vol_vol2/System Volume Information/_restore{F3DC3EA2-2BD0-422A-9913-F2FF8C2DAD79}/RP11/snapshot/Repository/FS/OBJECTS.DATA",File,"/img_jo-2009-11-16.E01/vol_vol2/System Volume Information/_restore{F3DC3EA2-2BD0-422A-9913-F2FF8C2DAD79}/RP11/snapshot/Repository/FS/OBJECTS.DATA","2009-11-11 03:56:40 EET"
"/img_jo-2009-11-16.E01/vol_vol2/System Volume Information/_restore{F3DC3EA2-2BD0-422A-9913-F2FF8C2DAD79}/RP11/snapshot/_REGISTRY_MACHINE_SOFTWARE",File,"/img_jo-2009-11-16.E01/vol_vol2/System Volume Information/_restore{F3DC3EA2-2BD0-422A-9913-F2FF8C2DAD79}/RP11/snapshot/_REGISTRY_MACHINE_SOFTWARE","2009-11-11 04:11:56 EET"
"/img_jo-2009-11-16.E01/vol_vol2/System Volume Information/_restore{F3DC3EA2-2BD0-422A-9913-F2FF8C2DAD79}/RP12/snapshot/Repository/FS/OBJECTS.DATA",File,"/img_jo-2009-11-16.E01/vol_vol2/System Volume Information/_restore{F3DC3EA2-2BD0-422A-9913-F2FF8C2DAD79}/RP12/snapshot/Repository/FS/OBJECTS.DATA","2009-11-11 18:25:42 EET"
"/img_jo-2009-11-16.E01/vol_vol2/System Volume Information/_restore{F3DC3EA2-2BD0-422A-9913-F2FF8C2DAD79}/RP12/snapshot/_REGISTRY_MACHINE_SOFTWARE",File,"/img_jo-2009-11-16.E01/vol_vol2/System Volume Information/_restore{F3DC3EA2-2BD0-422A-9913-F2FF8C2DAD79}/RP12/snapshot/_REGISTRY_MACHINE_SOFTWARE","2009-11-11 22:03:44 EET"
"/img_jo-2009-11-16.E01/vol_vol2/System Volume Information/_restore{F3DC3EA2-2BD0-422A-9913-F2FF8C2DAD79}/RP13/change.log",File,"/img_jo-2009-11-16.E01/vol_vol2/System Volume Information/_restore{F3DC3EA2-2BD0-422A-9913-F2FF8C2DAD79}/RP13/change.log","2009-11-13 03:57:11 EET"
"/img_jo-2009-11-16.E01/vol_vol2/System Volume Information/_restore{F3DC3EA2-2BD0-422A-9913-F2FF8C2DAD79}/RP13/snapshot/Repository/FS/OBJECTS.DATA",File,"/img_jo-2009-11-16.E01/vol_vol2/System Volume Information/_restore{F3DC3EA2-2BD0-422A-9913-F2FF8C2DAD79}/RP13/snapshot/Repository/FS/OBJECTS.DATA","2009-11-12 14:26:04 EET"
"/img_jo-2009-11-16.E01/vol_vol2/System Volume Information/_restore{F3DC3EA2-2BD0-422A-9913-F2FF8C2DAD79}/RP13/snapshot/_REGISTRY_MACHINE_SOFTWARE",File,"/img_jo-2009-11-16.E01/vol_vol2/System Volume Information/_restore{F3DC3EA2-2BD0-422A-9913-F2FF8C2DAD79}/RP13/snapshot/_REGISTRY_MACHINE_SOFTWARE","2009-11-12 19:15:58 EET"
"/img_jo-2009-11-16.E01/vol_vol2/System Volume Information/_restore{F3DC3EA2-2BD0-422A-9913-F2FF8C2DAD79}/RP13/change.log.2",File,"/img_jo-2009-11-16.E01/vol_vol2/System Volume Information/_restore{F3DC3EA2-2BD0-422A-9913-F2FF8C2DAD79}/RP13/change.log.2","2009-11-13 03:57:11 EET"
"/img_jo-2009-11-16.E01/vol_vol2/System Volume Information/_restore{F3DC3EA2-2BD0-422A-9913-F2FF8C2DAD79}/RP14/snapshot/Repository/FS/OBJECTS.DATA",File,"/img_jo-2009-11-16.E01/vol_vol2/System Volume Information/_restore{F3DC3EA2-2BD0-422A-9913-F2FF8C2DAD79}/RP14/snapshot/Repository/FS/OBJECTS.DATA","2009-11-13 03:25:43 EET"
"/img_jo-2009-11-16.E01/vol_vol2/System Volume Information/_restore{F3DC3EA2-2BD0-422A-9913-F2FF8C2DAD79}/RP14/snapshot/_REGISTRY_MACHINE_SOFTWARE",File,"/img_jo-2009-11-16.E01/vol_vol2/System Volume Information/_restore{F3DC3EA2-2BD0-422A-9913-F2FF8C2DAD79}/RP14/snapshot/_REGISTRY_MACHINE_SOFTWARE","2009-11-13 03:57:20 EET"
"/img_jo-2009-11-16.E01/vol_vol2/System Volume Information/_restore{F3DC3EA2-2BD0-422A-9913-F2FF8C2DAD79}/RP15/snapshot/Repository/FS/OBJECTS.DATA",File,"/img_jo-2009-11-16.E01/vol_vol2/System Volume Information/_restore{F3DC3EA2-2BD0-422A-9913-F2FF8C2DAD79}/RP15/snapshot/Repository/FS/OBJECTS.DATA","2009-11-13 14:25:12 EET"
"/img_jo-2009-11-16.E01/vol_vol2/System Volume Information/_restore{F3DC3EA2-2BD0-422A-9913-F2FF8C2DAD79}/RP15/snapshot/_REGISTRY_MACHINE_SOFTWARE",File,"/img_jo-2009-11-16.E01/vol_vol2/System Volume Information/_restore{F3DC3EA2-2BD0-422A-9913-F2FF8C2DAD79}/RP15/snapshot/_REGISTRY_MACHINE_SOFTWARE","2009-11-14 02:25:32 EET"
"/img_jo-2009-11-16.E01/vol_vol2/System Volume Information/_restore{F3DC3EA2-2BD0-422A-9913-F2FF8C2DAD79}/RP15/snapshot/_REGISTRY_USER_NTUSER_S-1-5-21-583907252-527237240-1606980848-1003",File,"/img_jo-2009-11-16.E01/vol_vol2/System Volume Information/_restore{F3DC3EA2-2BD0-422A-9913-F2FF8C2DAD79}/RP15/snapshot/_REGISTRY_USER_NTUSER_S-1-5-21-583907252-527237240-1606980848-1003","2009-11-14 02:25:27 EET"
"/img_jo-2009-11-16.E01/vol_vol2/System Volume Information/_restore{F3DC3EA2-2BD0-422A-9913-F2FF8C2DAD79}/RP16/snapshot/Repository/FS/OBJECTS.DATA",File,"/img_jo-2009-11-16.E01/vol_vol2/System Volume Information/_restore{F3DC3EA2-2BD0-422A-9913-F2FF8C2DAD79}/RP16/snapshot/Repository/FS/OBJECTS.DATA","2009-11-15 02:25:46 EET"
"/img_jo-2009-11-16.E01/vol_vol2/System Volume Information/_restore{F3DC3EA2-2BD0-422A-9913-F2FF8C2DAD79}/RP16/snapshot/_REGISTRY_MACHINE_SOFTWARE",File,"/img_jo-2009-11-16.E01/vol_vol2/System Volume Information/_restore{F3DC3EA2-2BD0-422A-9913-F2FF8C2DAD79}/RP16/snapshot/_REGISTRY_MACHINE_SOFTWARE","2009-11-15 02:53:13 EET"
"/img_jo-2009-11-16.E01/vol_vol2/System Volume Information/_restore{F3DC3EA2-2BD0-422A-9913-F2FF8C2DAD79}/RP16/snapshot/_REGISTRY_USER_NTUSER_S-1-5-21-583907252-527237240-1606980848-1003",File,"/img_jo-2009-11-16.E01/vol_vol2/System Volume Information/_restore{F3DC3EA2-2BD0-422A-9913-F2FF8C2DAD79}/RP16/snapshot/_REGISTRY_USER_NTUSER_S-1-5-21-583907252-527237240-1606980848-1003","2009-11-15 02:53:08 EET"
"/img_jo-2009-11-16.E01/vol_vol2/System Volume Information/_restore{F3DC3EA2-2BD0-422A-9913-F2FF8C2DAD79}/RP17/A0001005.mfl",File,"/img_jo-2009-11-16.E01/vol_vol2/System Volume Information/_restore{F3DC3EA2-2BD0-422A-9913-F2FF8C2DAD79}/RP17/A0001005.mfl","2009-11-13 03:56:49 EET"
"/img_jo-2009-11-16.E01/vol_vol2/System Volume Information/_restore{F3DC3EA2-2BD0-422A-9913-F2FF8C2DAD79}/RP17/A0001006.mfl",File,"/img_jo-2009-11-16.E01/vol_vol2/System Volume Information/_restore{F3DC3EA2-2BD0-422A-9913-F2FF8C2DAD79}/RP17/A0001006.mfl","2009-11-13 03:55:15 EET"
"/img_jo-2009-11-16.E01/vol_vol2/System Volume Information/_restore{F3DC3EA2-2BD0-422A-9913-F2FF8C2DAD79}/RP17/snapshot/Repository/FS/OBJECTS.DATA",File,"/img_jo-2009-11-16.E01/vol_vol2/System Volume Information/_restore{F3DC3EA2-2BD0-422A-9913-F2FF8C2DAD79}/RP17/snapshot/Repository/FS/OBJECTS.DATA","2009-11-15 14:25:18 EET"
"/img_jo-2009-11-16.E01/vol_vol2/System Volume Information/_restore{F3DC3EA2-2BD0-422A-9913-F2FF8C2DAD79}/RP17/snapshot/_REGISTRY_MACHINE_SOFTWARE",File,"/img_jo-2009-11-16.E01/vol_vol2/System Volume Information/_restore{F3DC3EA2-2BD0-422A-9913-F2FF8C2DAD79}/RP17/snapshot/_REGISTRY_MACHINE_SOFTWARE","2009-11-16 03:53:12 EET"
"/img_jo-2009-11-16.E01/vol_vol2/System Volume Information/_restore{F3DC3EA2-2BD0-422A-9913-F2FF8C2DAD79}/RP17/snapshot/_REGISTRY_USER_NTUSER_S-1-5-21-583907252-527237240-1606980848-1003",File,"/img_jo-2009-11-16.E01/vol_vol2/System Volume Information/_restore{F3DC3EA2-2BD0-422A-9913-F2FF8C2DAD79}/RP17/snapshot/_REGISTRY_USER_NTUSER_S-1-5-21-583907252-527237240-1606980848-1003","2009-11-16 03:53:08 EET"
"/img_jo-2009-11-16.E01/vol_vol2/System Volume Information/_restore{F3DC3EA2-2BD0-422A-9913-F2FF8C2DAD79}/RP2/snapshot/Repository/FS/OBJECTS.DATA",File,"/img_jo-2009-11-16.E01/vol_vol2/System Volume Information/_restore{F3DC3EA2-2BD0-422A-9913-F2FF8C2DAD79}/RP2/snapshot/Repository/FS/OBJECTS.DATA","2009-11-09 02:50:01 EET"
"/img_jo-2009-11-16.E01/vol_vol2/System Volume Information/_restore{F3DC3EA2-2BD0-422A-9913-F2FF8C2DAD79}/RP2/snapshot/_REGISTRY_MACHINE_SOFTWARE",File,"/img_jo-2009-11-16.E01/vol_vol2/System Volume Information/_restore{F3DC3EA2-2BD0-422A-9913-F2FF8C2DAD79}/RP2/snapshot/_REGISTRY_MACHINE_SOFTWARE","2009-11-09 03:14:52 EET"
"/img_jo-2009-11-16.E01/vol_vol2/System Volume Information/_restore{F3DC3EA2-2BD0-422A-9913-F2FF8C2DAD79}/RP3/snapshot/Repository/FS/OBJECTS.DATA",File,"/img_jo-2009-11-16.E01/vol_vol2/System Volume Information/_restore{F3DC3EA2-2BD0-422A-9913-F2FF8C2DAD79}/RP3/snapshot/Repository/FS/OBJECTS.DATA","2009-11-09 03:31:50 EET"
"/img_jo-2009-11-16.E01/vol_vol2/System Volume Information/_restore{F3DC3EA2-2BD0-422A-9913-F2FF8C2DAD79}/RP3/snapshot/_REGISTRY_MACHINE_SOFTWARE",File,"/img_jo-2009-11-16.E01/vol_vol2/System Volume Information/_restore{F3DC3EA2-2BD0-422A-9913-F2FF8C2DAD79}/RP3/snapshot/_REGISTRY_MACHINE_SOFTWARE","2009-11-09 03:37:24 EET"
"/img_jo-2009-11-16.E01/vol_vol2/System Volume Information/_restore{F3DC3EA2-2BD0-422A-9913-F2FF8C2DAD79}/RP4/snapshot/Repository/FS/OBJECTS.DATA",File,"/img_jo-2009-11-16.E01/vol_vol2/System Volume Information/_restore{F3DC3EA2-2BD0-422A-9913-F2FF8C2DAD79}/RP4/snapshot/Repository/FS/OBJECTS.DATA","2009-11-09 03:31:50 EET"
"/img_jo-2009-11-16.E01/vol_vol2/System Volume Information/_restore{F3DC3EA2-2BD0-422A-9913-F2FF8C2DAD79}/RP4/snapshot/_REGISTRY_MACHINE_SOFTWARE",File,"/img_jo-2009-11-16.E01/vol_vol2/System Volume Information/_restore{F3DC3EA2-2BD0-422A-9913-F2FF8C2DAD79}/RP4/snapshot/_REGISTRY_MACHINE_SOFTWARE","2009-11-09 04:04:19 EET"
"/img_jo-2009-11-16.E01/vol_vol2/System Volume Information/_restore{F3DC3EA2-2BD0-422A-9913-F2FF8C2DAD79}/RP4/A0000441.dll",File,"/img_jo-2009-11-16.E01/vol_vol2/System Volume Information/_restore{F3DC3EA2-2BD0-422A-9913-F2FF8C2DAD79}/RP4/A0000441.dll","2009-11-10 01:59:42 EET"
"/img_jo-2009-11-16.E01/vol_vol2/System Volume Information/_restore{F3DC3EA2-2BD0-422A-9913-F2FF8C2DAD79}/RP4/A0000377.exe",File,"/img_jo-2009-11-16.E01/vol_vol2/System Volume Information/_restore{F3DC3EA2-2BD0-422A-9913-F2FF8C2DAD79}/RP4/A0000377.exe","2009-11-09 03:15:38 EET"
"/img_jo-2009-11-16.E01/vol_vol2/System Volume Information/_restore{F3DC3EA2-2BD0-422A-9913-F2FF8C2DAD79}/RP4/A0000399.dll",File,"/img_jo-2009-11-16.E01/vol_vol2/System Volume Information/_restore{F3DC3EA2-2BD0-422A-9913-F2FF8C2DAD79}/RP4/A0000399.dll","2009-11-10 01:55:15 EET"
"/img_jo-2009-11-16.E01/vol_vol2/System Volume Information/_restore{F3DC3EA2-2BD0-422A-9913-F2FF8C2DAD79}/RP4/A0000442.dll",File,"/img_jo-2009-11-16.E01/vol_vol2/System Volume Information/_restore{F3DC3EA2-2BD0-422A-9913-F2FF8C2DAD79}/RP4/A0000442.dll","2009-11-10 01:59:43 EET"
"/img_jo-2009-11-16.E01/vol_vol2/System Volume Information/_restore{F3DC3EA2-2BD0-422A-9913-F2FF8C2DAD79}/RP4/A0000471.dll",File,"/img_jo-2009-11-16.E01/vol_vol2/System Volume Information/_restore{F3DC3EA2-2BD0-422A-9913-F2FF8C2DAD79}/RP4/A0000471.dll","2009-11-09 03:15:59 EET"
"/img_jo-2009-11-16.E01/vol_vol2/System Volume Information/_restore{F3DC3EA2-2BD0-422A-9913-F2FF8C2DAD79}/RP4/A0000526.dll",File,"/img_jo-2009-11-16.E01/vol_vol2/System Volume Information/_restore{F3DC3EA2-2BD0-422A-9913-F2FF8C2DAD79}/RP4/A0000526.dll","2009-11-10 02:38:45 EET"
"/img_jo-2009-11-16.E01/vol_vol2/System Volume Information/_restore{F3DC3EA2-2BD0-422A-9913-F2FF8C2DAD79}/RP4/A0000554.dll",File,"/img_jo-2009-11-16.E01/vol_vol2/System Volume Information/_restore{F3DC3EA2-2BD0-422A-9913-F2FF8C2DAD79}/RP4/A0000554.dll","2009-11-10 02:38:48 EET"
"/img_jo-2009-11-16.E01/vol_vol2/System Volume Information/_restore{F3DC3EA2-2BD0-422A-9913-F2FF8C2DAD79}/RP4/A0000559.dll",File,"/img_jo-2009-11-16.E01/vol_vol2/System Volume Information/_restore{F3DC3EA2-2BD0-422A-9913-F2FF8C2DAD79}/RP4/A0000559.dll","2009-11-10 02:38:49 EET"
"/img_jo-2009-11-16.E01/vol_vol2/System Volume Information/_restore{F3DC3EA2-2BD0-422A-9913-F2FF8C2DAD79}/RP5/snapshot/Repository/FS/OBJECTS.DATA",File,"/img_jo-2009-11-16.E01/vol_vol2/System Volume Information/_restore{F3DC3EA2-2BD0-422A-9913-F2FF8C2DAD79}/RP5/snapshot/Repository/FS/OBJECTS.DATA","2009-11-10 02:40:53 EET"
"/img_jo-2009-11-16.E01/vol_vol2/System Volume Information/_restore{F3DC3EA2-2BD0-422A-9913-F2FF8C2DAD79}/RP5/snapshot/_REGISTRY_MACHINE_SOFTWARE",File,"/img_jo-2009-11-16.E01/vol_vol2/System Volume Information/_restore{F3DC3EA2-2BD0-422A-9913-F2FF8C2DAD79}/RP5/snapshot/_REGISTRY_MACHINE_SOFTWARE","2009-11-10 02:41:45 EET"
"/img_jo-2009-11-16.E01/vol_vol2/System Volume Information/_restore{F3DC3EA2-2BD0-422A-9913-F2FF8C2DAD79}/RP6/snapshot/Repository/FS/OBJECTS.DATA",File,"/img_jo-2009-11-16.E01/vol_vol2/System Volume Information/_restore{F3DC3EA2-2BD0-422A-9913-F2FF8C2DAD79}/RP6/snapshot/Repository/FS/OBJECTS.DATA","2009-11-10 02:44:24 EET"
"/img_jo-2009-11-16.E01/vol_vol2/System Volume Information/_restore{F3DC3EA2-2BD0-422A-9913-F2FF8C2DAD79}/RP6/snapshot/_REGISTRY_MACHINE_SOFTWARE",File,"/img_jo-2009-11-16.E01/vol_vol2/System Volume Information/_restore{F3DC3EA2-2BD0-422A-9913-F2FF8C2DAD79}/RP6/snapshot/_REGISTRY_MACHINE_SOFTWARE","2009-11-10 02:55:06 EET"
"/img_jo-2009-11-16.E01/vol_vol2/System Volume Information/_restore{F3DC3EA2-2BD0-422A-9913-F2FF8C2DAD79}/RP7/snapshot/Repository/FS/OBJECTS.DATA",File,"/img_jo-2009-11-16.E01/vol_vol2/System Volume Information/_restore{F3DC3EA2-2BD0-422A-9913-F2FF8C2DAD79}/RP7/snapshot/Repository/FS/OBJECTS.DATA","2009-11-10 02:56:39 EET"
"/img_jo-2009-11-16.E01/vol_vol2/System Volume Information/_restore{F3DC3EA2-2BD0-422A-9913-F2FF8C2DAD79}/RP7/snapshot/_REGISTRY_MACHINE_SOFTWARE",File,"/img_jo-2009-11-16.E01/vol_vol2/System Volume Information/_restore{F3DC3EA2-2BD0-422A-9913-F2FF8C2DAD79}/RP7/snapshot/_REGISTRY_MACHINE_SOFTWARE","2009-11-10 02:56:51 EET"
"/img_jo-2009-11-16.E01/vol_vol2/System Volume Information/_restore{F3DC3EA2-2BD0-422A-9913-F2FF8C2DAD79}/RP8/snapshot/Repository/FS/OBJECTS.DATA",File,"/img_jo-2009-11-16.E01/vol_vol2/System Volume Information/_restore{F3DC3EA2-2BD0-422A-9913-F2FF8C2DAD79}/RP8/snapshot/Repository/FS/OBJECTS.DATA","2009-11-10 02:57:40 EET"
"/img_jo-2009-11-16.E01/vol_vol2/System Volume Information/_restore{F3DC3EA2-2BD0-422A-9913-F2FF8C2DAD79}/RP8/snapshot/_REGISTRY_MACHINE_SOFTWARE",File,"/img_jo-2009-11-16.E01/vol_vol2/System Volume Information/_restore{F3DC3EA2-2BD0-422A-9913-F2FF8C2DAD79}/RP8/snapshot/_REGISTRY_MACHINE_SOFTWARE","2009-11-10 03:06:00 EET"
"/img_jo-2009-11-16.E01/vol_vol2/System Volume Information/_restore{F3DC3EA2-2BD0-422A-9913-F2FF8C2DAD79}/RP9/snapshot/Repository/FS/OBJECTS.DATA",File,"/img_jo-2009-11-16.E01/vol_vol2/System Volume Information/_restore{F3DC3EA2-2BD0-422A-9913-F2FF8C2DAD79}/RP9/snapshot/Repository/FS/OBJECTS.DATA","2009-11-10 03:12:30 EET"
"/img_jo-2009-11-16.E01/vol_vol2/System Volume Information/_restore{F3DC3EA2-2BD0-422A-9913-F2FF8C2DAD79}/RP9/snapshot/_REGISTRY_MACHINE_SOFTWARE",File,"/img_jo-2009-11-16.E01/vol_vol2/System Volume Information/_restore{F3DC3EA2-2BD0-422A-9913-F2FF8C2DAD79}/RP9/snapshot/_REGISTRY_MACHINE_SOFTWARE","2009-11-10 03:15:15 EET"
"/img_jo-2009-11-16.E01/vol_vol2/WINDOWS/$hf_mig$/KB974455/SP3QFE/mshtml.dll",File,"/img_jo-2009-11-16.E01/vol_vol2/WINDOWS/$hf_mig$/KB974455/SP3QFE/mshtml.dll","2009-11-11 22:05:29 EET"
"/img_jo-2009-11-16.E01/vol_vol2/WINDOWS/$hf_mig$/KB969059/SP3QFE/query.dll",File,"/img_jo-2009-11-16.E01/vol_vol2/WINDOWS/$hf_mig$/KB969059/SP3QFE/query.dll","2009-11-11 22:05:29 EET"
"/img_jo-2009-11-16.E01/vol_vol2/WINDOWS/pchealth/helpctr/binaries/HelpCtr.exe",File,"/img_jo-2009-11-16.E01/vol_vol2/WINDOWS/pchealth/helpctr/binaries/HelpCtr.exe","2009-11-09 02:24:52 EET"
"/img_jo-2009-11-16.E01/vol_vol2/WINDOWS/pchealth/helpctr/System/blurbs/about_support.htm",File,"/img_jo-2009-11-16.E01/vol_vol2/WINDOWS/pchealth/helpctr/System/blurbs/about_support.htm","2009-11-11 04:12:55 EET"
"/img_jo-2009-11-16.E01/vol_vol2/WINDOWS/pchealth/helpctr/System/blurbs/Favorites.htm",File,"/img_jo-2009-11-16.E01/vol_vol2/WINDOWS/pchealth/helpctr/System/blurbs/Favorites.htm","2009-11-11 04:12:55 EET"
"/img_jo-2009-11-16.E01/vol_vol2/WINDOWS/pchealth/helpctr/System/blurbs/ftshelp.htm",File,"/img_jo-2009-11-16.E01/vol_vol2/WINDOWS/pchealth/helpctr/System/blurbs/ftshelp.htm","2009-11-11 04:12:55 EET"
"/img_jo-2009-11-16.E01/vol_vol2/WINDOWS/pchealth/helpctr/System/blurbs/History.htm",File,"/img_jo-2009-11-16.E01/vol_vol2/WINDOWS/pchealth/helpctr/System/blurbs/History.htm","2009-11-11 04:12:55 EET"
"/img_jo-2009-11-16.E01/vol_vol2/WINDOWS/pchealth/helpctr/System/blurbs/Index.htm",File,"/img_jo-2009-11-16.E01/vol_vol2/WINDOWS/pchealth/helpctr/System/blurbs/Index.htm","2009-11-11 04:12:55 EET"
"/img_jo-2009-11-16.E01/vol_vol2/WINDOWS/pchealth/helpctr/System/blurbs/isupport.htm",File,"/img_jo-2009-11-16.E01/vol_vol2/WINDOWS/pchealth/helpctr/System/blurbs/isupport.htm","2009-11-11 04:12:55 EET"
"/img_jo-2009-11-16.E01/vol_vol2/WINDOWS/pchealth/helpctr/System/blurbs/keywordhelp.htm",File,"/img_jo-2009-11-16.E01/vol_vol2/WINDOWS/pchealth/helpctr/System/blurbs/keywordhelp.htm","2009-11-11 04:12:55 EET"
"/img_jo-2009-11-16.E01/vol_vol2/WINDOWS/pchealth/helpctr/System/blurbs/options.htm",File,"/img_jo-2009-11-16.E01/vol_vol2/WINDOWS/pchealth/helpctr/System/blurbs/options.htm","2009-11-11 04:12:55 EET"
"/img_jo-2009-11-16.E01/vol_vol2/WINDOWS/pchealth/helpctr/System/blurbs/searchblurb.htm",File,"/img_jo-2009-11-16.E01/vol_vol2/WINDOWS/pchealth/helpctr/System/blurbs/searchblurb.htm","2009-11-11 04:12:55 EET"
"/img_jo-2009-11-16.E01/vol_vol2/WINDOWS/pchealth/helpctr/System/blurbs/searchtips.htm",File,"/img_jo-2009-11-16.E01/vol_vol2/WINDOWS/pchealth/helpctr/System/blurbs/searchtips.htm","2009-11-11 04:12:55 EET"
"/img_jo-2009-11-16.E01/vol_vol2/WINDOWS/pchealth/helpctr/System/blurbs/tools.htm",File,"/img_jo-2009-11-16.E01/vol_vol2/WINDOWS/pchealth/helpctr/System/blurbs/tools.htm","2009-11-11 04:12:55 EET"
"/img_jo-2009-11-16.E01/vol_vol2/WINDOWS/pchealth/helpctr/System/blurbs/windows_newsgroups.htm",File,"/img_jo-2009-11-16.E01/vol_vol2/WINDOWS/pchealth/helpctr/System/blurbs/windows_newsgroups.htm","2009-11-11 04:12:55 EET"
"/img_jo-2009-11-16.E01/vol_vol2/WINDOWS/pchealth/helpctr/System/CompatCtr/AboutCompat.htm",File,"/img_jo-2009-11-16.E01/vol_vol2/WINDOWS/pchealth/helpctr/System/CompatCtr/AboutCompat.htm","2009-11-11 04:12:55 EET"
"/img_jo-2009-11-16.E01/vol_vol2/WINDOWS/pchealth/helpctr/System/CompatCtr/CompatMode.htm",File,"/img_jo-2009-11-16.E01/vol_vol2/WINDOWS/pchealth/helpctr/System/CompatCtr/CompatMode.htm","2009-11-11 04:12:55 EET"
"/img_jo-2009-11-16.E01/vol_vol2/WINDOWS/pchealth/helpctr/System/CompatCtr/CompatOffline.htm",File,"/img_jo-2009-11-16.E01/vol_vol2/WINDOWS/pchealth/helpctr/System/CompatCtr/CompatOffline.htm","2009-11-11 04:12:55 EET"
"/img_jo-2009-11-16.E01/vol_vol2/WINDOWS/pchealth/helpctr/System/CompatCtr/LearnCompat.htm",File,"/img_jo-2009-11-16.E01/vol_vol2/WINDOWS/pchealth/helpctr/System/CompatCtr/LearnCompat.htm","2009-11-11 04:12:55 EET"
"/img_jo-2009-11-16.E01/vol_vol2/WINDOWS/pchealth/helpctr/System/DFS/privacy.htm",File,"/img_jo-2009-11-16.E01/vol_vol2/WINDOWS/pchealth/helpctr/System/DFS/privacy.htm","2009-11-11 04:12:55 EET"
"/img_jo-2009-11-16.E01/vol_vol2/WINDOWS/pchealth/helpctr/System/DFS/uplddrvinfo.htm",File,"/img_jo-2009-11-16.E01/vol_vol2/WINDOWS/pchealth/helpctr/System/DFS/uplddrvinfo.htm","2009-11-11 04:12:55 EET"
"/img_jo-2009-11-16.E01/vol_vol2/WINDOWS/pchealth/helpctr/System/DFS/xmldialog.htm",File,"/img_jo-2009-11-16.E01/vol_vol2/WINDOWS/pchealth/helpctr/System/DFS/xmldialog.htm","2009-11-11 04:12:55 EET"
"/img_jo-2009-11-16.E01/vol_vol2/WINDOWS/pchealth/helpctr/System/DFS/xmldisplay.xsl",File,"/img_jo-2009-11-16.E01/vol_vol2/WINDOWS/pchealth/helpctr/System/DFS/xmldisplay.xsl","2009-11-11 04:12:55 EET"
"/img_jo-2009-11-16.E01/vol_vol2/WINDOWS/pchealth/helpctr/System/dialogs/Print.dlg",File,"/img_jo-2009-11-16.E01/vol_vol2/WINDOWS/pchealth/helpctr/System/dialogs/Print.dlg","2009-11-11 04:12:55 EET"
"/img_jo-2009-11-16.E01/vol_vol2/WINDOWS/pchealth/helpctr/System/ErrMsg/ErrorMessagesOffline.htm",File,"/img_jo-2009-11-16.E01/vol_vol2/WINDOWS/pchealth/helpctr/System/ErrMsg/ErrorMessagesOffline.htm","2009-11-11 04:12:55 EET"
"/img_jo-2009-11-16.E01/vol_vol2/WINDOWS/pchealth/helpctr/System/errors/badurl.htm",File,"/img_jo-2009-11-16.E01/vol_vol2/WINDOWS/pchealth/helpctr/System/errors/badurl.htm","2009-11-11 04:12:55 EET"
"/img_jo-2009-11-16.E01/vol_vol2/WINDOWS/pchealth/helpctr/System/errors/connection.htm",File,"/img_jo-2009-11-16.E01/vol_vol2/WINDOWS/pchealth/helpctr/System/errors/connection.htm","2009-11-11 04:12:55 EET"
"/img_jo-2009-11-16.E01/vol_vol2/WINDOWS/pchealth/helpctr/System/errors/indexfirstlevel.htm",File,"/img_jo-2009-11-16.E01/vol_vol2/WINDOWS/pchealth/helpctr/System/errors/indexfirstlevel.htm","2009-11-11 04:12:55 EET"
"/img_jo-2009-11-16.E01/vol_vol2/WINDOWS/pchealth/helpctr/System/errors/notfound.htm",File,"/img_jo-2009-11-16.E01/vol_vol2/WINDOWS/pchealth/helpctr/System/errors/notfound.htm","2009-11-11 04:12:55 EET"
"/img_jo-2009-11-16.E01/vol_vol2/WINDOWS/pchealth/helpctr/System/errors/offline.htm",File,"/img_jo-2009-11-16.E01/vol_vol2/WINDOWS/pchealth/helpctr/System/errors/offline.htm","2009-11-11 04:12:55 EET"
"/img_jo-2009-11-16.E01/vol_vol2/WINDOWS/pchealth/helpctr/System/errors/redirect.htm",File,"/img_jo-2009-11-16.E01/vol_vol2/WINDOWS/pchealth/helpctr/System/errors/redirect.htm","2009-11-11 04:12:55 EET"
"/img_jo-2009-11-16.E01/vol_vol2/WINDOWS/pchealth/helpctr/System/errors/unreachable.htm",File,"/img_jo-2009-11-16.E01/vol_vol2/WINDOWS/pchealth/helpctr/System/errors/unreachable.htm","2009-11-11 04:12:55 EET"
"/img_jo-2009-11-16.E01/vol_vol2/WINDOWS/pchealth/helpctr/System/Headlines.htm",File,"/img_jo-2009-11-16.E01/vol_vol2/WINDOWS/pchealth/helpctr/System/Headlines.htm","2009-11-11 04:12:55 EET"
"/img_jo-2009-11-16.E01/vol_vol2/WINDOWS/pchealth/helpctr/System/HomePage__DESKTOP.htm",File,"/img_jo-2009-11-16.E01/vol_vol2/WINDOWS/pchealth/helpctr/System/HomePage__DESKTOP.htm","2009-11-11 04:12:55 EET"
"/img_jo-2009-11-16.E01/vol_vol2/WINDOWS/pchealth/helpctr/System/HomePage__SERVER.htm",File,"/img_jo-2009-11-16.E01/vol_vol2/WINDOWS/pchealth/helpctr/System/HomePage__SERVER.htm","2009-11-11 04:12:55 EET"
"/img_jo-2009-11-16.E01/vol_vol2/WINDOWS/pchealth/helpctr/System/NetDiag/dglogshelp.htm",File,"/img_jo-2009-11-16.E01/vol_vol2/WINDOWS/pchealth/helpctr/System/NetDiag/dglogshelp.htm","2009-11-11 04:12:55 EET"
"/img_jo-2009-11-16.E01/vol_vol2/WINDOWS/pchealth/helpctr/System/panels/AdvSearch.htm",File,"/img_jo-2009-11-16.E01/vol_vol2/WINDOWS/pchealth/helpctr/System/panels/AdvSearch.htm","2009-11-11 04:12:55 EET"
"/img_jo-2009-11-16.E01/vol_vol2/WINDOWS/pchealth/helpctr/System/panels/blank.htm",File,"/img_jo-2009-11-16.E01/vol_vol2/WINDOWS/pchealth/helpctr/System/panels/blank.htm","2009-11-11 04:12:55 EET"
"/img_jo-2009-11-16.E01/vol_vol2/WINDOWS/pchealth/helpctr/System/panels/Context.htm",File,"/img_jo-2009-11-16.E01/vol_vol2/WINDOWS/pchealth/helpctr/System/panels/Context.htm","2009-11-11 04:12:55 EET"
"/img_jo-2009-11-16.E01/vol_vol2/WINDOWS/pchealth/helpctr/System/panels/firstpage.htm",File,"/img_jo-2009-11-16.E01/vol_vol2/WINDOWS/pchealth/helpctr/System/panels/firstpage.htm","2009-11-11 04:12:55 EET"
"/img_jo-2009-11-16.E01/vol_vol2/WINDOWS/pchealth/helpctr/System/panels/HHWrapper.htm",File,"/img_jo-2009-11-16.E01/vol_vol2/WINDOWS/pchealth/helpctr/System/panels/HHWrapper.htm","2009-11-11 04:12:55 EET"
"/img_jo-2009-11-16.E01/vol_vol2/WINDOWS/pchealth/helpctr/System/panels/MiniNavBar.htm",File,"/img_jo-2009-11-16.E01/vol_vol2/WINDOWS/pchealth/helpctr/System/panels/MiniNavBar.htm","2009-11-11 04:12:55 EET"
"/img_jo-2009-11-16.E01/vol_vol2/WINDOWS/pchealth/helpctr/System/panels/NavBar.htm",File,"/img_jo-2009-11-16.E01/vol_vol2/WINDOWS/pchealth/helpctr/System/panels/NavBar.htm","2009-11-11 04:12:55 EET"
"/img_jo-2009-11-16.E01/vol_vol2/WINDOWS/pchealth/helpctr/System/panels/Options.htm",File,"/img_jo-2009-11-16.E01/vol_vol2/WINDOWS/pchealth/helpctr/System/panels/Options.htm","2009-11-11 04:12:55 EET"
"/img_jo-2009-11-16.E01/vol_vol2/WINDOWS/pchealth/helpctr/System/panels/RemoteHelp.htm",File,"/img_jo-2009-11-16.E01/vol_vol2/WINDOWS/pchealth/helpctr/System/panels/RemoteHelp.htm","2009-11-11 04:12:55 EET"
"/img_jo-2009-11-16.E01/vol_vol2/WINDOWS/pchealth/helpctr/System/panels/ShareHelp.htm",File,"/img_jo-2009-11-16.E01/vol_vol2/WINDOWS/pchealth/helpctr/System/panels/ShareHelp.htm","2009-11-11 04:12:55 EET"
"/img_jo-2009-11-16.E01/vol_vol2/WINDOWS/pchealth/helpctr/System/panels/subpanels/Channels.htm",File,"/img_jo-2009-11-16.E01/vol_vol2/WINDOWS/pchealth/helpctr/System/panels/subpanels/Channels.htm","2009-11-11 04:12:55 EET"
"/img_jo-2009-11-16.E01/vol_vol2/WINDOWS/pchealth/helpctr/System/panels/subpanels/Favorites.htm",File,"/img_jo-2009-11-16.E01/vol_vol2/WINDOWS/pchealth/helpctr/System/panels/subpanels/Favorites.htm","2009-11-11 04:12:55 EET"
"/img_jo-2009-11-16.E01/vol_vol2/WINDOWS/pchealth/helpctr/System/panels/subpanels/History.htm",File,"/img_jo-2009-11-16.E01/vol_vol2/WINDOWS/pchealth/helpctr/System/panels/subpanels/History.htm","2009-11-11 04:12:55 EET"
"/img_jo-2009-11-16.E01/vol_vol2/WINDOWS/pchealth/helpctr/System/panels/subpanels/Index.htm",File,"/img_jo-2009-11-16.E01/vol_vol2/WINDOWS/pchealth/helpctr/System/panels/subpanels/Index.htm","2009-11-11 04:12:55 EET"
"/img_jo-2009-11-16.E01/vol_vol2/WINDOWS/pchealth/helpctr/System/panels/subpanels/Options.htm",File,"/img_jo-2009-11-16.E01/vol_vol2/WINDOWS/pchealth/helpctr/System/panels/subpanels/Options.htm","2009-11-11 04:12:55 EET"
"/img_jo-2009-11-16.E01/vol_vol2/WINDOWS/pchealth/helpctr/System/panels/subpanels/Search.htm",File,"/img_jo-2009-11-16.E01/vol_vol2/WINDOWS/pchealth/helpctr/System/panels/subpanels/Search.htm","2009-11-11 04:12:55 EET"
"/img_jo-2009-11-16.E01/vol_vol2/WINDOWS/pchealth/helpctr/System/panels/subpanels/Subsite.htm",File,"/img_jo-2009-11-16.E01/vol_vol2/WINDOWS/pchealth/helpctr/System/panels/subpanels/Subsite.htm","2009-11-11 04:12:55 EET"
"/img_jo-2009-11-16.E01/vol_vol2/WINDOWS/pchealth/helpctr/System/panels/Topics.htm",File,"/img_jo-2009-11-16.E01/vol_vol2/WINDOWS/pchealth/helpctr/System/panels/Topics.htm","2009-11-11 04:12:55 EET"
"/img_jo-2009-11-16.E01/vol_vol2/WINDOWS/pchealth/helpctr/System/Remote Assistance/Common/LearnInternet.htm",File,"/img_jo-2009-11-16.E01/vol_vol2/WINDOWS/pchealth/helpctr/System/Remote Assistance/Common/LearnInternet.htm","2009-11-11 04:13:16 EET"
"/img_jo-2009-11-16.E01/vol_vol2/WINDOWS/pchealth/helpctr/System/sysinfo/msinfo.htm",File,"/img_jo-2009-11-16.E01/vol_vol2/WINDOWS/pchealth/helpctr/System/sysinfo/msinfo.htm","2009-11-11 04:12:55 EET"
"/img_jo-2009-11-16.E01/vol_vol2/WINDOWS/pchealth/helpctr/System/sysinfo/RSoP.js",File,"/img_jo-2009-11-16.E01/vol_vol2/WINDOWS/pchealth/helpctr/System/sysinfo/RSoP.js","2009-11-11 04:12:55 EET"
"/img_jo-2009-11-16.E01/vol_vol2/WINDOWS/pchealth/helpctr/System/UpdateCtr/AboutWU.htm",File,"/img_jo-2009-11-16.E01/vol_vol2/WINDOWS/pchealth/helpctr/System/UpdateCtr/AboutWU.htm","2009-11-11 04:12:55 EET"
"/img_jo-2009-11-16.E01/vol_vol2/WINDOWS/pchealth/helpctr/System/UpdateCtr/Learn.htm",File,"/img_jo-2009-11-16.E01/vol_vol2/WINDOWS/pchealth/helpctr/System/UpdateCtr/Learn.htm","2009-11-11 04:12:55 EET"
"/img_jo-2009-11-16.E01/vol_vol2/WINDOWS/pchealth/helpctr/System/UpdateCtr/LearnInternet.htm",File,"/img_jo-2009-11-16.E01/vol_vol2/WINDOWS/pchealth/helpctr/System/UpdateCtr/LearnInternet.htm","2009-11-11 04:12:55 EET"
"/img_jo-2009-11-16.E01/vol_vol2/WINDOWS/pchealth/helpctr/System/UpdateCtr/learnWU.htm",File,"/img_jo-2009-11-16.E01/vol_vol2/WINDOWS/pchealth/helpctr/System/UpdateCtr/learnWU.htm","2009-11-11 04:12:55 EET"
"/img_jo-2009-11-16.E01/vol_vol2/WINDOWS/pchealth/helpctr/System/UpdateCtr/updatecenter.htm",File,"/img_jo-2009-11-16.E01/vol_vol2/WINDOWS/pchealth/helpctr/System/UpdateCtr/updatecenter.htm","2009-11-11 04:12:55 EET"
"/img_jo-2009-11-16.E01/vol_vol2/WINDOWS/pchealth/helpctr/Vendors/CN=Microsoft Corporation,L=Redmond,S=Washington,C=US/pss_getting_worldwide_help.htm",File,"/img_jo-2009-11-16.E01/vol_vol2/WINDOWS/pchealth/helpctr/Vendors/CN=Microsoft Corporation,L=Redmond,S=Washington,C=US/pss_getting_worldwide_help.htm","2009-11-11 04:13:16 EET"
"/img_jo-2009-11-16.E01/vol_vol2/WINDOWS/pchealth/helpctr/Vendors/CN=Microsoft Corporation,L=Redmond,S=Washington,C=US/Remote Assistance/Common/LearnInternet.htm",File,"/img_jo-2009-11-16.E01/vol_vol2/WINDOWS/pchealth/helpctr/Vendors/CN=Microsoft Corporation,L=Redmond,S=Washington,C=US/Remote Assistance/Common/LearnInternet.htm","2009-11-11 04:13:15 EET"
"/img_jo-2009-11-16.E01/vol_vol2/WINDOWS/Prefetch/FIREFOX.EXE-28641590.pf",File,"/img_jo-2009-11-16.E01/vol_vol2/WINDOWS/Prefetch/FIREFOX.EXE-28641590.pf","2009-11-16 21:34:04 EET"
"/img_jo-2009-11-16.E01/vol_vol2/WINDOWS/Prefetch/DFRGNTFS.EXE-269967DF.pf",File,"/img_jo-2009-11-16.E01/vol_vol2/WINDOWS/Prefetch/DFRGNTFS.EXE-269967DF.pf","2009-11-15 13:51:12 EET"
"/img_jo-2009-11-16.E01/vol_vol2/WINDOWS/Prefetch/Layout.ini",File,"/img_jo-2009-11-16.E01/vol_vol2/WINDOWS/Prefetch/Layout.ini","2009-11-16 21:21:09 EET"
"/img_jo-2009-11-16.E01/vol_vol2/WINDOWS/SoftwareDistribution/Download/d3767eab8f4479a8d252b47e8ec225c8/sp3gdr/query.dll",File,"/img_jo-2009-11-16.E01/vol_vol2/WINDOWS/SoftwareDistribution/Download/d3767eab8f4479a8d252b47e8ec225c8/sp3gdr/query.dll","2009-11-09 04:02:51 EET"
"/img_jo-2009-11-16.E01/vol_vol2/WINDOWS/SoftwareDistribution/Download/d3767eab8f4479a8d252b47e8ec225c8/sp3qfe/query.dll",File,"/img_jo-2009-11-16.E01/vol_vol2/WINDOWS/SoftwareDistribution/Download/d3767eab8f4479a8d252b47e8ec225c8/sp3qfe/query.dll","2009-11-09 04:02:52 EET"
"/img_jo-2009-11-16.E01/vol_vol2/WINDOWS/SoftwareDistribution/Download/eca33dee3d4a00d26794bb739b926837/sp3qfe/mshtml.dll",File,"/img_jo-2009-11-16.E01/vol_vol2/WINDOWS/SoftwareDistribution/Download/eca33dee3d4a00d26794bb739b926837/sp3qfe/mshtml.dll","2009-11-09 03:59:24 EET"
"/img_jo-2009-11-16.E01/vol_vol2/WINDOWS/SoftwareDistribution/Download/95b0eb6de61f9c4758f6dd82521ed694/sp3gdr/mshtml.dll",File,"/img_jo-2009-11-16.E01/vol_vol2/WINDOWS/SoftwareDistribution/Download/95b0eb6de61f9c4758f6dd82521ed694/sp3gdr/mshtml.dll","2009-11-09 03:59:24 EET"
"/img_jo-2009-11-16.E01/vol_vol2/WINDOWS/SoftwareDistribution/Download/95b0eb6de61f9c4758f6dd82521ed694/sp3qfe/mshtml.dll",File,"/img_jo-2009-11-16.E01/vol_vol2/WINDOWS/SoftwareDistribution/Download/95b0eb6de61f9c4758f6dd82521ed694/sp3qfe/mshtml.dll","2009-11-09 03:59:24 EET"
"/img_jo-2009-11-16.E01/vol_vol2/WINDOWS/srchasst/srchui.dll",File,"/img_jo-2009-11-16.E01/vol_vol2/WINDOWS/srchasst/srchui.dll","2009-11-09 02:25:32 EET"
"/img_jo-2009-11-16.E01/vol_vol2/WINDOWS/system32/acctres.dll",File,"/img_jo-2009-11-16.E01/vol_vol2/WINDOWS/system32/acctres.dll","2009-11-09 02:25:42 EET"
"/img_jo-2009-11-16.E01/vol_vol2/WINDOWS/system32/initpki.dll",File,"/img_jo-2009-11-16.E01/vol_vol2/WINDOWS/system32/initpki.dll","2009-11-08 17:55:54 EET"
"/img_jo-2009-11-16.E01/vol_vol2/WINDOWS/system32/appwiz.cpl",File,"/img_jo-2009-11-16.E01/vol_vol2/WINDOWS/system32/appwiz.cpl","2009-11-16 21:26:27 EET"
"/img_jo-2009-11-16.E01/vol_vol2/WINDOWS/system32/autodisc.dll",File,"/img_jo-2009-11-16.E01/vol_vol2/WINDOWS/system32/autodisc.dll","2009-11-08 17:55:54 EET"
"/img_jo-2009-11-16.E01/vol_vol2/WINDOWS/system32/dllcache/acctres.dll",File,"/img_jo-2009-11-16.E01/vol_vol2/WINDOWS/system32/dllcache/acctres.dll","2009-11-09 02:32:23 EET"
"/img_jo-2009-11-16.E01/vol_vol2/WINDOWS/system32/dllcache/diskcopy.dll",File,"/img_jo-2009-11-16.E01/vol_vol2/WINDOWS/system32/dllcache/diskcopy.dll","2009-11-09 02:32:54 EET"
"/img_jo-2009-11-16.E01/vol_vol2/WINDOWS/system32/dllcache/compatui.dll",File,"/img_jo-2009-11-16.E01/vol_vol2/WINDOWS/system32/dllcache/compatui.dll","2009-11-09 02:31:57 EET"
"/img_jo-2009-11-16.E01/vol_vol2/WINDOWS/system32/dllcache/objsel.dll",File,"/img_jo-2009-11-16.E01/vol_vol2/WINDOWS/system32/dllcache/objsel.dll","2009-11-09 02:34:30 EET"
"/img_jo-2009-11-16.E01/vol_vol2/WINDOWS/system32/dllcache/obrb0401.dll",File,"/img_jo-2009-11-16.E01/vol_vol2/WINDOWS/system32/dllcache/obrb0401.dll","2009-11-09 02:35:50 EET"
"/img_jo-2009-11-16.E01/vol_vol2/WINDOWS/system32/dllcache/obrb0404.dll",File,"/img_jo-2009-11-16.E01/vol_vol2/WINDOWS/system32/dllcache/obrb0404.dll","2009-11-09 02:35:50 EET"
"/img_jo-2009-11-16.E01/vol_vol2/WINDOWS/system32/dllcache/obrb0405.dll",File,"/img_jo-2009-11-16.E01/vol_vol2/WINDOWS/system32/dllcache/obrb0405.dll","2009-11-09 02:35:50 EET"
"/img_jo-2009-11-16.E01/vol_vol2/WINDOWS/system32/dllcache/obrb0406.dll",File,"/img_jo-2009-11-16.E01/vol_vol2/WINDOWS/system32/dllcache/obrb0406.dll","2009-11-09 02:35:50 EET"
"/img_jo-2009-11-16.E01/vol_vol2/WINDOWS/system32/dllcache/obrb0407.dll",File,"/img_jo-2009-11-16.E01/vol_vol2/WINDOWS/system32/dllcache/obrb0407.dll","2009-11-09 02:35:50 EET"
"/img_jo-2009-11-16.E01/vol_vol2/WINDOWS/system32/dllcache/obrb040b.dll",File,"/img_jo-2009-11-16.E01/vol_vol2/WINDOWS/system32/dllcache/obrb040b.dll","2009-11-09 02:35:50 EET"
"/img_jo-2009-11-16.E01/vol_vol2/WINDOWS/system32/dllcache/obrb040C.dll",File,"/img_jo-2009-11-16.E01/vol_vol2/WINDOWS/system32/dllcache/obrb040C.dll","2009-11-09 02:35:51 EET"
"/img_jo-2009-11-16.E01/vol_vol2/WINDOWS/system32/dllcache/obrb040D.dll",File,"/img_jo-2009-11-16.E01/vol_vol2/WINDOWS/system32/dllcache/obrb040D.dll","2009-11-09 02:35:51 EET"
"/img_jo-2009-11-16.E01/vol_vol2/WINDOWS/system32/dllcache/obrb040e.dll",File,"/img_jo-2009-11-16.E01/vol_vol2/WINDOWS/system32/dllcache/obrb040e.dll","2009-11-09 02:35:51 EET"
"/img_jo-2009-11-16.E01/vol_vol2/WINDOWS/system32/dllcache/obrb0410.dll",File,"/img_jo-2009-11-16.E01/vol_vol2/WINDOWS/system32/dllcache/obrb0410.dll","2009-11-09 02:35:51 EET"
"/img_jo-2009-11-16.E01/vol_vol2/WINDOWS/system32/dllcache/obrb0411.dll",File,"/img_jo-2009-11-16.E01/vol_vol2/WINDOWS/system32/dllcache/obrb0411.dll","2009-11-09 02:35:51 EET"
"/img_jo-2009-11-16.E01/vol_vol2/WINDOWS/system32/dllcache/obrb0412.dll",File,"/img_jo-2009-11-16.E01/vol_vol2/WINDOWS/system32/dllcache/obrb0412.dll","2009-11-09 02:35:51 EET"
"/img_jo-2009-11-16.E01/vol_vol2/WINDOWS/system32/dllcache/obrb0413.dll",File,"/img_jo-2009-11-16.E01/vol_vol2/WINDOWS/system32/dllcache/obrb0413.dll","2009-11-09 02:35:51 EET"
"/img_jo-2009-11-16.E01/vol_vol2/WINDOWS/system32/dllcache/obrb0414.dll",File,"/img_jo-2009-11-16.E01/vol_vol2/WINDOWS/system32/dllcache/obrb0414.dll","2009-11-09 02:35:52 EET"
"/img_jo-2009-11-16.E01/vol_vol2/WINDOWS/system32/dllcache/obrb0415.dll",File,"/img_jo-2009-11-16.E01/vol_vol2/WINDOWS/system32/dllcache/obrb0415.dll","2009-11-09 02:35:52 EET"
"/img_jo-2009-11-16.E01/vol_vol2/WINDOWS/system32/dllcache/obrb0416.dll",File,"/img_jo-2009-11-16.E01/vol_vol2/WINDOWS/system32/dllcache/obrb0416.dll","2009-11-09 02:35:52 EET"
"/img_jo-2009-11-16.E01/vol_vol2/WINDOWS/system32/dllcache/obrb0419.dll.new",File,"/img_jo-2009-11-16.E01/vol_vol2/WINDOWS/system32/dllcache/obrb0419.dll.new","2009-11-09 02:35:52 EET"
"/img_jo-2009-11-16.E01/vol_vol2/WINDOWS/system32/dllcache/secupd.sig",File,"/img_jo-2009-11-16.E01/vol_vol2/WINDOWS/system32/dllcache/secupd.sig","2009-11-09 02:32:09 EET"
"/img_jo-2009-11-16.E01/vol_vol2/WINDOWS/system32/dllcache/oembios.sig",File,"/img_jo-2009-11-16.E01/vol_vol2/WINDOWS/system32/dllcache/oembios.sig","2009-11-09 02:32:09 EET"
"/img_jo-2009-11-16.E01/vol_vol2/WINDOWS/system32/dllcache/appwiz.cpl",File,"/img_jo-2009-11-16.E01/vol_vol2/WINDOWS/system32/dllcache/appwiz.cpl","2009-11-09 02:32:27 EET"
"/img_jo-2009-11-16.E01/vol_vol2/WINDOWS/system32/dllcache/apps.chm",File,"/img_jo-2009-11-16.E01/vol_vol2/WINDOWS/system32/dllcache/apps.chm","2009-11-09 02:31:56 EET"
"/img_jo-2009-11-16.E01/vol_vol2/WINDOWS/system32/dllcache/atmuni.sys",File,"/img_jo-2009-11-16.E01/vol_vol2/WINDOWS/system32/dllcache/atmuni.sys","2009-11-09 02:32:28 EET"
"/img_jo-2009-11-16.E01/vol_vol2/WINDOWS/system32/dllcache/autodisc.dll",File,"/img_jo-2009-11-16.E01/vol_vol2/WINDOWS/system32/dllcache/autodisc.dll","2009-11-09 02:32:29 EET"
"/img_jo-2009-11-16.E01/vol_vol2/WINDOWS/system32/dllcache/conime.exe",File,"/img_jo-2009-11-16.E01/vol_vol2/WINDOWS/system32/dllcache/conime.exe","2009-11-09 02:32:46 EET"
"/img_jo-2009-11-16.E01/vol_vol2/WINDOWS/system32/dllcache/cnfgprts.ocx",File,"/img_jo-2009-11-16.E01/vol_vol2/WINDOWS/system32/dllcache/cnfgprts.ocx","2009-11-09 02:31:57 EET"
"/img_jo-2009-11-16.E01/vol_vol2/WINDOWS/system32/dllcache/credui.dll",File,"/img_jo-2009-11-16.E01/vol_vol2/WINDOWS/system32/dllcache/credui.dll","2009-11-09 02:32:47 EET"
"/img_jo-2009-11-16.E01/vol_vol2/WINDOWS/system32/dllcache/cryptdlg.dll",File,"/img_jo-2009-11-16.E01/vol_vol2/WINDOWS/system32/dllcache/cryptdlg.dll","2009-11-09 02:31:58 EET"
"/img_jo-2009-11-16.E01/vol_vol2/WINDOWS/system32/dllcache/filemgmt.dll",File,"/img_jo-2009-11-16.E01/vol_vol2/WINDOWS/system32/dllcache/filemgmt.dll","2009-11-09 02:33:06 EET"
"/img_jo-2009-11-16.E01/vol_vol2/WINDOWS/system32/dllcache/gpkrsrc.dll",File,"/img_jo-2009-11-16.E01/vol_vol2/WINDOWS/system32/dllcache/gpkrsrc.dll","2009-11-09 02:33:12 EET"
"/img_jo-2009-11-16.E01/vol_vol2/WINDOWS/system32/dllcache/helpctr.exe",File,"/img_jo-2009-11-16.E01/vol_vol2/WINDOWS/system32/dllcache/helpctr.exe","2009-11-09 02:33:13 EET"
"/img_jo-2009-11-16.E01/vol_vol2/WINDOWS/system32/dllcache/imsinsnt.dll",File,"/img_jo-2009-11-16.E01/vol_vol2/WINDOWS/system32/dllcache/imsinsnt.dll","2009-11-09 02:33:35 EET"
"/img_jo-2009-11-16.E01/vol_vol2/WINDOWS/system32/dllcache/initpki.dll",File,"/img_jo-2009-11-16.E01/vol_vol2/WINDOWS/system32/dllcache/initpki.dll","2009-11-09 02:33:36 EET"
"/img_jo-2009-11-16.E01/vol_vol2/WINDOWS/system32/dllcache/ipv6mon.dll",File,"/img_jo-2009-11-16.E01/vol_vol2/WINDOWS/system32/dllcache/ipv6mon.dll","2009-11-09 02:33:38 EET"
"/img_jo-2009-11-16.E01/vol_vol2/WINDOWS/system32/dllcache/msoeres.dll",File,"/img_jo-2009-11-16.E01/vol_vol2/WINDOWS/system32/dllcache/msoeres.dll","2009-11-09 02:34:12 EET"
"/img_jo-2009-11-16.E01/vol_vol2/WINDOWS/system32/dllcache/mspaint.exe",File,"/img_jo-2009-11-16.E01/vol_vol2/WINDOWS/system32/dllcache/mspaint.exe","2009-11-09 02:34:12 EET"
"/img_jo-2009-11-16.E01/vol_vol2/WINDOWS/system32/dllcache/msrating.dll",File,"/img_jo-2009-11-16.E01/vol_vol2/WINDOWS/system32/dllcache/msrating.dll","2009-11-10 02:38:45 EET"
"/img_jo-2009-11-16.E01/vol_vol2/WINDOWS/system32/dllcache/osk.exe",File,"/img_jo-2009-11-16.E01/vol_vol2/WINDOWS/system32/dllcache/osk.exe","2009-11-09 02:34:32 EET"
"/img_jo-2009-11-16.E01/vol_vol2/WINDOWS/system32/dllcache/query.dll",File,"/img_jo-2009-11-16.E01/vol_vol2/WINDOWS/system32/dllcache/query.dll","2009-11-10 01:59:43 EET"
"/img_jo-2009-11-16.E01/vol_vol2/WINDOWS/system32/dllcache/rcbdyctl.dll",File,"/img_jo-2009-11-16.E01/vol_vol2/WINDOWS/system32/dllcache/rcbdyctl.dll","2009-11-09 02:34:44 EET"
"/img_jo-2009-11-16.E01/vol_vol2/WINDOWS/system32/dllcache/regwizc.dll",File,"/img_jo-2009-11-16.E01/vol_vol2/WINDOWS/system32/dllcache/regwizc.dll","2009-11-09 02:34:45 EET"
"/img_jo-2009-11-16.E01/vol_vol2/WINDOWS/system32/dllcache/nmwb.dll",File,"/img_jo-2009-11-16.E01/vol_vol2/WINDOWS/system32/dllcache/nmwb.dll","2009-11-09 02:34:26 EET"
"/img_jo-2009-11-16.E01/vol_vol2/WINDOWS/system32/dllcache/obrb0408.dll",File,"/img_jo-2009-11-16.E01/vol_vol2/WINDOWS/system32/dllcache/obrb0408.dll","2009-11-09 02:35:50 EET"
"/img_jo-2009-11-16.E01/vol_vol2/WINDOWS/system32/dllcache/rtcshare.exe",File,"/img_jo-2009-11-16.E01/vol_vol2/WINDOWS/system32/dllcache/rtcshare.exe","2009-11-09 02:34:47 EET"
"/img_jo-2009-11-16.E01/vol_vol2/WINDOWS/system32/dllcache/runas.exe",File,"/img_jo-2009-11-16.E01/vol_vol2/WINDOWS/system32/dllcache/runas.exe","2009-11-09 02:34:47 EET"
"/img_jo-2009-11-16.E01/vol_vol2/WINDOWS/system32/dllcache/spra0401.dll",File,"/img_jo-2009-11-16.E01/vol_vol2/WINDOWS/system32/dllcache/spra0401.dll","2009-11-09 02:35:54 EET"
"/img_jo-2009-11-16.E01/vol_vol2/WINDOWS/system32/dllcache/spra0402.dll",File,"/img_jo-2009-11-16.E01/vol_vol2/WINDOWS/system32/dllcache/spra0402.dll","2009-11-09 02:35:54 EET"
"/img_jo-2009-11-16.E01/vol_vol2/WINDOWS/system32/dllcache/spra0404.dll",File,"/img_jo-2009-11-16.E01/vol_vol2/WINDOWS/system32/dllcache/spra0404.dll","2009-11-09 02:35:54 EET"
"/img_jo-2009-11-16.E01/vol_vol2/WINDOWS/system32/dllcache/spra0405.dll",File,"/img_jo-2009-11-16.E01/vol_vol2/WINDOWS/system32/dllcache/spra0405.dll","2009-11-09 02:35:54 EET"
"/img_jo-2009-11-16.E01/vol_vol2/WINDOWS/system32/dllcache/spra0406.dll",File,"/img_jo-2009-11-16.E01/vol_vol2/WINDOWS/system32/dllcache/spra0406.dll","2009-11-09 02:35:54 EET"
"/img_jo-2009-11-16.E01/vol_vol2/WINDOWS/system32/dllcache/spra0407.dll",File,"/img_jo-2009-11-16.E01/vol_vol2/WINDOWS/system32/dllcache/spra0407.dll","2009-11-09 02:35:54 EET"
"/img_jo-2009-11-16.E01/vol_vol2/WINDOWS/system32/dllcache/spra0408.dll",File,"/img_jo-2009-11-16.E01/vol_vol2/WINDOWS/system32/dllcache/spra0408.dll","2009-11-09 02:35:54 EET"
"/img_jo-2009-11-16.E01/vol_vol2/WINDOWS/system32/dllcache/spra040b.dll",File,"/img_jo-2009-11-16.E01/vol_vol2/WINDOWS/system32/dllcache/spra040b.dll","2009-11-09 02:35:54 EET"
"/img_jo-2009-11-16.E01/vol_vol2/WINDOWS/system32/dllcache/spra040C.dll",File,"/img_jo-2009-11-16.E01/vol_vol2/WINDOWS/system32/dllcache/spra040C.dll","2009-11-09 02:35:54 EET"
"/img_jo-2009-11-16.E01/vol_vol2/WINDOWS/system32/dllcache/spra040e.dll",File,"/img_jo-2009-11-16.E01/vol_vol2/WINDOWS/system32/dllcache/spra040e.dll","2009-11-09 02:35:55 EET"
"/img_jo-2009-11-16.E01/vol_vol2/WINDOWS/system32/dllcache/spra0410.dll",File,"/img_jo-2009-11-16.E01/vol_vol2/WINDOWS/system32/dllcache/spra0410.dll","2009-11-09 02:35:55 EET"
"/img_jo-2009-11-16.E01/vol_vol2/WINDOWS/system32/dllcache/spra0411.dll",File,"/img_jo-2009-11-16.E01/vol_vol2/WINDOWS/system32/dllcache/spra0411.dll","2009-11-09 02:35:55 EET"
"/img_jo-2009-11-16.E01/vol_vol2/WINDOWS/system32/dllcache/spra0412.dll",File,"/img_jo-2009-11-16.E01/vol_vol2/WINDOWS/system32/dllcache/spra0412.dll","2009-11-09 02:35:55 EET"
"/img_jo-2009-11-16.E01/vol_vol2/WINDOWS/system32/dllcache/spra0413.dll",File,"/img_jo-2009-11-16.E01/vol_vol2/WINDOWS/system32/dllcache/spra0413.dll","2009-11-09 02:35:55 EET"
"/img_jo-2009-11-16.E01/vol_vol2/WINDOWS/system32/dllcache/spra0414.dll",File,"/img_jo-2009-11-16.E01/vol_vol2/WINDOWS/system32/dllcache/spra0414.dll","2009-11-09 02:35:55 EET"
"/img_jo-2009-11-16.E01/vol_vol2/WINDOWS/system32/dllcache/spra0415.dll",File,"/img_jo-2009-11-16.E01/vol_vol2/WINDOWS/system32/dllcache/spra0415.dll","2009-11-09 02:35:55 EET"
"/img_jo-2009-11-16.E01/vol_vol2/WINDOWS/system32/dllcache/spra0416.dll.new",File,"/img_jo-2009-11-16.E01/vol_vol2/WINDOWS/system32/dllcache/spra0416.dll.new","2009-11-09 02:35:55 EET"
"/img_jo-2009-11-16.E01/vol_vol2/WINDOWS/system32/dllcache/srchui.dll",File,"/img_jo-2009-11-16.E01/vol_vol2/WINDOWS/system32/dllcache/srchui.dll","2009-11-09 02:35:07 EET"
"/img_jo-2009-11-16.E01/vol_vol2/WINDOWS/system32/dllcache/spra040D.dll",File,"/img_jo-2009-11-16.E01/vol_vol2/WINDOWS/system32/dllcache/spra040D.dll","2009-11-09 02:35:54 EET"
"/img_jo-2009-11-16.E01/vol_vol2/WINDOWS/system32/dllcache/spra0426.dll",File,"/img_jo-2009-11-16.E01/vol_vol2/WINDOWS/system32/dllcache/spra0426.dll","2009-11-09 02:35:56 EET"
"/img_jo-2009-11-16.E01/vol_vol2/WINDOWS/system32/dllcache/wmploc.dll",File,"/img_jo-2009-11-16.E01/vol_vol2/WINDOWS/system32/dllcache/wmploc.dll","2009-11-09 02:35:41 EET"
"/img_jo-2009-11-16.E01/vol_vol2/WINDOWS/system32/dllcache/wsnmp32.dll",File,"/img_jo-2009-11-16.E01/vol_vol2/WINDOWS/system32/dllcache/wsnmp32.dll","2009-11-09 02:35:47 EET"
"/img_jo-2009-11-16.E01/vol_vol2/WINDOWS/system32/dllcache/obrb0419.dll",File,"/img_jo-2009-11-16.E01/vol_vol2/WINDOWS/system32/dllcache/obrb0419.dll","2009-11-09 02:35:52 EET"
"/img_jo-2009-11-16.E01/vol_vol2/WINDOWS/system32/dllcache/obrb041b.dll",File,"/img_jo-2009-11-16.E01/vol_vol2/WINDOWS/system32/dllcache/obrb041b.dll","2009-11-09 02:35:52 EET"
"/img_jo-2009-11-16.E01/vol_vol2/WINDOWS/system32/dllcache/obrb041D.dll",File,"/img_jo-2009-11-16.E01/vol_vol2/WINDOWS/system32/dllcache/obrb041D.dll","2009-11-09 02:35:53 EET"
"/img_jo-2009-11-16.E01/vol_vol2/WINDOWS/system32/dllcache/obrb041f.dll",File,"/img_jo-2009-11-16.E01/vol_vol2/WINDOWS/system32/dllcache/obrb041f.dll","2009-11-09 02:35:53 EET"
"/img_jo-2009-11-16.E01/vol_vol2/WINDOWS/system32/dllcache/obrb0424.dll",File,"/img_jo-2009-11-16.E01/vol_vol2/WINDOWS/system32/dllcache/obrb0424.dll","2009-11-09 02:35:53 EET"
"/img_jo-2009-11-16.E01/vol_vol2/WINDOWS/system32/dllcache/obrb0804.dll",File,"/img_jo-2009-11-16.E01/vol_vol2/WINDOWS/system32/dllcache/obrb0804.dll","2009-11-09 02:35:53 EET"
"/img_jo-2009-11-16.E01/vol_vol2/WINDOWS/system32/dllcache/obrb0816.dll",File,"/img_jo-2009-11-16.E01/vol_vol2/WINDOWS/system32/dllcache/obrb0816.dll","2009-11-09 02:35:53 EET"
"/img_jo-2009-11-16.E01/vol_vol2/WINDOWS/system32/dllcache/obrb0C0A.dll",File,"/img_jo-2009-11-16.E01/vol_vol2/WINDOWS/system32/dllcache/obrb0C0A.dll","2009-11-09 02:35:53 EET"
"/img_jo-2009-11-16.E01/vol_vol2/WINDOWS/system32/dllcache/spra0416.dll",File,"/img_jo-2009-11-16.E01/vol_vol2/WINDOWS/system32/dllcache/spra0416.dll","2009-11-09 02:35:55 EET"
"/img_jo-2009-11-16.E01/vol_vol2/WINDOWS/system32/dllcache/spra0418.dll",File,"/img_jo-2009-11-16.E01/vol_vol2/WINDOWS/system32/dllcache/spra0418.dll","2009-11-09 02:35:55 EET"
"/img_jo-2009-11-16.E01/vol_vol2/WINDOWS/system32/dllcache/spra0419.dll",File,"/img_jo-2009-11-16.E01/vol_vol2/WINDOWS/system32/dllcache/spra0419.dll","2009-11-09 02:35:56 EET"
"/img_jo-2009-11-16.E01/vol_vol2/WINDOWS/system32/dllcache/spra041a.dll",File,"/img_jo-2009-11-16.E01/vol_vol2/WINDOWS/system32/dllcache/spra041a.dll","2009-11-09 02:35:56 EET"
"/img_jo-2009-11-16.E01/vol_vol2/WINDOWS/system32/dllcache/spra041b.dll",File,"/img_jo-2009-11-16.E01/vol_vol2/WINDOWS/system32/dllcache/spra041b.dll","2009-11-09 02:35:56 EET"
"/img_jo-2009-11-16.E01/vol_vol2/WINDOWS/system32/dllcache/spra041D.dll",File,"/img_jo-2009-11-16.E01/vol_vol2/WINDOWS/system32/dllcache/spra041D.dll","2009-11-09 02:35:56 EET"
"/img_jo-2009-11-16.E01/vol_vol2/WINDOWS/system32/dllcache/spra041e.dll",File,"/img_jo-2009-11-16.E01/vol_vol2/WINDOWS/system32/dllcache/spra041e.dll","2009-11-09 02:35:56 EET"
"/img_jo-2009-11-16.E01/vol_vol2/WINDOWS/system32/dllcache/spra041f.dll",File,"/img_jo-2009-11-16.E01/vol_vol2/WINDOWS/system32/dllcache/spra041f.dll","2009-11-09 02:35:56 EET"
"/img_jo-2009-11-16.E01/vol_vol2/WINDOWS/system32/dllcache/spra0424.dll",File,"/img_jo-2009-11-16.E01/vol_vol2/WINDOWS/system32/dllcache/spra0424.dll","2009-11-09 02:35:56 EET"
"/img_jo-2009-11-16.E01/vol_vol2/WINDOWS/system32/dllcache/spra0425.dll",File,"/img_jo-2009-11-16.E01/vol_vol2/WINDOWS/system32/dllcache/spra0425.dll","2009-11-09 02:35:56 EET"
"/img_jo-2009-11-16.E01/vol_vol2/WINDOWS/system32/dllcache/spra0427.dll",File,"/img_jo-2009-11-16.E01/vol_vol2/WINDOWS/system32/dllcache/spra0427.dll","2009-11-09 02:35:56 EET"
"/img_jo-2009-11-16.E01/vol_vol2/WINDOWS/system32/dllcache/spra0816.dll",File,"/img_jo-2009-11-16.E01/vol_vol2/WINDOWS/system32/dllcache/spra0816.dll","2009-11-09 02:35:57 EET"
"/img_jo-2009-11-16.E01/vol_vol2/WINDOWS/system32/dllcache/spra0C0A.dll",File,"/img_jo-2009-11-16.E01/vol_vol2/WINDOWS/system32/dllcache/spra0C0A.dll","2009-11-09 02:35:57 EET"
"/img_jo-2009-11-16.E01/vol_vol2/WINDOWS/system32/dllcache/xpob2res.dll",File,"/img_jo-2009-11-16.E01/vol_vol2/WINDOWS/system32/dllcache/xpob2res.dll","2009-11-09 02:35:53 EET"
"/img_jo-2009-11-16.E01/vol_vol2/WINDOWS/system32/dllcache/xpsp1res.dll",File,"/img_jo-2009-11-16.E01/vol_vol2/WINDOWS/system32/dllcache/xpsp1res.dll","2009-11-09 02:35:57 EET"
"/img_jo-2009-11-16.E01/vol_vol2/WINDOWS/system32/drivers/atmuni.sys",File,"/img_jo-2009-11-16.E01/vol_vol2/WINDOWS/system32/drivers/atmuni.sys","2009-11-08 17:55:54 EET"
"/img_jo-2009-11-16.E01/vol_vol2/WINDOWS/system32/credui.dll",File,"/img_jo-2009-11-16.E01/vol_vol2/WINDOWS/system32/credui.dll","2009-11-11 22:02:42 EET"
"/img_jo-2009-11-16.E01/vol_vol2/WINDOWS/system32/filemgmt.dll",File,"/img_jo-2009-11-16.E01/vol_vol2/WINDOWS/system32/filemgmt.dll","2009-11-11 02:13:09 EET"
"/img_jo-2009-11-16.E01/vol_vol2/WINDOWS/system32/oobe/migx25c.dun",File,"/img_jo-2009-11-16.E01/vol_vol2/WINDOWS/system32/oobe/migx25c.dun","2009-11-09 02:24:59 EET"
"/img_jo-2009-11-16.E01/vol_vol2/WINDOWS/system32/oobe/agtscrpt.js",File,"/img_jo-2009-11-16.E01/vol_vol2/WINDOWS/system32/oobe/agtscrpt.js","2009-11-09 02:24:57 EET"
"/img_jo-2009-11-16.E01/vol_vol2/WINDOWS/system32/oobe/migip.dun",File,"/img_jo-2009-11-16.E01/vol_vol2/WINDOWS/system32/oobe/migip.dun","2009-11-09 02:24:58 EET"
"/img_jo-2009-11-16.E01/vol_vol2/WINDOWS/system32/oobe/migx25a.dun",File,"/img_jo-2009-11-16.E01/vol_vol2/WINDOWS/system32/oobe/migx25a.dun","2009-11-09 02:24:59 EET"
"/img_jo-2009-11-16.E01/vol_vol2/WINDOWS/system32/oobe/migx25b.dun",File,"/img_jo-2009-11-16.E01/vol_vol2/WINDOWS/system32/oobe/migx25b.dun","2009-11-09 02:24:59 EET"
"/img_jo-2009-11-16.E01/vol_vol2/WINDOWS/system32/oobe/obeip.dun",File,"/img_jo-2009-11-16.E01/vol_vol2/WINDOWS/system32/oobe/obeip.dun","2009-11-09 02:24:59 EET"
"/img_jo-2009-11-16.E01/vol_vol2/WINDOWS/system32/osk.exe",File,"/img_jo-2009-11-16.E01/vol_vol2/WINDOWS/system32/osk.exe","2009-11-11 02:13:01 EET"
"/img_jo-2009-11-16.E01/vol_vol2/WINDOWS/system32/ipv6mon.dll",File,"/img_jo-2009-11-16.E01/vol_vol2/WINDOWS/system32/ipv6mon.dll","2009-11-08 17:55:54 EET"
"/img_jo-2009-11-16.E01/vol_vol2/WINDOWS/system32/python26.dll",File,"/img_jo-2009-11-16.E01/vol_vol2/WINDOWS/system32/python26.dll","2009-11-13 03:57:38 EET"
"/img_jo-2009-11-16.E01/vol_vol2/WINDOWS/system32/query.dll",File,"/img_jo-2009-11-16.E01/vol_vol2/WINDOWS/system32/query.dll","2009-11-10 01:59:43 EET"
"/img_jo-2009-11-16.E01/vol_vol2/WINDOWS/system32/rtcshare.exe",File,"/img_jo-2009-11-16.E01/vol_vol2/WINDOWS/system32/rtcshare.exe","2009-11-08 17:55:55 EET"
"/img_jo-2009-11-16.E01/vol_vol2/WINDOWS/system32/runas.exe",File,"/img_jo-2009-11-16.E01/vol_vol2/WINDOWS/system32/runas.exe","2009-11-08 17:55:55 EET"
"/img_jo-2009-11-16.E01/vol_vol2/WINDOWS/system32/secupd.sig",File,"/img_jo-2009-11-16.E01/vol_vol2/WINDOWS/system32/secupd.sig","2009-11-08 17:55:55 EET"
"/img_jo-2009-11-16.E01/vol_vol2/WINDOWS/system32/Setup/imsinsnt.dll",File,"/img_jo-2009-11-16.E01/vol_vol2/WINDOWS/system32/Setup/imsinsnt.dll","2009-11-08 17:55:55 EET"
"/img_jo-2009-11-16.E01/vol_vol2/WINDOWS/system32/wbem/AutoRecover/26C097A9392F8C541AD42E89B7909073.mof",File,"/img_jo-2009-11-16.E01/vol_vol2/WINDOWS/system32/wbem/AutoRecover/26C097A9392F8C541AD42E89B7909073.mof","2009-11-09 02:23:41 EET"
"/img_jo-2009-11-16.E01/vol_vol2/WINDOWS/system32/wbem/AutoRecover/C8463ECBE33BC240263A0B094E46D510.mof",File,"/img_jo-2009-11-16.E01/vol_vol2/WINDOWS/system32/wbem/AutoRecover/C8463ECBE33BC240263A0B094E46D510.mof","2009-11-10 02:57:35 EET"
"/img_jo-2009-11-16.E01/vol_vol2/WINDOWS/system32/wbem/AutoRecover/3EC317800FF508210BB945C81C0EACE7.mof",File,"/img_jo-2009-11-16.E01/vol_vol2/WINDOWS/system32/wbem/AutoRecover/3EC317800FF508210BB945C81C0EACE7.mof","2009-11-09 02:23:44 EET"
"/img_jo-2009-11-16.E01/vol_vol2/WINDOWS/system32/wbem/cimwin32.mfl",File,"/img_jo-2009-11-16.E01/vol_vol2/WINDOWS/system32/wbem/cimwin32.mfl","2009-11-09 02:19:48 EET"
"/img_jo-2009-11-16.E01/vol_vol2/WINDOWS/system32/wbem/cimwin32.mof",File,"/img_jo-2009-11-16.E01/vol_vol2/WINDOWS/system32/wbem/cimwin32.mof","2009-11-09 02:19:49 EET"
"/img_jo-2009-11-16.E01/vol_vol2/WINDOWS/system32/wbem/cliegaliases.mof",File,"/img_jo-2009-11-16.E01/vol_vol2/WINDOWS/system32/wbem/cliegaliases.mof","2009-11-09 02:19:49 EET"
"/img_jo-2009-11-16.E01/vol_vol2/WINDOWS/system32/wbem/Repository/FS/OBJECTS.DATA",File,"/img_jo-2009-11-16.E01/vol_vol2/WINDOWS/system32/wbem/Repository/FS/OBJECTS.DATA","2009-11-16 14:25:21 EET"
"/img_jo-2009-11-16.E01/vol_vol2/WINDOWS/system32/webfldrs.msi",File,"/img_jo-2009-11-16.E01/vol_vol2/WINDOWS/system32/webfldrs.msi","2009-11-08 17:55:55 EET"
"/img_jo-2009-11-16.E01/vol_vol2/WINDOWS/system32/objsel.dll",File,"/img_jo-2009-11-16.E01/vol_vol2/WINDOWS/system32/objsel.dll","2009-11-08 17:55:55 EET"
"/img_jo-2009-11-16.E01/vol_vol2/WINDOWS/system32/oembios.sig",File,"/img_jo-2009-11-16.E01/vol_vol2/WINDOWS/system32/oembios.sig","2009-11-08 17:55:55 EET"
"/img_jo-2009-11-16.E01/vol_vol2/WINDOWS/system32/gpkrsrc.dll",File,"/img_jo-2009-11-16.E01/vol_vol2/WINDOWS/system32/gpkrsrc.dll","2009-11-08 17:55:54 EET"
"/img_jo-2009-11-16.E01/vol_vol2/WINDOWS/system32/compatUI.dll",File,"/img_jo-2009-11-16.E01/vol_vol2/WINDOWS/system32/compatUI.dll","2009-11-11 02:13:01 EET"
"/img_jo-2009-11-16.E01/vol_vol2/WINDOWS/system32/config/software",File,"/img_jo-2009-11-16.E01/vol_vol2/WINDOWS/system32/config/software","2009-11-16 20:26:33 EET"
"/img_jo-2009-11-16.E01/vol_vol2/WINDOWS/system32/config/system.LOG",File,"/img_jo-2009-11-16.E01/vol_vol2/WINDOWS/system32/config/system.LOG","2009-11-17 02:32:38 EET"
"/img_jo-2009-11-16.E01/vol_vol2/WINDOWS/system32/config/systemprofile/Application Data/Microsoft/CryptnetUrlCache/Content/74BFD122C0875EC75DBE5C6DB4C59019",File,"/img_jo-2009-11-16.E01/vol_vol2/WINDOWS/system32/config/systemprofile/Application Data/Microsoft/CryptnetUrlCache/Content/74BFD122C0875EC75DBE5C6DB4C59019","2009-11-13 03:50:42 EET"
"/img_jo-2009-11-16.E01/vol_vol2/WINDOWS/system32/conime.exe",File,"/img_jo-2009-11-16.E01/vol_vol2/WINDOWS/system32/conime.exe","2009-11-08 17:55:54 EET"
"/img_jo-2009-11-16.E01/vol_vol2/WINDOWS/system32/cryptdlg.dll",File,"/img_jo-2009-11-16.E01/vol_vol2/WINDOWS/system32/cryptdlg.dll","2009-11-08 17:55:54 EET"
"/img_jo-2009-11-16.E01/vol_vol2/WINDOWS/system32/mstsc.exe",File,"/img_jo-2009-11-16.E01/vol_vol2/WINDOWS/system32/mstsc.exe","2009-11-11 02:13:04 EET"
"/img_jo-2009-11-16.E01/vol_vol2/WINDOWS/system32/msvbvm60.dll",File,"/img_jo-2009-11-16.E01/vol_vol2/WINDOWS/system32/msvbvm60.dll","2009-11-08 17:55:55 EET"
"/img_jo-2009-11-16.E01/vol_vol2/WINDOWS/system32/wmimgmt.msc",File,"/img_jo-2009-11-16.E01/vol_vol2/WINDOWS/system32/wmimgmt.msc","2009-11-09 02:20:15 EET"
"/img_jo-2009-11-16.E01/vol_vol2/WINDOWS/system32/wmploc.dll",File,"/img_jo-2009-11-16.E01/vol_vol2/WINDOWS/system32/wmploc.dll","2009-11-08 17:55:56 EET"
"/img_jo-2009-11-16.E01/vol_vol2/WINDOWS/system32/diskcopy.dll",File,"/img_jo-2009-11-16.E01/vol_vol2/WINDOWS/system32/diskcopy.dll","2009-11-08 17:55:54 EET"
"/img_jo-2009-11-16.E01/vol_vol2/WINDOWS/system32/mui/0401/xpob2res.dll",File,"/img_jo-2009-11-16.E01/vol_vol2/WINDOWS/system32/mui/0401/xpob2res.dll","2009-11-08 17:55:55 EET"
"/img_jo-2009-11-16.E01/vol_vol2/WINDOWS/system32/mui/0401/xpsp1res.dll",File,"/img_jo-2009-11-16.E01/vol_vol2/WINDOWS/system32/mui/0401/xpsp1res.dll","2009-11-08 17:55:55 EET"
"/img_jo-2009-11-16.E01/vol_vol2/WINDOWS/system32/mui/0402/xpsp1res.dll",File,"/img_jo-2009-11-16.E01/vol_vol2/WINDOWS/system32/mui/0402/xpsp1res.dll","2009-11-08 17:55:55 EET"
"/img_jo-2009-11-16.E01/vol_vol2/WINDOWS/system32/mui/0404/xpob2res.dll",File,"/img_jo-2009-11-16.E01/vol_vol2/WINDOWS/system32/mui/0404/xpob2res.dll","2009-11-08 17:55:55 EET"
"/img_jo-2009-11-16.E01/vol_vol2/WINDOWS/system32/mui/0404/xpsp1res.dll",File,"/img_jo-2009-11-16.E01/vol_vol2/WINDOWS/system32/mui/0404/xpsp1res.dll","2009-11-08 17:55:55 EET"
"/img_jo-2009-11-16.E01/vol_vol2/WINDOWS/system32/mui/0405/xpob2res.dll",File,"/img_jo-2009-11-16.E01/vol_vol2/WINDOWS/system32/mui/0405/xpob2res.dll","2009-11-08 17:55:55 EET"
"/img_jo-2009-11-16.E01/vol_vol2/WINDOWS/system32/mui/0405/xpsp1res.dll",File,"/img_jo-2009-11-16.E01/vol_vol2/WINDOWS/system32/mui/0405/xpsp1res.dll","2009-11-08 17:55:55 EET"
"/img_jo-2009-11-16.E01/vol_vol2/WINDOWS/system32/mui/0406/xpob2res.dll",File,"/img_jo-2009-11-16.E01/vol_vol2/WINDOWS/system32/mui/0406/xpob2res.dll","2009-11-08 17:55:55 EET"
"/img_jo-2009-11-16.E01/vol_vol2/WINDOWS/system32/mui/0406/xpsp1res.dll",File,"/img_jo-2009-11-16.E01/vol_vol2/WINDOWS/system32/mui/0406/xpsp1res.dll","2009-11-08 17:55:55 EET"
"/img_jo-2009-11-16.E01/vol_vol2/WINDOWS/system32/mui/0407/xpob2res.dll",File,"/img_jo-2009-11-16.E01/vol_vol2/WINDOWS/system32/mui/0407/xpob2res.dll","2009-11-08 17:55:55 EET"
"/img_jo-2009-11-16.E01/vol_vol2/WINDOWS/system32/mui/0407/xpsp1res.dll",File,"/img_jo-2009-11-16.E01/vol_vol2/WINDOWS/system32/mui/0407/xpsp1res.dll","2009-11-08 17:55:55 EET"
"/img_jo-2009-11-16.E01/vol_vol2/WINDOWS/system32/mui/0408/xpob2res.dll",File,"/img_jo-2009-11-16.E01/vol_vol2/WINDOWS/system32/mui/0408/xpob2res.dll","2009-11-08 17:55:55 EET"
"/img_jo-2009-11-16.E01/vol_vol2/WINDOWS/system32/mui/0408/xpsp1res.dll",File,"/img_jo-2009-11-16.E01/vol_vol2/WINDOWS/system32/mui/0408/xpsp1res.dll","2009-11-08 17:55:55 EET"
"/img_jo-2009-11-16.E01/vol_vol2/WINDOWS/system32/mui/040b/xpob2res.dll",File,"/img_jo-2009-11-16.E01/vol_vol2/WINDOWS/system32/mui/040b/xpob2res.dll","2009-11-08 17:55:55 EET"
"/img_jo-2009-11-16.E01/vol_vol2/WINDOWS/system32/mui/040b/xpsp1res.dll",File,"/img_jo-2009-11-16.E01/vol_vol2/WINDOWS/system32/mui/040b/xpsp1res.dll","2009-11-08 17:55:55 EET"
"/img_jo-2009-11-16.E01/vol_vol2/WINDOWS/system32/mui/040C/xpob2res.dll",File,"/img_jo-2009-11-16.E01/vol_vol2/WINDOWS/system32/mui/040C/xpob2res.dll","2009-11-08 17:55:55 EET"
"/img_jo-2009-11-16.E01/vol_vol2/WINDOWS/system32/mui/040C/xpsp1res.dll",File,"/img_jo-2009-11-16.E01/vol_vol2/WINDOWS/system32/mui/040C/xpsp1res.dll","2009-11-08 17:55:55 EET"
"/img_jo-2009-11-16.E01/vol_vol2/WINDOWS/system32/mui/040D/xpob2res.dll",File,"/img_jo-2009-11-16.E01/vol_vol2/WINDOWS/system32/mui/040D/xpob2res.dll","2009-11-08 17:55:55 EET"
"/img_jo-2009-11-16.E01/vol_vol2/WINDOWS/system32/mui/040D/xpsp1res.dll",File,"/img_jo-2009-11-16.E01/vol_vol2/WINDOWS/system32/mui/040D/xpsp1res.dll","2009-11-08 17:55:55 EET"
"/img_jo-2009-11-16.E01/vol_vol2/WINDOWS/system32/mui/040e/xpob2res.dll",File,"/img_jo-2009-11-16.E01/vol_vol2/WINDOWS/system32/mui/040e/xpob2res.dll","2009-11-08 17:55:55 EET"
"/img_jo-2009-11-16.E01/vol_vol2/WINDOWS/system32/mui/040e/xpsp1res.dll",File,"/img_jo-2009-11-16.E01/vol_vol2/WINDOWS/system32/mui/040e/xpsp1res.dll","2009-11-08 17:55:55 EET"
"/img_jo-2009-11-16.E01/vol_vol2/WINDOWS/system32/mui/0410/xpob2res.dll",File,"/img_jo-2009-11-16.E01/vol_vol2/WINDOWS/system32/mui/0410/xpob2res.dll","2009-11-08 17:55:55 EET"
"/img_jo-2009-11-16.E01/vol_vol2/WINDOWS/system32/mui/0410/xpsp1res.dll",File,"/img_jo-2009-11-16.E01/vol_vol2/WINDOWS/system32/mui/0410/xpsp1res.dll","2009-11-08 17:55:55 EET"
"/img_jo-2009-11-16.E01/vol_vol2/WINDOWS/system32/mui/0411/xpob2res.dll",File,"/img_jo-2009-11-16.E01/vol_vol2/WINDOWS/system32/mui/0411/xpob2res.dll","2009-11-08 17:55:55 EET"
"/img_jo-2009-11-16.E01/vol_vol2/WINDOWS/system32/mui/0411/xpsp1res.dll",File,"/img_jo-2009-11-16.E01/vol_vol2/WINDOWS/system32/mui/0411/xpsp1res.dll","2009-11-08 17:55:55 EET"
"/img_jo-2009-11-16.E01/vol_vol2/WINDOWS/system32/mui/0412/xpob2res.dll",File,"/img_jo-2009-11-16.E01/vol_vol2/WINDOWS/system32/mui/0412/xpob2res.dll","2009-11-08 17:55:55 EET"
"/img_jo-2009-11-16.E01/vol_vol2/WINDOWS/system32/mui/0412/xpsp1res.dll",File,"/img_jo-2009-11-16.E01/vol_vol2/WINDOWS/system32/mui/0412/xpsp1res.dll","2009-11-08 17:55:55 EET"
"/img_jo-2009-11-16.E01/vol_vol2/WINDOWS/system32/mui/0413/xpob2res.dll",File,"/img_jo-2009-11-16.E01/vol_vol2/WINDOWS/system32/mui/0413/xpob2res.dll","2009-11-08 17:55:55 EET"
"/img_jo-2009-11-16.E01/vol_vol2/WINDOWS/system32/mui/0413/xpsp1res.dll",File,"/img_jo-2009-11-16.E01/vol_vol2/WINDOWS/system32/mui/0413/xpsp1res.dll","2009-11-08 17:55:55 EET"
"/img_jo-2009-11-16.E01/vol_vol2/WINDOWS/system32/mui/0414/xpob2res.dll",File,"/img_jo-2009-11-16.E01/vol_vol2/WINDOWS/system32/mui/0414/xpob2res.dll","2009-11-08 17:55:55 EET"
"/img_jo-2009-11-16.E01/vol_vol2/WINDOWS/system32/mui/0414/xpsp1res.dll",File,"/img_jo-2009-11-16.E01/vol_vol2/WINDOWS/system32/mui/0414/xpsp1res.dll","2009-11-08 17:55:55 EET"
"/img_jo-2009-11-16.E01/vol_vol2/WINDOWS/system32/mui/0415/xpob2res.dll",File,"/img_jo-2009-11-16.E01/vol_vol2/WINDOWS/system32/mui/0415/xpob2res.dll","2009-11-08 17:55:55 EET"
"/img_jo-2009-11-16.E01/vol_vol2/WINDOWS/system32/mui/0415/xpsp1res.dll",File,"/img_jo-2009-11-16.E01/vol_vol2/WINDOWS/system32/mui/0415/xpsp1res.dll","2009-11-08 17:55:55 EET"
"/img_jo-2009-11-16.E01/vol_vol2/WINDOWS/system32/mui/0416/xpob2res.dll",File,"/img_jo-2009-11-16.E01/vol_vol2/WINDOWS/system32/mui/0416/xpob2res.dll","2009-11-08 17:55:55 EET"
"/img_jo-2009-11-16.E01/vol_vol2/WINDOWS/system32/mui/0416/xpsp1res.dll",File,"/img_jo-2009-11-16.E01/vol_vol2/WINDOWS/system32/mui/0416/xpsp1res.dll","2009-11-08 17:55:55 EET"
"/img_jo-2009-11-16.E01/vol_vol2/WINDOWS/system32/mui/0418/xpsp1res.dll",File,"/img_jo-2009-11-16.E01/vol_vol2/WINDOWS/system32/mui/0418/xpsp1res.dll","2009-11-08 17:55:55 EET"
"/img_jo-2009-11-16.E01/vol_vol2/WINDOWS/system32/mui/0419/xpob2res.dll",File,"/img_jo-2009-11-16.E01/vol_vol2/WINDOWS/system32/mui/0419/xpob2res.dll","2009-11-08 17:55:55 EET"
"/img_jo-2009-11-16.E01/vol_vol2/WINDOWS/system32/mui/0419/xpsp1res.dll",File,"/img_jo-2009-11-16.E01/vol_vol2/WINDOWS/system32/mui/0419/xpsp1res.dll","2009-11-08 17:55:55 EET"
"/img_jo-2009-11-16.E01/vol_vol2/WINDOWS/system32/mui/041a/xpsp1res.dll",File,"/img_jo-2009-11-16.E01/vol_vol2/WINDOWS/system32/mui/041a/xpsp1res.dll","2009-11-08 17:55:55 EET"
"/img_jo-2009-11-16.E01/vol_vol2/WINDOWS/system32/mui/041b/xpob2res.dll",File,"/img_jo-2009-11-16.E01/vol_vol2/WINDOWS/system32/mui/041b/xpob2res.dll","2009-11-08 17:55:55 EET"
"/img_jo-2009-11-16.E01/vol_vol2/WINDOWS/system32/mui/041b/xpsp1res.dll",File,"/img_jo-2009-11-16.E01/vol_vol2/WINDOWS/system32/mui/041b/xpsp1res.dll","2009-11-08 17:55:55 EET"
"/img_jo-2009-11-16.E01/vol_vol2/WINDOWS/system32/mui/041D/xpob2res.dll",File,"/img_jo-2009-11-16.E01/vol_vol2/WINDOWS/system32/mui/041D/xpob2res.dll","2009-11-08 17:55:55 EET"
"/img_jo-2009-11-16.E01/vol_vol2/WINDOWS/system32/mui/041D/xpsp1res.dll",File,"/img_jo-2009-11-16.E01/vol_vol2/WINDOWS/system32/mui/041D/xpsp1res.dll","2009-11-08 17:55:55 EET"
"/img_jo-2009-11-16.E01/vol_vol2/WINDOWS/system32/mui/041e/xpsp1res.dll",File,"/img_jo-2009-11-16.E01/vol_vol2/WINDOWS/system32/mui/041e/xpsp1res.dll","2009-11-08 17:55:55 EET"
"/img_jo-2009-11-16.E01/vol_vol2/WINDOWS/system32/mui/041f/xpob2res.dll",File,"/img_jo-2009-11-16.E01/vol_vol2/WINDOWS/system32/mui/041f/xpob2res.dll","2009-11-08 17:55:55 EET"
"/img_jo-2009-11-16.E01/vol_vol2/WINDOWS/system32/mui/041f/xpsp1res.dll",File,"/img_jo-2009-11-16.E01/vol_vol2/WINDOWS/system32/mui/041f/xpsp1res.dll","2009-11-08 17:55:55 EET"
"/img_jo-2009-11-16.E01/vol_vol2/WINDOWS/system32/mui/0424/xpob2res.dll",File,"/img_jo-2009-11-16.E01/vol_vol2/WINDOWS/system32/mui/0424/xpob2res.dll","2009-11-08 17:55:55 EET"
"/img_jo-2009-11-16.E01/vol_vol2/WINDOWS/system32/mui/0424/xpsp1res.dll",File,"/img_jo-2009-11-16.E01/vol_vol2/WINDOWS/system32/mui/0424/xpsp1res.dll","2009-11-08 17:55:55 EET"
"/img_jo-2009-11-16.E01/vol_vol2/WINDOWS/system32/mui/0425/xpsp1res.dll",File,"/img_jo-2009-11-16.E01/vol_vol2/WINDOWS/system32/mui/0425/xpsp1res.dll","2009-11-08 17:55:55 EET"
"/img_jo-2009-11-16.E01/vol_vol2/WINDOWS/system32/mui/0426/xpsp1res.dll",File,"/img_jo-2009-11-16.E01/vol_vol2/WINDOWS/system32/mui/0426/xpsp1res.dll","2009-11-08 17:55:55 EET"
"/img_jo-2009-11-16.E01/vol_vol2/WINDOWS/system32/mui/0427/xpsp1res.dll",File,"/img_jo-2009-11-16.E01/vol_vol2/WINDOWS/system32/mui/0427/xpsp1res.dll","2009-11-08 17:55:55 EET"
"/img_jo-2009-11-16.E01/vol_vol2/WINDOWS/system32/mui/0804/xpob2res.dll",File,"/img_jo-2009-11-16.E01/vol_vol2/WINDOWS/system32/mui/0804/xpob2res.dll","2009-11-08 17:55:55 EET"
"/img_jo-2009-11-16.E01/vol_vol2/WINDOWS/system32/mui/0816/xpob2res.dll",File,"/img_jo-2009-11-16.E01/vol_vol2/WINDOWS/system32/mui/0816/xpob2res.dll","2009-11-08 17:55:55 EET"
"/img_jo-2009-11-16.E01/vol_vol2/WINDOWS/system32/mui/0816/xpsp1res.dll",File,"/img_jo-2009-11-16.E01/vol_vol2/WINDOWS/system32/mui/0816/xpsp1res.dll","2009-11-08 17:55:55 EET"
"/img_jo-2009-11-16.E01/vol_vol2/WINDOWS/system32/mui/0C0A/xpob2res.dll",File,"/img_jo-2009-11-16.E01/vol_vol2/WINDOWS/system32/mui/0C0A/xpob2res.dll","2009-11-08 17:55:55 EET"
"/img_jo-2009-11-16.E01/vol_vol2/WINDOWS/system32/mui/0C0A/xpsp1res.dll",File,"/img_jo-2009-11-16.E01/vol_vol2/WINDOWS/system32/mui/0C0A/xpsp1res.dll","2009-11-08 17:55:55 EET"
"/img_jo-2009-11-16.E01/vol_vol2/WINDOWS/system32/en-US/ieframe.dll.mui",File,"/img_jo-2009-11-16.E01/vol_vol2/WINDOWS/system32/en-US/ieframe.dll.mui","2009-11-10 01:53:09 EET"
"/img_jo-2009-11-16.E01/vol_vol2/WINDOWS/system32/hypertrm.dll",File,"/img_jo-2009-11-16.E01/vol_vol2/WINDOWS/system32/hypertrm.dll","2009-11-09 02:20:02 EET"
"/img_jo-2009-11-16.E01/vol_vol2/WINDOWS/system32/ieframe.dll.mui",File,"/img_jo-2009-11-16.E01/vol_vol2/WINDOWS/system32/ieframe.dll.mui","2009-11-10 01:52:43 EET"
"/img_jo-2009-11-16.E01/vol_vol2/WINDOWS/system32/mspaint.exe",File,"/img_jo-2009-11-16.E01/vol_vol2/WINDOWS/system32/mspaint.exe","2009-11-11 02:13:03 EET"
"/img_jo-2009-11-16.E01/vol_vol2/WINDOWS/system32/msrating.dll",File,"/img_jo-2009-11-16.E01/vol_vol2/WINDOWS/system32/msrating.dll","2009-11-10 02:38:49 EET"
"/img_jo-2009-11-16.E01/vol_vol2/WINDOWS/system32/rcbdyctl.dll",File,"/img_jo-2009-11-16.E01/vol_vol2/WINDOWS/system32/rcbdyctl.dll","2009-11-08 17:55:55 EET"
"/img_jo-2009-11-16.E01/vol_vol2/WINDOWS/system32/regwizc.dll",File,"/img_jo-2009-11-16.E01/vol_vol2/WINDOWS/system32/regwizc.dll","2009-11-08 17:55:55 EET"
"/img_jo-2009-11-16.E01/vol_vol2/WINDOWS/system32/wsnmp32.dll",File,"/img_jo-2009-11-16.E01/vol_vol2/WINDOWS/system32/wsnmp32.dll","2009-11-08 17:55:56 EET"
"/img_jo-2009-11-16.E01/vol_vol2/WINDOWS/system32/xpob2res.dll",File,"/img_jo-2009-11-16.E01/vol_vol2/WINDOWS/system32/xpob2res.dll","2009-11-08 17:55:56 EET"
"/img_jo-2009-11-16.E01/vol_vol2/WINDOWS/system32/xpsp1res.dll",File,"/img_jo-2009-11-16.E01/vol_vol2/WINDOWS/system32/xpsp1res.dll","2009-11-08 17:55:56 EET"
"/img_jo-2009-11-16.E01/vol_vol2/WINDOWS/system32/CatRoot2/{F750E6C3-38EE-11D1-85E5-00C04FC295EE}/catdb",File,"/img_jo-2009-11-16.E01/vol_vol2/WINDOWS/system32/CatRoot2/{F750E6C3-38EE-11D1-85E5-00C04FC295EE}/catdb","2009-11-17 02:32:07 EET"
"/img_jo-2009-11-16.E01/vol_vol2/WINDOWS/system32/Com/comempty.dat",File,"/img_jo-2009-11-16.E01/vol_vol2/WINDOWS/system32/Com/comempty.dat","2009-11-09 02:20:23 EET"
"/img_jo-2009-11-16.E01/vol_vol2/WINDOWS/system32/ReinstallBackups/0000/DriverFiles/igfxrchs.lrc",File,"/img_jo-2009-11-16.E01/vol_vol2/WINDOWS/system32/ReinstallBackups/0000/DriverFiles/igfxrchs.lrc","2009-11-09 03:25:59 EET"
"/img_jo-2009-11-16.E01/vol_vol2/WINDOWS/system32/ReinstallBackups/0000/DriverFiles/igfxrenu.lrc",File,"/img_jo-2009-11-16.E01/vol_vol2/WINDOWS/system32/ReinstallBackups/0000/DriverFiles/igfxrenu.lrc","2009-11-09 03:25:59 EET"
"/img_jo-2009-11-16.E01/vol_vol2/WINDOWS/system32/ReinstallBackups/0000/DriverFiles/igfxrcht.lrc",File,"/img_jo-2009-11-16.E01/vol_vol2/WINDOWS/system32/ReinstallBackups/0000/DriverFiles/igfxrcht.lrc","2009-11-09 03:25:59 EET"
"/img_jo-2009-11-16.E01/vol_vol2/WINDOWS/system32/ReinstallBackups/0000/DriverFiles/igfxrdeu.lrc",File,"/img_jo-2009-11-16.E01/vol_vol2/WINDOWS/system32/ReinstallBackups/0000/DriverFiles/igfxrdeu.lrc","2009-11-09 03:26:00 EET"
"/img_jo-2009-11-16.E01/vol_vol2/WINDOWS/system32/ReinstallBackups/0000/DriverFiles/igfxresp.lrc",File,"/img_jo-2009-11-16.E01/vol_vol2/WINDOWS/system32/ReinstallBackups/0000/DriverFiles/igfxresp.lrc","2009-11-09 03:26:00 EET"
"/img_jo-2009-11-16.E01/vol_vol2/WINDOWS/system32/ReinstallBackups/0000/DriverFiles/igfxrfra.lrc",File,"/img_jo-2009-11-16.E01/vol_vol2/WINDOWS/system32/ReinstallBackups/0000/DriverFiles/igfxrfra.lrc","2009-11-09 03:26:00 EET"
"/img_jo-2009-11-16.E01/vol_vol2/WINDOWS/system32/ReinstallBackups/0000/DriverFiles/igfxrita.lrc",File,"/img_jo-2009-11-16.E01/vol_vol2/WINDOWS/system32/ReinstallBackups/0000/DriverFiles/igfxrita.lrc","2009-11-09 03:26:00 EET"
"/img_jo-2009-11-16.E01/vol_vol2/WINDOWS/system32/ReinstallBackups/0000/DriverFiles/igfxrjpn.lrc",File,"/img_jo-2009-11-16.E01/vol_vol2/WINDOWS/system32/ReinstallBackups/0000/DriverFiles/igfxrjpn.lrc","2009-11-09 03:26:00 EET"
"/img_jo-2009-11-16.E01/vol_vol2/WINDOWS/system32/ReinstallBackups/0000/DriverFiles/igfxrkor.lrc",File,"/img_jo-2009-11-16.E01/vol_vol2/WINDOWS/system32/ReinstallBackups/0000/DriverFiles/igfxrkor.lrc","2009-11-09 03:26:00 EET"
"/img_jo-2009-11-16.E01/vol_vol2/WINDOWS/system32/ReinstallBackups/0000/DriverFiles/igfxrptb.lrc",File,"/img_jo-2009-11-16.E01/vol_vol2/WINDOWS/system32/ReinstallBackups/0000/DriverFiles/igfxrptb.lrc","2009-11-09 03:26:00 EET"
"/img_jo-2009-11-16.E01/vol_vol2/WINDOWS/system32/ReinstallBackups/0000/DriverFiles/igfxrtha.lrc",File,"/img_jo-2009-11-16.E01/vol_vol2/WINDOWS/system32/ReinstallBackups/0000/DriverFiles/igfxrtha.lrc","2009-11-09 03:26:00 EET"
"/img_jo-2009-11-16.E01/vol_vol2/WINDOWS/system32/msrating.dll",File,"/img_jo-2009-11-16.E01/vol_vol2/WINDOWS/system32/msrating.dll","2009-11-10 02:38:49 EET"
"/img_jo-2009-11-16.E01/vol_vol2/WINDOWS/system32/igfxrchs.lrc",File,"/img_jo-2009-11-16.E01/vol_vol2/WINDOWS/system32/igfxrchs.lrc","2009-11-09 03:26:54 EET"
"/img_jo-2009-11-16.E01/vol_vol2/WINDOWS/system32/igfxrcht.lrc",File,"/img_jo-2009-11-16.E01/vol_vol2/WINDOWS/system32/igfxrcht.lrc","2009-11-09 03:26:54 EET"
"/img_jo-2009-11-16.E01/vol_vol2/WINDOWS/system32/igfxrdeu.lrc",File,"/img_jo-2009-11-16.E01/vol_vol2/WINDOWS/system32/igfxrdeu.lrc","2009-11-09 03:26:54 EET"
"/img_jo-2009-11-16.E01/vol_vol2/WINDOWS/system32/igfxrenu.lrc",File,"/img_jo-2009-11-16.E01/vol_vol2/WINDOWS/system32/igfxrenu.lrc","2009-11-09 03:26:50 EET"
"/img_jo-2009-11-16.E01/vol_vol2/WINDOWS/system32/igfxres.dll",File,"/img_jo-2009-11-16.E01/vol_vol2/WINDOWS/system32/igfxres.dll","2009-11-09 03:26:50 EET"
"/img_jo-2009-11-16.E01/vol_vol2/WINDOWS/system32/igfxresp.lrc",File,"/img_jo-2009-11-16.E01/vol_vol2/WINDOWS/system32/igfxresp.lrc","2009-11-09 03:26:54 EET"
"/img_jo-2009-11-16.E01/vol_vol2/WINDOWS/system32/igfxrfra.lrc",File,"/img_jo-2009-11-16.E01/vol_vol2/WINDOWS/system32/igfxrfra.lrc","2009-11-09 03:26:54 EET"
"/img_jo-2009-11-16.E01/vol_vol2/WINDOWS/system32/igfxrita.lrc",File,"/img_jo-2009-11-16.E01/vol_vol2/WINDOWS/system32/igfxrita.lrc","2009-11-09 03:26:55 EET"
"/img_jo-2009-11-16.E01/vol_vol2/WINDOWS/system32/igfxrjpn.lrc",File,"/img_jo-2009-11-16.E01/vol_vol2/WINDOWS/system32/igfxrjpn.lrc","2009-11-09 03:26:55 EET"
"/img_jo-2009-11-16.E01/vol_vol2/WINDOWS/system32/igfxrkor.lrc",File,"/img_jo-2009-11-16.E01/vol_vol2/WINDOWS/system32/igfxrkor.lrc","2009-11-09 03:26:55 EET"
"/img_jo-2009-11-16.E01/vol_vol2/WINDOWS/system32/igfxrptb.lrc",File,"/img_jo-2009-11-16.E01/vol_vol2/WINDOWS/system32/igfxrptb.lrc","2009-11-09 03:26:55 EET"
"/img_jo-2009-11-16.E01/vol_vol2/WINDOWS/system32/igfxrtha.lrc",File,"/img_jo-2009-11-16.E01/vol_vol2/WINDOWS/system32/igfxrtha.lrc","2009-11-09 03:26:55 EET"
"/img_jo-2009-11-16.E01/vol_vol2/WINDOWS/system32/SET217.tmp",File,"/img_jo-2009-11-16.E01/vol_vol2/WINDOWS/system32/SET217.tmp","2009-11-10 02:38:49 EET"
"/img_jo-2009-11-16.E01/vol_vol2/WINDOWS/Temp/0b8a4808-cda1-4c27-93aa-8118f2b6e887.tmp",File,"/img_jo-2009-11-16.E01/vol_vol2/WINDOWS/Temp/0b8a4808-cda1-4c27-93aa-8118f2b6e887.tmp","2009-11-16 21:05:20 EET"
"/img_jo-2009-11-16.E01/vol_vol2/WINDOWS/Temp/6406ac0b-2c7c-4e75-aa89-60b0767824f8.tmp",File,"/img_jo-2009-11-16.E01/vol_vol2/WINDOWS/Temp/6406ac0b-2c7c-4e75-aa89-60b0767824f8.tmp","2009-11-13 03:49:33 EET"
"/img_jo-2009-11-16.E01/vol_vol2/WINDOWS/Temp/82ca1387-2f5c-470e-9dc6-fbbe4571155c.tmp",File,"/img_jo-2009-11-16.E01/vol_vol2/WINDOWS/Temp/82ca1387-2f5c-470e-9dc6-fbbe4571155c.tmp","2009-11-16 21:05:39 EET"
"/img_jo-2009-11-16.E01/vol_vol2/WINDOWS/Temp/86ce5941-db49-4dde-b379-09a3e2309817.tmp",File,"/img_jo-2009-11-16.E01/vol_vol2/WINDOWS/Temp/86ce5941-db49-4dde-b379-09a3e2309817.tmp","2009-11-16 21:04:18 EET"
"/img_jo-2009-11-16.E01/vol_vol2/WINDOWS/Temp/479fbc65-1fc4-4f6d-82e4-492811b4e579.tmp",File,"/img_jo-2009-11-16.E01/vol_vol2/WINDOWS/Temp/479fbc65-1fc4-4f6d-82e4-492811b4e579.tmp","2009-11-16 21:05:19 EET"
"/img_jo-2009-11-16.E01/vol_vol2/WINDOWS/Temp/927c5c92-60d2-4dcb-81cc-d75ec6c68c94.tmp",File,"/img_jo-2009-11-16.E01/vol_vol2/WINDOWS/Temp/927c5c92-60d2-4dcb-81cc-d75ec6c68c94.tmp","2009-11-16 21:05:19 EET"
"/img_jo-2009-11-16.E01/vol_vol2/WINDOWS/Temp/94293c3c-830b-4843-a82a-06fa704b7476.tmp",File,"/img_jo-2009-11-16.E01/vol_vol2/WINDOWS/Temp/94293c3c-830b-4843-a82a-06fa704b7476.tmp","2009-11-16 21:05:19 EET"
"/img_jo-2009-11-16.E01/vol_vol2/WINDOWS/Temp/97d13290-e2dc-4f42-b4ef-fd46023ab973.tmp",File,"/img_jo-2009-11-16.E01/vol_vol2/WINDOWS/Temp/97d13290-e2dc-4f42-b4ef-fd46023ab973.tmp","2009-11-16 21:05:19 EET"
"/img_jo-2009-11-16.E01/vol_vol2/WINDOWS/Temp/99bf60b4-be7a-4a20-9eb9-d899a9754895.tmp",File,"/img_jo-2009-11-16.E01/vol_vol2/WINDOWS/Temp/99bf60b4-be7a-4a20-9eb9-d899a9754895.tmp","2009-11-16 21:05:20 EET"
"/img_jo-2009-11-16.E01/vol_vol2/WINDOWS/Temp/ea523cca-2c11-467e-b35e-2d3c8968e6cb.tmp",File,"/img_jo-2009-11-16.E01/vol_vol2/WINDOWS/Temp/ea523cca-2c11-467e-b35e-2d3c8968e6cb.tmp","2009-11-16 21:05:20 EET"
"/img_jo-2009-11-16.E01/vol_vol2/WINDOWS/Temp/29dc52f5-e8a9-4e97-8025-c52e0c573313.tmp",File,"/img_jo-2009-11-16.E01/vol_vol2/WINDOWS/Temp/29dc52f5-e8a9-4e97-8025-c52e0c573313.tmp","2009-11-16 21:05:20 EET"
"/img_jo-2009-11-16.E01/vol_vol2/WINDOWS/Temp/3a165cab-50d9-41ab-b822-60a6c3d1e4a8.tmp",File,"/img_jo-2009-11-16.E01/vol_vol2/WINDOWS/Temp/3a165cab-50d9-41ab-b822-60a6c3d1e4a8.tmp","2009-11-16 21:05:20 EET"
"/img_jo-2009-11-16.E01/vol_vol2/WINDOWS/Temp/5884c718-8bed-45b5-a8fb-2ffa134f3426.tmp",File,"/img_jo-2009-11-16.E01/vol_vol2/WINDOWS/Temp/5884c718-8bed-45b5-a8fb-2ffa134f3426.tmp","2009-11-16 21:05:20 EET"
"/img_jo-2009-11-16.E01/vol_vol2/WINDOWS/Temp/d3930d1b-6e31-4e66-9274-c949402584ef.tmp",File,"/img_jo-2009-11-16.E01/vol_vol2/WINDOWS/Temp/d3930d1b-6e31-4e66-9274-c949402584ef.tmp","2009-11-16 21:04:19 EET"
"/img_jo-2009-11-16.E01/vol_vol2/WINDOWS/Temp/df818a50-4baa-4d11-af45-62dee2a368af.tmp",File,"/img_jo-2009-11-16.E01/vol_vol2/WINDOWS/Temp/df818a50-4baa-4d11-af45-62dee2a368af.tmp","2009-11-16 21:05:39 EET"
"/img_jo-2009-11-16.E01/vol_vol2/WINDOWS/WinSxS/x86_Microsoft.VC80.MFC_1fc8b3b9a1e18e3b_8.0.50727.4053_x-ww_b77cec8e/mfc80.dll",File,"/img_jo-2009-11-16.E01/vol_vol2/WINDOWS/WinSxS/x86_Microsoft.VC80.MFC_1fc8b3b9a1e18e3b_8.0.50727.4053_x-ww_b77cec8e/mfc80.dll","2009-11-09 03:14:43 EET"
"/img_jo-2009-11-16.E01/vol_vol2/WINDOWS/WinSxS/x86_Microsoft.VC80.MFC_1fc8b3b9a1e18e3b_8.0.50727.4053_x-ww_b77cec8e/mfc80u.dll",File,"/img_jo-2009-11-16.E01/vol_vol2/WINDOWS/WinSxS/x86_Microsoft.VC80.MFC_1fc8b3b9a1e18e3b_8.0.50727.4053_x-ww_b77cec8e/mfc80u.dll","2009-11-09 03:14:42 EET"
"/img_jo-2009-11-16.E01/vol_vol2/WINDOWS/Fonts/arialbi.ttf",File,"/img_jo-2009-11-16.E01/vol_vol2/WINDOWS/Fonts/arialbi.ttf","2009-11-08 17:55:52 EET"
"/img_jo-2009-11-16.E01/vol_vol2/WINDOWS/Fonts/comicbd.ttf",File,"/img_jo-2009-11-16.E01/vol_vol2/WINDOWS/Fonts/comicbd.ttf","2009-11-08 17:55:52 EET"
"/img_jo-2009-11-16.E01/vol_vol2/WINDOWS/Fonts/cour.ttf",File,"/img_jo-2009-11-16.E01/vol_vol2/WINDOWS/Fonts/cour.ttf","2009-11-08 17:55:52 EET"
"/img_jo-2009-11-16.E01/vol_vol2/WINDOWS/Fonts/courbd.ttf",File,"/img_jo-2009-11-16.E01/vol_vol2/WINDOWS/Fonts/courbd.ttf","2009-11-08 17:55:52 EET"
"/img_jo-2009-11-16.E01/vol_vol2/WINDOWS/Fonts/courbi.ttf",File,"/img_jo-2009-11-16.E01/vol_vol2/WINDOWS/Fonts/courbi.ttf","2009-11-08 17:55:52 EET"
"/img_jo-2009-11-16.E01/vol_vol2/WINDOWS/Fonts/lucon.ttf",File,"/img_jo-2009-11-16.E01/vol_vol2/WINDOWS/Fonts/lucon.ttf","2009-11-08 17:55:52 EET"
"/img_jo-2009-11-16.E01/vol_vol2/WINDOWS/Fonts/l_10646.ttf",File,"/img_jo-2009-11-16.E01/vol_vol2/WINDOWS/Fonts/l_10646.ttf","2009-11-08 17:55:52 EET"
"/img_jo-2009-11-16.E01/vol_vol2/WINDOWS/Fonts/pala.ttf",File,"/img_jo-2009-11-16.E01/vol_vol2/WINDOWS/Fonts/pala.ttf","2009-11-08 17:55:52 EET"
"/img_jo-2009-11-16.E01/vol_vol2/WINDOWS/Fonts/palab.ttf",File,"/img_jo-2009-11-16.E01/vol_vol2/WINDOWS/Fonts/palab.ttf","2009-11-08 17:55:52 EET"
"/img_jo-2009-11-16.E01/vol_vol2/WINDOWS/Fonts/palabi.ttf",File,"/img_jo-2009-11-16.E01/vol_vol2/WINDOWS/Fonts/palabi.ttf","2009-11-08 17:55:52 EET"
"/img_jo-2009-11-16.E01/vol_vol2/WINDOWS/Fonts/palai.ttf",File,"/img_jo-2009-11-16.E01/vol_vol2/WINDOWS/Fonts/palai.ttf","2009-11-08 17:55:52 EET"
"/img_jo-2009-11-16.E01/vol_vol2/WINDOWS/Fonts/symbol.ttf",File,"/img_jo-2009-11-16.E01/vol_vol2/WINDOWS/Fonts/symbol.ttf","2009-11-08 17:55:52 EET"
"/img_jo-2009-11-16.E01/vol_vol2/WINDOWS/Fonts/timesbi.ttf",File,"/img_jo-2009-11-16.E01/vol_vol2/WINDOWS/Fonts/timesbi.ttf","2009-11-08 17:55:52 EET"
"/img_jo-2009-11-16.E01/vol_vol2/WINDOWS/Fonts/timesi.ttf",File,"/img_jo-2009-11-16.E01/vol_vol2/WINDOWS/Fonts/timesi.ttf","2009-11-08 17:55:52 EET"
"/img_jo-2009-11-16.E01/vol_vol2/WINDOWS/Fonts/trebucbd.ttf",File,"/img_jo-2009-11-16.E01/vol_vol2/WINDOWS/Fonts/trebucbd.ttf","2009-11-08 17:55:52 EET"
"/img_jo-2009-11-16.E01/vol_vol2/WINDOWS/Fonts/trebucbi.ttf",File,"/img_jo-2009-11-16.E01/vol_vol2/WINDOWS/Fonts/trebucbi.ttf","2009-11-08 17:55:52 EET"
"/img_jo-2009-11-16.E01/vol_vol2/WINDOWS/Fonts/trebucit.ttf",File,"/img_jo-2009-11-16.E01/vol_vol2/WINDOWS/Fonts/trebucit.ttf","2009-11-08 17:55:52 EET"
"/img_jo-2009-11-16.E01/vol_vol2/WINDOWS/Fonts/verdanab.ttf",File,"/img_jo-2009-11-16.E01/vol_vol2/WINDOWS/Fonts/verdanab.ttf","2009-11-08 17:55:52 EET"
"/img_jo-2009-11-16.E01/vol_vol2/WINDOWS/Fonts/verdanai.ttf",File,"/img_jo-2009-11-16.E01/vol_vol2/WINDOWS/Fonts/verdanai.ttf","2009-11-08 17:55:52 EET"
"/img_jo-2009-11-16.E01/vol_vol2/WINDOWS/Fonts/verdanaz.ttf",File,"/img_jo-2009-11-16.E01/vol_vol2/WINDOWS/Fonts/verdanaz.ttf","2009-11-08 17:55:52 EET"
"/img_jo-2009-11-16.E01/vol_vol2/WINDOWS/Fonts/webdings.ttf",File,"/img_jo-2009-11-16.E01/vol_vol2/WINDOWS/Fonts/webdings.ttf","2009-11-08 17:55:52 EET"
"/img_jo-2009-11-16.E01/vol_vol2/WINDOWS/Fonts/wingding.ttf",File,"/img_jo-2009-11-16.E01/vol_vol2/WINDOWS/Fonts/wingding.ttf","2009-11-08 17:55:52 EET"
"/img_jo-2009-11-16.E01/vol_vol2/WINDOWS/Fonts/couri.ttf",File,"/img_jo-2009-11-16.E01/vol_vol2/WINDOWS/Fonts/couri.ttf","2009-11-08 17:55:52 EET"
"/img_jo-2009-11-16.E01/vol_vol2/WINDOWS/Fonts/ariali.ttf",File,"/img_jo-2009-11-16.E01/vol_vol2/WINDOWS/Fonts/ariali.ttf","2009-11-08 17:55:52 EET"
"/img_jo-2009-11-16.E01/vol_vol2/WINDOWS/Fonts/sylfaen.ttf",File,"/img_jo-2009-11-16.E01/vol_vol2/WINDOWS/Fonts/sylfaen.ttf","2009-11-08 17:55:52 EET"
"/img_jo-2009-11-16.E01/vol_vol2/WINDOWS/Fonts/estre.ttf",File,"/img_jo-2009-11-16.E01/vol_vol2/WINDOWS/Fonts/estre.ttf","2009-11-08 17:55:52 EET"
"/img_jo-2009-11-16.E01/vol_vol2/WINDOWS/Fonts/georgiab.ttf",File,"/img_jo-2009-11-16.E01/vol_vol2/WINDOWS/Fonts/georgiab.ttf","2009-11-08 17:55:52 EET"
"/img_jo-2009-11-16.E01/vol_vol2/WINDOWS/Fonts/georgiai.ttf",File,"/img_jo-2009-11-16.E01/vol_vol2/WINDOWS/Fonts/georgiai.ttf","2009-11-08 17:55:52 EET"
"/img_jo-2009-11-16.E01/vol_vol2/WINDOWS/Fonts/georgiaz.ttf",File,"/img_jo-2009-11-16.E01/vol_vol2/WINDOWS/Fonts/georgiaz.ttf","2009-11-08 17:55:52 EET"
"/img_jo-2009-11-16.E01/vol_vol2/WINDOWS/Help/apps.chm",File,"/img_jo-2009-11-16.E01/vol_vol2/WINDOWS/Help/apps.chm","2009-11-08 17:55:53 EET"
"/img_jo-2009-11-16.E01/vol_vol2/WINDOWS/Help/conf.chm",File,"/img_jo-2009-11-16.E01/vol_vol2/WINDOWS/Help/conf.chm","2009-11-09 02:24:50 EET"
"/img_jo-2009-11-16.E01/vol_vol2/WINDOWS/Help/Glossary.chm",File,"/img_jo-2009-11-16.E01/vol_vol2/WINDOWS/Help/Glossary.chm","2009-11-08 17:55:53 EET"
"/img_jo-2009-11-16.E01/vol_vol2/WINDOWS/Help/mail.chm",File,"/img_jo-2009-11-16.E01/vol_vol2/WINDOWS/Help/mail.chm","2009-11-08 17:55:53 EET"
"/img_jo-2009-11-16.E01/vol_vol2/WINDOWS/Help/netcfg.chm",File,"/img_jo-2009-11-16.E01/vol_vol2/WINDOWS/Help/netcfg.chm","2009-11-08 17:55:53 EET"
"/img_jo-2009-11-16.E01/vol_vol2/WINDOWS/Help/ntcmds.chm",File,"/img_jo-2009-11-16.E01/vol_vol2/WINDOWS/Help/ntcmds.chm","2009-11-08 17:55:53 EET"
"/img_jo-2009-11-16.E01/vol_vol2/WINDOWS/Help/supp_ed.chm",File,"/img_jo-2009-11-16.E01/vol_vol2/WINDOWS/Help/supp_ed.chm","2009-11-08 17:55:53 EET"
"/img_jo-2009-11-16.E01/vol_vol2/WINDOWS/Help/wschelp.chm",File,"/img_jo-2009-11-16.E01/vol_vol2/WINDOWS/Help/wschelp.chm","2009-11-08 17:55:53 EET"
"/img_jo-2009-11-16.E01/vol_vol2/WINDOWS/ie8/iesupp.chm",File,"/img_jo-2009-11-16.E01/vol_vol2/WINDOWS/ie8/iesupp.chm","2009-11-10 01:53:49 EET"
"/img_jo-2009-11-16.E01/vol_vol2/WINDOWS/ie8/iexplore.chm",File,"/img_jo-2009-11-16.E01/vol_vol2/WINDOWS/ie8/iexplore.chm","2009-11-10 01:53:49 EET"
"/img_jo-2009-11-16.E01/vol_vol2/WINDOWS/ie8/msrating.dll",File,"/img_jo-2009-11-16.E01/vol_vol2/WINDOWS/ie8/msrating.dll","2009-11-10 01:53:49 EET"
"/img_jo-2009-11-16.E01/vol_vol2/WINDOWS/ie8/mshtml.dll",File,"/img_jo-2009-11-16.E01/vol_vol2/WINDOWS/ie8/mshtml.dll","2009-11-10 01:53:49 EET"
"/img_jo-2009-11-16.E01/vol_vol2/WINDOWS/inf/IEM/0409/inetset.iem",File,"/img_jo-2009-11-16.E01/vol_vol2/WINDOWS/inf/IEM/0409/inetset.iem","2009-11-10 01:52:22 EET"
"/img_jo-2009-11-16.E01/vol_vol2/WINDOWS/inf/inetset.adm",File,"/img_jo-2009-11-16.E01/vol_vol2/WINDOWS/inf/inetset.adm","2009-11-08 17:55:53 EET"
"/img_jo-2009-11-16.E01/vol_vol2/WINDOWS/Installer/4039a.msi",File,"/img_jo-2009-11-16.E01/vol_vol2/WINDOWS/Installer/4039a.msi","2009-11-09 02:41:43 EET"
"/img_jo-2009-11-16.E01/vol_vol2/WINDOWS/repair/software",File,"/img_jo-2009-11-16.E01/vol_vol2/WINDOWS/repair/software","2009-11-09 02:36:25 EET"
"/img_jo-2009-11-16.E01/vol_vol2/WINDOWS/Drivers/Intel/Graphics/win2000/igfxrchs.lrc",File,"/img_jo-2009-11-16.E01/vol_vol2/WINDOWS/Drivers/Intel/Graphics/win2000/igfxrchs.lrc","2009-11-09 03:25:25 EET"
"/img_jo-2009-11-16.E01/vol_vol2/WINDOWS/Drivers/Intel/Graphics/win2000/igfxrcht.lrc",File,"/img_jo-2009-11-16.E01/vol_vol2/WINDOWS/Drivers/Intel/Graphics/win2000/igfxrcht.lrc","2009-11-09 03:25:25 EET"
"/img_jo-2009-11-16.E01/vol_vol2/WINDOWS/Drivers/Intel/Graphics/win2000/igfxrdeu.lrc",File,"/img_jo-2009-11-16.E01/vol_vol2/WINDOWS/Drivers/Intel/Graphics/win2000/igfxrdeu.lrc","2009-11-09 03:25:25 EET"
"/img_jo-2009-11-16.E01/vol_vol2/WINDOWS/Drivers/Intel/Graphics/win2000/igfxrenu.lrc",File,"/img_jo-2009-11-16.E01/vol_vol2/WINDOWS/Drivers/Intel/Graphics/win2000/igfxrenu.lrc","2009-11-09 03:25:25 EET"
"/img_jo-2009-11-16.E01/vol_vol2/WINDOWS/Drivers/Intel/Graphics/win2000/igfxresp.lrc",File,"/img_jo-2009-11-16.E01/vol_vol2/WINDOWS/Drivers/Intel/Graphics/win2000/igfxresp.lrc","2009-11-09 03:25:25 EET"
"/img_jo-2009-11-16.E01/vol_vol2/WINDOWS/Drivers/Intel/Graphics/win2000/igfxrfra.lrc",File,"/img_jo-2009-11-16.E01/vol_vol2/WINDOWS/Drivers/Intel/Graphics/win2000/igfxrfra.lrc","2009-11-09 03:25:25 EET"
"/img_jo-2009-11-16.E01/vol_vol2/WINDOWS/Drivers/Intel/Graphics/win2000/igfxrita.lrc",File,"/img_jo-2009-11-16.E01/vol_vol2/WINDOWS/Drivers/Intel/Graphics/win2000/igfxrita.lrc","2009-11-09 03:25:25 EET"
"/img_jo-2009-11-16.E01/vol_vol2/WINDOWS/Drivers/Intel/Graphics/win2000/igfxrjpn.lrc",File,"/img_jo-2009-11-16.E01/vol_vol2/WINDOWS/Drivers/Intel/Graphics/win2000/igfxrjpn.lrc","2009-11-09 03:25:25 EET"
"/img_jo-2009-11-16.E01/vol_vol2/WINDOWS/Drivers/Intel/Graphics/win2000/igfxrkor.lrc",File,"/img_jo-2009-11-16.E01/vol_vol2/WINDOWS/Drivers/Intel/Graphics/win2000/igfxrkor.lrc","2009-11-09 03:25:25 EET"
"/img_jo-2009-11-16.E01/vol_vol2/WINDOWS/Drivers/Intel/Graphics/win2000/igfxrptb.lrc",File,"/img_jo-2009-11-16.E01/vol_vol2/WINDOWS/Drivers/Intel/Graphics/win2000/igfxrptb.lrc","2009-11-09 03:25:25 EET"
"/img_jo-2009-11-16.E01/vol_vol2/WINDOWS/Drivers/Intel/Graphics/win2000/igfxrtha.lrc",File,"/img_jo-2009-11-16.E01/vol_vol2/WINDOWS/Drivers/Intel/Graphics/win2000/igfxrtha.lrc","2009-11-09 03:25:25 EET"
"/img_jo-2009-11-16.E01/vol_vol2/WINDOWS/$NtUninstallKB969059$/query.dll",File,"/img_jo-2009-11-16.E01/vol_vol2/WINDOWS/$NtUninstallKB969059$/query.dll","2009-11-10 01:59:38 EET"
"/img_jo-2009-11-16.E01/vol_vol2/$Unalloc/Unalloc_51621_1211031040_4017106432",File,"/img_jo-2009-11-16.E01/vol_vol2/$Unalloc/Unalloc_51621_1211031040_4017106432",
"/img_jo-2009-11-16.E01/vol_vol2/$Unalloc/Unalloc_51621_4848045568_7276531200",File,"/img_jo-2009-11-16.E01/vol_vol2/$Unalloc/Unalloc_51621_4848045568_7276531200",
"/img_jo-2009-11-16.E01/vol_vol2/$Unalloc/Unalloc_51621_8372837888_9600323072",File,"/img_jo-2009-11-16.E01/vol_vol2/$Unalloc/Unalloc_51621_8372837888_9600323072",
"/img_jo-2009-11-16.E01/vol_vol2/pagefile.sys",File,"/img_jo-2009-11-16.E01/vol_vol2/pagefile.sys","2009-11-13 06:48:59 EET"
"/img_jo-2009-11-16.E01/vol_vol2/Python26/Lib/email/test/data/msg_43.txt/attachment1581193962",File,"/img_jo-2009-11-16.E01/vol_vol2/Python26/Lib/email/test/data/msg_43.txt/attachment1581193962",
"/img_jo-2009-11-16.E01/vol_vol2/Python26/Lib/email/test/data/msg_43.txt/attachment1176665759",File,"/img_jo-2009-11-16.E01/vol_vol2/Python26/Lib/email/test/data/msg_43.txt/attachment1176665759",
